﻿load.started,load.stopped,Sona ID,Participant ID,Session,date,expName,psychopyVersion,OS,frameRate,cvmtInstr.started,cvmtInstr.stopped,cvmtTaskInstr.started,cvmtTaskInstr.stopped,presentDesign.started,presentDesign.stopped,cvmt_key_resp.keys,cvmt_key_resp.corr,cvmtNoResp.started,cvmtNoResp.stopped,cvmt_key_resp2.keys,cvmt_key_resp2.corr,cvmt_key_resp2.rt,cvmt_key_resp2.duration,cvmtSampleFB.started,cvmtSampleFB.stopped,key_resp_15.keys,key_resp_15.rt,key_resp_15.duration,cvmtSampleFBFinal.started,cvmtSampleFBFinal.stopped,cvmt_final_samp_fb_key_resp.keys,cvmtTrials.thisRepN,cvmtTrials.thisTrialN,cvmtTrials.thisN,cvmtTrials.thisIndex,cvmtTrials.ran,cvmt_design,old_or_new,cvmt_key_resp.rt,cvmt_key_resp.duration
0.0002,0.0104,115012,072,1,2024-03-07_12h33.54.503,Memory and Syntax,2023.2.3,Win32,60.24096386,,,,,,,,,,,,,,,,,,,,,,,,,,,,,,,
,,115012,072,1,2024-03-07_12h33.54.503,Memory and Syntax,2023.2.3,Win32,60.24096386,0.0297,4.7163,4.7275,5.2795,5.3301,7.2978,,0,7.3,9.0642,o,0,1.7367,,9.0664,11.3636,c,2.2652,,11.3655,11.3712,,0,0,0,0,1,cvmt/sample/s1.jpg,n,,
,,115012,072,1,2024-03-07_12h33.54.503,Memory and Syntax,2023.2.3,Win32,60.24096386,,,,,11.3767,13.3814,o,0,13.3834,13.3909,,0,,,13.3926,17.5314,c,4.1204,,17.533,17.5366,,0,1,1,1,1,cvmt/sample/s2.jpg,n,1.3989,
,,115012,072,1,2024-03-07_12h33.54.503,Memory and Syntax,2023.2.3,Win32,60.24096386,,,,,17.5547,19.5435,o,1,19.5453,19.5517,,0,,,19.5535,22.5806,c,3.0025,,22.5829,22.5873,,0,2,2,2,1,cvmt/sample/s3.jpg,o,0.3178,
,,115012,072,1,2024-03-07_12h33.54.503,Memory and Syntax,2023.2.3,Win32,60.24096386,,,,,22.6037,24.5979,n,1,24.6005,24.6073,,0,,,24.609,24.6143,,,,24.6158,24.6185,,0,3,3,3,1,cvmt/sample/s4.jpg,n,1.4897,
,,115012,072,1,2024-03-07_12h33.54.503,Memory and Syntax,2023.2.3,Win32,60.24096386,,,,,24.6216,26.6232,n,1,26.625,26.6284,,0,,,26.63,26.634,,,,26.6361,26.6396,,0,4,4,4,1,cvmt/sample/s5.jpg,n,0.0858,