﻿load.started,load.stopped,Sona ID,Participant ID,Session,date,expName,psychopyVersion,OS,frameRate,cvmtInstr.started,cvmtInstr.stopped,cvmtTaskInstr.started,cvmtTaskInstr.stopped,presentDesign.started,presentDesign.stopped,cvmt_key_resp.keys,cvmt_key_resp.corr,cvmt_key_resp.rt,cvmt_key_resp.duration,cvmtNoResp.started,cvmtNoResp.stopped,cvmt_key_resp2.keys,cvmt_key_resp2.corr,cvmtSampleFB.started,cvmtSampleFB.stopped,key_resp_15.keys,cvmtSampleFBFinal.started,cvmtSampleFBFinal.stopped,cvmt_final_samp_fb_key_resp.keys,cvmtTrials.thisRepN,cvmtTrials.thisTrialN,cvmtTrials.thisN,cvmtTrials.thisIndex,cvmtTrials.ran,cvmt_design,old_or_new,key_resp_15.rt,key_resp_15.duration,cvmt_key_resp2.rt,cvmt_key_resp2.duration,cvmt_final_samp_fb_key_resp.rt,cvmt_final_samp_fb_key_resp.duration
0.0002,0.181,149,149,1,2024-02-21_19h34.35.109,Memory and Syntax,2023.2.3,Win32,60.24096386,,,,,,,,,,,,,,,,,,,,,,,,,,,,,,,,,
,,149,149,1,2024-02-21_19h34.35.109,Memory and Syntax,2023.2.3,Win32,60.24096386,0.1931,27.7321,27.7367,34.9473,34.9865,36.9632,n,1,1.4085,,36.9635,36.9656,,0,36.9659,36.967,,36.9674,36.9684,,0,0,0,0,1,cvmt/sample/s1.jpg,n,,,,,,
,,149,149,1,2024-02-21_19h34.35.109,Memory and Syntax,2023.2.3,Win32,60.24096386,,,,,36.9694,38.963,n,1,1.0931,,38.9633,38.964,,0,38.9643,38.9651,,38.9654,38.966,,0,1,1,1,1,cvmt/sample/s2.jpg,n,,,,,,
,,149,149,1,2024-02-21_19h34.35.109,Memory and Syntax,2023.2.3,Win32,60.24096386,,,,,38.9669,40.963,n,0,1.3171,,40.9633,40.9639,,0,40.9642,44.1631,c,44.1633,44.1647,,0,2,2,2,1,cvmt/sample/s3.jpg,o,3.1862,,,,,
,,149,149,1,2024-02-21_19h34.35.109,Memory and Syntax,2023.2.3,Win32,60.24096386,,,,,44.1704,46.1629,n,1,1.1868,,46.1633,46.1639,,0,46.1642,46.1656,,46.1659,46.1665,,0,3,3,3,1,cvmt/sample/s4.jpg,n,,,,,,
,,149,149,1,2024-02-21_19h34.35.109,Memory and Syntax,2023.2.3,Win32,60.24096386,,,,,46.1674,48.1629,n,1,1.2059,,48.1634,48.1642,,0,48.1645,48.1654,,48.1657,48.1664,,0,4,4,4,1,cvmt/sample/s5.jpg,n,,,,,,
,,149,149,1,2024-02-21_19h34.35.109,Memory and Syntax,2023.2.3,Win32,60.24096386,,,,,48.1673,50.163,n,1,1.7369,,50.1633,50.164,,0,50.1643,50.165,,50.1652,50.1659,,0,5,5,5,1,cvmt/sample/s6.jpg,n,,,,,,
,,149,149,1,2024-02-21_19h34.35.109,Memory and Syntax,2023.2.3,Win32,60.24096386,,,,,50.1668,52.1629,o,1,1.0226,,52.1633,52.1639,,0,52.1642,52.165,,52.1652,52.1658,,0,6,6,6,1,cvmt/sample/s7.jpg,o,,,,,,
,,149,149,1,2024-02-21_19h34.35.109,Memory and Syntax,2023.2.3,Win32,60.24096386,,,,,52.1668,54.1629,n,1,1.4312,,54.1632,54.1638,,0,54.1642,54.1649,,54.1652,54.1658,,0,7,7,7,1,cvmt/sample/s8.jpg,n,,,,,,
,,149,149,1,2024-02-21_19h34.35.109,Memory and Syntax,2023.2.3,Win32,60.24096386,,,,,54.1667,56.1629,,0,,,56.1632,56.3296,o,0,56.3298,58.5296,c,58.5301,58.5308,,0,8,8,8,1,cvmt/sample/s9.jpg,n,2.1819,,0.1576,,,
,,149,149,1,2024-02-21_19h34.35.109,Memory and Syntax,2023.2.3,Win32,60.24096386,,,,,58.5318,60.5296,n,1,1.7722,,60.53,60.5306,,0,60.5309,69.8461,c,69.8464,69.8478,,0,9,9,9,1,cvmt/sample/s10.jpg,n,9.3038,,,,,
,,149,149,1,2024-02-21_19h34.35.109,Memory and Syntax,2023.2.3,Win32,60.24096386,,,,,69.8535,71.8461,n,0,1.4817,,71.8464,71.847,,0,71.8473,74.8628,c,74.8631,78.796,r,0,10,10,10,1,cvmt/sample/s11.jpg,o,3.011,,,,3.9137,
,,149,149,1,2024-02-21_19h34.35.109,Memory and Syntax,2023.2.3,Win32,60.24096386,,,,,78.8019,80.796,,0,,,80.7963,80.9793,o,0,80.9796,83.3293,c,83.3296,83.3308,,1,0,11,0,1,cvmt/sample/s1.jpg,n,2.3298,,0.1668,,,
,,149,149,1,2024-02-21_19h34.35.109,Memory and Syntax,2023.2.3,Win32,60.24096386,,,,,83.3318,85.3292,o,0,1.1284,,85.3296,85.3302,,0,85.3305,89.6794,c,89.6797,89.6814,,1,1,12,1,1,cvmt/sample/s2.jpg,n,4.3461,,,,,
,,149,149,1,2024-02-21_19h34.35.109,Memory and Syntax,2023.2.3,Win32,60.24096386,,,,,89.6882,91.6792,,0,,,91.6796,91.6802,,0,91.6805,91.6817,,91.682,91.6826,,1,2,13,2,1,cvmt/sample/s3.jpg,o,,,,,,