﻿session,mem_test_reps,cvmt,cvmtP1_reps,cvmtP2_reps,asrt,crtt,cspan,english_ajt_reps,brocanto_learn_reps,brocanto_gjt_reps,sentence,img,audio_sent,experimentFlow.thisRepN,experimentFlow.thisTrialN,experimentFlow.thisN,experimentFlow.thisIndex,memoryTests.thisRepN,memoryTests.thisTrialN,memoryTests.thisN,memoryTests.thisIndex,engAJT_block.thisRepN,engAJT_block.thisTrialN,engAJT_block.thisN,engAJT_block.thisIndex,brocantoLearnPrax.thisRepN,brocantoLearnPrax.thisTrialN,brocantoLearnPrax.thisN,brocantoLearnPrax.thisIndex,vocabPhase.thisRepN,vocabPhase.thisTrialN,vocabPhase.thisN,vocabPhase.thisIndex,sentLearnPhase.thisRepN,sentLearnPhase.thisTrialN,sentLearnPhase.thisN,sentLearnPhase.thisIndex,sentLearnTrials.thisRepN,sentLearnTrials.thisTrialN,sentLearnTrials.thisN,sentLearnTrials.thisIndex,thisRow.t,notes,load.started,load.stopped,brocantoIntro.started,brocanto_story.started,start_brocanto.started,progress_bar1_3.started,progress_bar2_3.started,progress_bar_txt_3.started,brocantoIntro.stopped,sentLearnInstr.started,sent_learn_instr_text.started,sent_learn_begin.started,progress_bar1_11.started,progress_bar2_11.started,progress_bar_txt_11.started,sentLearnInstr.stopped,sentenceLearnTrial.started,progress_bar1_12.started,progress_bar2_12.started,progress_bar_txt_12.started,sentence_audio.started,sent_learn_img.started,sent_text.started,sent_learn_img.stopped,sent_text.stopped,progress_bar1_12.stopped,progress_bar2_12.stopped,progress_bar_txt_12.stopped,sentenceLearnTrial.stopped,attentionCheck.started,attention_check_text.started,attn_chk_key_resp.started,progress_bar1_23.started,progress_bar2_23.started,progress_bar_txt_23.started,attentionCheck.stopped,attn_chk_key_resp.keys,attn_chk_key_resp.corr,attn_chk_key_resp.rt,attn_chk_key_resp.duration,Sona ID,Participant ID,Session,date,expName,psychopyVersion,frameRate,expStart,
1,0,0,0,0,0,0,0,0,1,0,yab lu pleck lu blom,brocanto/stims/img/sentence38.png,brocanto/stims/audio/yab_lu_pleck_lu_blom_1.wav,0,0,0,0,,,,,,,,,0,0,0,0,,,,,0,0,0,0,0,0,0,0,1.3241794999994454,,0.001799199999368284,0.0018591000007290859,0.008567600001697429,0.015062200000102166,0.015062200000102166,0.015062200000102166,0.015062200000102166,0.015062200000102166,0.7734390000005078,0.7738131000005524,0.779818000002706,0.779818000002706,0.779818000002706,0.779818000002706,0.779818000002706,1.2644154000008712,1.2704365000026883,1.3241794999994454,1.3241794999994454,1.3241794999994454,1.8273196600013761,1.8456012999995437,1.8456012999995437,8.651360700001533,8.651360700001533,8.651360700001533,8.651360700001533,8.651360700001533,8.627668100001756,,,,,,,,,,,,1,001,1,2024-02-02_16h59.11.019,Memory and Syntax,2023.2.3,167.4329514785919,2024-02-02 17h00.36.435738 -0800,
1,0,0,0,0,0,0,0,0,1,0,gop lu blom lu vode,brocanto/stims/img/sentence127.png,brocanto/stims/audio/gop_lu_blom_lu_vode_2.wav,0,0,0,0,,,,,,,,,0,0,0,0,,,,,0,0,0,0,0,1,1,1,8.651360700001533,,,,,,,,,,,,,,,,,,8.628026900001714,8.651360700001533,8.651360700001533,8.651360700001533,9.1302812599999,9.148579799999425,9.148579799999425,15.842108700002427,15.842108700002427,15.842108700002427,15.842108700002427,15.842108700002427,15.827495100002125,,,,,,,,,,,,1,001,1,2024-02-02_16h59.11.019,Memory and Syntax,2023.2.3,167.4329514785919,2024-02-02 17h00.36.435738 -0800,
1,0,0,0,0,0,0,0,0,1,0,lu neimo zayma li,brocanto/stims/img/sentence108.png,brocanto/stims/audio/lu_neimo_zayma_li_2.wav,0,0,0,0,,,,,,,,,0,0,0,0,,,,,0,0,0,0,0,2,2,2,15.842108700002427,,,,,,,,,,,,,,,,,,15.827793799999199,15.842108700002427,15.842108700002427,15.842108700002427,16.342096060000767,16.381852099999378,16.381852099999378,23.094785299999785,23.094785299999785,23.094785299999785,23.094785299999785,23.094785299999785,23.08182400000078,,,,,,,,,,,,1,001,1,2024-02-02_16h59.11.019,Memory and Syntax,2023.2.3,167.4329514785919,2024-02-02 17h00.36.435738 -0800,
1,0,0,0,0,0,0,0,0,1,0,lu blom nim li,brocanto/stims/img/sentence33.png,brocanto/stims/audio/lu_blom_nim_li_1.wav,0,0,0,0,,,,,,,,,0,0,0,0,,,,,0,0,0,0,0,3,3,3,23.094785299999785,,,,,,,,,,,,,,,,,,23.08217650000006,23.094785299999785,23.094785299999785,23.094785299999785,23.578473160002613,23.596822800001974,23.596822800001974,30.373738700000104,30.373738700000104,30.373738700000104,30.373738700000104,30.373738700000104,30.35450480000145,,,,,,,,,,,,1,001,1,2024-02-02_16h59.11.019,Memory and Syntax,2023.2.3,167.4329514785919,2024-02-02 17h00.36.435738 -0800,
1,0,0,0,0,0,0,0,0,1,0,lu vode praz li,brocanto/stims/img/sentence70.png,brocanto/stims/audio/lu_vode_praz_li_2.wav,0,0,0,0,,,,,,,,,0,0,0,0,,,,,0,0,0,0,0,4,4,4,30.373738700000104,,,,,,,,,,,,,,,,,,30.3548023000003,30.373738700000104,30.373738700000104,30.373738700000104,30.859455659999366,30.87515020000137,30.87515020000137,37.57364880000023,37.57364880000023,37.57364880000023,37.57364880000023,37.57364880000023,37.554378000000725,,,,,,,,,,,,1,001,1,2024-02-02_16h59.11.019,Memory and Syntax,2023.2.3,167.4329514785919,2024-02-02 17h00.36.435738 -0800,
1,0,0,0,0,0,0,0,0,1,0,yab lu vode lu pleck,brocanto/stims/img/sentence52.png,brocanto/stims/audio/yab_lu_vode_lu_pleck_2.wav,0,0,0,0,,,,,,,,,0,0,0,0,,,,,0,0,0,0,0,5,5,5,37.57364880000023,,,,,,,,,,,,,,,,,,37.554753000000346,37.57364880000023,37.57364880000023,37.57364880000023,38.056820360000714,38.075322900000174,38.075322900000174,44.895817000000534,44.895817000000534,44.895817000000534,44.895817000000534,44.895817000000534,44.86929240000245,,,,,,,,,,,,1,001,1,2024-02-02_16h59.11.019,Memory and Syntax,2023.2.3,167.4329514785919,2024-02-02 17h00.36.435738 -0800,
1,0,0,0,0,0,0,0,0,1,0,noyka lu neep lu neimo,brocanto/stims/img/sentence82.png,brocanto/stims/audio/noyka_lu_neep_lu_neimo_2.wav,0,0,0,0,,,,,,,,,0,0,0,0,,,,,0,0,0,0,0,6,6,6,44.895817000000534,,,,,,,,,,,,,,,,,,44.86952780000138,44.895817000000534,44.895817000000534,44.895817000000534,45.37766996000137,45.396121000001585,45.396121000001585,52.08443780000016,52.08443780000016,52.08443780000016,52.08443780000016,52.08443780000016,52.069028800000524,,,,,,,,,,,,1,001,1,2024-02-02_16h59.11.019,Memory and Syntax,2023.2.3,167.4329514785919,2024-02-02 17h00.36.435738 -0800,
1,0,0,0,0,0,0,0,0,1,0,lu neimo praz li,brocanto/stims/img/sentence72.png,brocanto/stims/audio/lu_neimo_praz_li_1.wav,0,0,0,0,,,,,,,,,0,0,0,0,,,,,1,0,1,0,0,0,0,0,56.206895400002395,,,,,,,,,,,,,,,,,,56.18452470000193,56.206895400002395,56.206895400002395,56.206895400002395,56.73512926000258,56.75359550000212,56.75359550000212,63.446791099999245,63.446791099999245,63.446791099999245,63.446791099999245,63.446791099999245,63.43235650000133,52.06915719999961,52.08443780000016,52.08443780000016,52.08443780000016,52.08443780000016,52.08443780000016,56.17810380000083,v,1,4.0885701999977755,None,1,001,1,2024-02-02_16h59.11.019,Memory and Syntax,2023.2.3,167.4329514785919,2024-02-02 17h00.36.435738 -0800,
1,0,0,0,0,0,0,0,0,1,0,lu neep gop li,brocanto/stims/img/sentence110.png,brocanto/stims/audio/lu_neep_gop_li_1.wav,0,0,0,0,,,,,,,,,0,0,0,0,,,,,1,0,1,0,0,1,1,1,63.446791099999245,,,,,,,,,,,,,,,,,,63.432651900002384,63.446791099999245,63.446791099999245,63.446791099999245,63.9288812600018,63.94733970000016,63.94733970000016,70.71217210000032,70.71217210000032,70.71217210000032,70.71217210000032,70.71217210000032,70.6988448000011,,,,,,,,,,,,1,001,1,2024-02-02_16h59.11.019,Memory and Syntax,2023.2.3,167.4329514785919,2024-02-02 17h00.36.435738 -0800,
1,0,0,0,0,0,0,0,0,1,0,lu neep praz li,brocanto/stims/img/sentence68.png,brocanto/stims/audio/lu_neep_praz_li_1.wav,0,0,0,0,,,,,,,,,0,0,0,0,,,,,1,0,1,0,0,2,2,2,70.71217210000032,,,,,,,,,,,,,,,,,,70.69908020000003,70.71217210000032,70.71217210000032,70.71217210000032,71.19530435999987,71.21382430000085,71.21382430000085,77.90022210000097,77.90022210000097,77.90022210000097,77.90022210000097,77.90022210000097,77.88668250000046,,,,,,,,,,,,1,001,1,2024-02-02_16h59.11.019,Memory and Syntax,2023.2.3,167.4329514785919,2024-02-02 17h00.36.435738 -0800,
1,0,0,0,0,0,0,0,0,1,0,lu pleck gop li,brocanto/stims/img/sentence109.png,brocanto/stims/audio/lu_pleck_gop_li_1.wav,0,0,0,0,,,,,,,,,0,0,0,0,,,,,1,0,1,0,0,3,3,3,77.90022210000097,,,,,,,,,,,,,,,,,,77.8869771000027,77.90022210000097,77.90022210000097,77.90022210000097,78.38310036000185,78.40160580000156,78.40160580000156,85.18129890000273,85.18129890000273,85.18129890000273,85.18129890000273,85.18129890000273,85.15907060000245,,,,,,,,,,,,1,001,1,2024-02-02_16h59.11.019,Memory and Syntax,2023.2.3,167.4329514785919,2024-02-02 17h00.36.435738 -0800,
1,0,0,0,0,0,0,0,0,1,0,gop lu neimo lu troise,brocanto/stims/img/sentence144.png,brocanto/stims/audio/gop_lu_neimo_lu_troise_2.wav,0,0,0,0,,,,,,,,,0,0,0,0,,,,,1,0,1,0,0,4,4,4,85.18129890000273,,,,,,,,,,,,,,,,,,85.15936190000139,85.18129890000273,85.18129890000273,85.18129890000273,85.66150986000066,85.6800817000003,85.6800817000003,92.37922700000126,92.37922700000126,92.37922700000126,92.37922700000126,92.37922700000126,92.35958949999986,,,,,,,,,,,,1,001,1,2024-02-02_16h59.11.019,Memory and Syntax,2023.2.3,167.4329514785919,2024-02-02 17h00.36.435738 -0800,
1,0,0,0,0,0,0,0,0,1,0,yab lu troise lu neep,brocanto/stims/img/sentence58.png,brocanto/stims/audio/yab_lu_troise_lu_neep_2.wav,0,0,0,0,,,,,,,,,0,0,0,0,,,,,1,0,1,0,0,5,5,5,92.37922700000126,,,,,,,,,,,,,,,,,,92.35982570000124,92.37922700000126,92.37922700000126,92.37922700000126,92.86152236000198,92.8800665000017,92.8800665000017,99.62930659999984,99.62930659999984,99.62930659999984,99.62930659999984,99.62930659999984,99.61334980000174,,,,,,,,,,,,1,001,1,2024-02-02_16h59.11.019,Memory and Syntax,2023.2.3,167.4329514785919,2024-02-02 17h00.36.435738 -0800,
1,0,0,0,0,0,0,0,0,1,0,lu vode zayma li,brocanto/stims/img/sentence106.png,brocanto/stims/audio/lu_vode_zayma_li_2.wav,0,0,0,0,,,,,,,,,0,0,0,0,,,,,1,0,1,0,0,6,6,6,99.62930659999984,,,,,,,,,,,,,,,,,,99.61368159999984,99.62930659999984,99.62930659999984,99.62930659999984,100.10983975999916,100.12830609999946,100.12830609999946,106.81719359999988,106.81719359999988,106.81719359999988,106.81719359999988,106.81719359999988,106.80720070000098,,,,,,,,,,,,1,001,1,2024-02-02_16h59.11.019,Memory and Syntax,2023.2.3,167.4329514785919,2024-02-02 17h00.36.435738 -0800,
1,0,0,0,0,0,0,0,0,1,0,lu troise zayma li,brocanto/stims/img/sentence107.png,brocanto/stims/audio/lu_troise_zayma_li_2.wav,0,0,0,0,,,,,,,,,0,0,0,0,,,,,2,0,2,0,0,0,0,0,108.91877490000115,,,,,,,,,,,,,,,,,,108.90383819999988,108.91877490000115,108.91877490000115,108.91877490000115,109.40039786000052,109.4189006000015,109.4189006000015,116.17980760000137,116.17980760000137,116.17980760000137,116.17980760000137,116.17980760000137,116.15235830000165,106.80739520000134,106.81719359999988,106.81719359999988,106.81719359999988,106.81719359999988,106.81719359999988,108.89804750000258,i,1,2.0757504000030167,None,1,001,1,2024-02-02_16h59.11.019,Memory and Syntax,2023.2.3,167.4329514785919,2024-02-02 17h00.36.435738 -0800,
,,,,,,,,,,,,,,,,,,,,,,,,,,,,,,,,,,,,,,,,,,116.17980760000137,,,,,,,,,,,,,,,,,,116.1526651000022,116.17980760000137,116.17980760000137,116.17980760000137,116.66083336000084,116.67932740000106,116.67932740000106,,,,,,,,,,,,,,,,,,,,,,,,,,
