﻿session,mem_test_reps,cvmt,cvmtP1_reps,cvmtP2_reps,asrt,crtt,cspan,english_ajt_reps,brocanto_learn_reps,brocanto_gjt_reps,task_instr,stimuli_list,delay,delay_design,delay_ans,experimentFlow.thisRepN,experimentFlow.thisTrialN,experimentFlow.thisN,experimentFlow.thisIndex,memoryTests.thisRepN,memoryTests.thisTrialN,memoryTests.thisN,memoryTests.thisIndex,cvmtBlock.thisRepN,cvmtBlock.thisTrialN,cvmtBlock.thisN,cvmtBlock.thisIndex,cvmtTasks.thisRepN,cvmtTasks.thisTrialN,cvmtTasks.thisN,cvmtTasks.thisIndex,cvmtPart1.thisRepN,cvmtPart1.thisTrialN,cvmtPart1.thisN,cvmtPart1.thisIndex,cvmtPart2.thisRepN,cvmtPart2.thisTrialN,cvmtPart2.thisN,cvmtPart2.thisIndex,delayTrials.thisRepN,delayTrials.thisTrialN,delayTrials.thisN,delayTrials.thisIndex,visDiscTrials.thisRepN,visDiscTrials.thisTrialN,visDiscTrials.thisN,visDiscTrials.thisIndex,vd,vdrm,vd_ans,thisRow.t,notes,load.started,load.stopped,cvmtInstr.started,cvmt_instr.started,cvmt_begin.started,cvmtInstr.stopped,cvmtDelay.started,cvmtDelay.stopped,cvmtDelayTest.started,cvmt_delay_test_instr.started,cvmt_delay_design.started,delay_key_resp.started,delay_T_targ.started,delay_Y_targ.started,delay_U_targ.started,delay_F_targ.started,delay_G_targ.started,delay_H_targ.started,delay_J_targ.started,cvmtDelayTest.stopped,delay_key_resp.keys,delay_key_resp.corr,delay_key_resp.rt,delay_key_resp.duration,cvmtVisDisc.started,discrim_item.started,vis_discrim_instr.started,vdrm_item.started,vis_disc_key_resp.started,Sona ID,Participant ID,Session,date,expName,psychopyVersion,frameRate,expStart,
1,1,1,0,1,0,0,0,1,1,0,"Earlier you saw some designs that looked like these. On the previous test, all of these designs appeared. However, six of these designs appeared only once; so after you saw them the first time, they never appeared again. *One* of these, however, repeated seven times on the test. Look at all seven designs and indicate which *one* design appeared more than once by pressing the corresponding key. Which one appeared seven times?",cvmt/delay_stims.xlsx,0,cvmt/delay/d1.jpg,h,0,0,0,0,0,0,0,0,0,0,0,0,0,0,0,0,,,,,0,0,0,0,0,0,0,0,,,,,,,,3.2965175999561325,,0.009941000025719404,0.010048500029370189,0.01666059996932745,0.021773400017991662,0.021773400017991662,3.150569799938239,3.156349099939689,3.156369399977848,3.1620768000138924,3.2965175999561325,3.2965175999561325,3.2965175999561325,3.2965175999561325,3.2965175999561325,3.2965175999561325,3.2965175999561325,3.2965175999561325,3.2965175999561325,3.2965175999561325,18.688234200002626,j,0,15.387403799919412,None,,,,,,1,001,pilot,2024-01-24_17h53.27.818,Memory and Syntax,2023.2.3,173.56832189851875,2024-01-24 17h53.35.288078 -0800,
1,1,1,0,1,0,0,0,1,1,0,"Earlier you saw some designs that looked like these. On the previous test, all of these designs appeared. However, six of these designs appeared only once; so after you saw them the first time, they never appeared again. *One* of these, however, repeated seven times on the test. Look at all seven designs and indicate which *one* design appeared more than once by pressing the corresponding key. Which one appeared seven times?",cvmt/delay_stims.xlsx,0,cvmt/delay/d2.jpg,g,0,0,0,0,0,0,0,0,0,0,0,0,0,0,0,0,,,,,0,0,0,0,0,1,1,1,,,,,,,,18.77276990003884,,,,,,,,,,18.68894070002716,18.77276990003884,18.77276990003884,18.77276990003884,18.77276990003884,18.77276990003884,18.77276990003884,18.77276990003884,18.77276990003884,18.77276990003884,18.77276990003884,31.160801999969408,t,0,12.387203600024804,None,,,,,,1,001,pilot,2024-01-24_17h53.27.818,Memory and Syntax,2023.2.3,173.56832189851875,2024-01-24 17h53.35.288078 -0800,
1,1,1,0,1,0,0,0,1,1,0,"Earlier you saw some designs that looked like these. On the previous test, all of these designs appeared. However, six of these designs appeared only once; so after you saw them the first time, they never appeared again. *One* of these, however, repeated seven times on the test. Look at all seven designs and indicate which *one* design appeared more than once by pressing the corresponding key. Which one appeared seven times?",cvmt/delay_stims.xlsx,0,cvmt/delay/d3.jpg,u,0,0,0,0,0,0,0,0,0,0,0,0,0,0,0,0,,,,,0,0,0,0,0,2,2,2,,,,,,,,31.247410799958743,,,,,,,,,,31.16134420002345,31.247410799958743,31.247410799958743,31.247410799958743,31.247410799958743,31.247410799958743,31.247410799958743,31.247410799958743,31.247410799958743,31.247410799958743,31.247410799958743,36.35578909993637,f,0,5.10659380001016,None,,,,,,1,001,pilot,2024-01-24_17h53.27.818,Memory and Syntax,2023.2.3,173.56832189851875,2024-01-24 17h53.35.288078 -0800,
1,1,1,0,1,0,0,0,1,1,0,"Earlier you saw some designs that looked like these. On the previous test, all of these designs appeared. However, six of these designs appeared only once; so after you saw them the first time, they never appeared again. *One* of these, however, repeated seven times on the test. Look at all seven designs and indicate which *one* design appeared more than once by pressing the corresponding key. Which one appeared seven times?",cvmt/delay_stims.xlsx,0,cvmt/delay/d4.jpg,t,0,0,0,0,0,0,0,0,0,0,0,0,0,0,0,0,,,,,0,0,0,0,0,3,3,3,,,,,,,,36.45539210003335,,,,,,,,,,36.35633799992502,36.45539210003335,36.45539210003335,36.45539210003335,36.45539210003335,36.45539210003335,36.45539210003335,36.45539210003335,36.45539210003335,36.45539210003335,36.45539210003335,49.099657799932174,f,0,12.642638799967244,None,,,,,,1,001,pilot,2024-01-24_17h53.27.818,Memory and Syntax,2023.2.3,173.56832189851875,2024-01-24 17h53.35.288078 -0800,
1,1,1,0,1,0,0,0,1,1,0,"Earlier you saw some designs that looked like these. On the previous test, all of these designs appeared. However, six of these designs appeared only once; so after you saw them the first time, they never appeared again. *One* of these, however, repeated seven times on the test. Look at all seven designs and indicate which *one* design appeared more than once by pressing the corresponding key. Which one appeared seven times?",cvmt/delay_stims.xlsx,0,cvmt/delay/d5.jpg,f,0,0,0,0,0,0,0,0,0,0,0,0,0,0,0,0,,,,,0,0,0,0,0,4,4,4,,,,,,,,49.20612759992946,,,,,,,,,,49.10011919995304,49.20612759992946,49.20612759992946,49.20612759992946,49.20612759992946,49.20612759992946,49.20612759992946,49.20612759992946,49.20612759992946,49.20612759992946,49.20612759992946,63.13549399992917,u,0,13.92590819997713,None,,,,,,1,001,pilot,2024-01-24_17h53.27.818,Memory and Syntax,2023.2.3,173.56832189851875,2024-01-24 17h53.35.288078 -0800,
1,1,1,0,1,0,0,0,1,1,0,"Earlier you saw some designs that looked like these. On the previous test, all of these designs appeared. However, six of these designs appeared only once; so after you saw them the first time, they never appeared again. *One* of these, however, repeated seven times on the test. Look at all seven designs and indicate which *one* design appeared more than once by pressing the corresponding key. Which one appeared seven times?",cvmt/delay_stims.xlsx,0,cvmt/delay/d6.jpg,t,0,0,0,0,0,0,0,0,0,0,0,0,0,0,0,0,,,,,0,0,0,0,0,5,5,5,,,,,,,,63.23913919995539,,,,,,,,,,63.135940499952994,63.23913919995539,63.23913919995539,63.23913919995539,63.23913919995539,63.23913919995539,63.23913919995539,63.23913919995539,63.23913919995539,63.23913919995539,63.23913919995539,65.55983939999714,g,0,2.3168059999588877,None,,,,,,1,001,pilot,2024-01-24_17h53.27.818,Memory and Syntax,2023.2.3,173.56832189851875,2024-01-24 17h53.35.288078 -0800,
,,,,,,,,,,,,,,,,,,,,,,,,,,,,,,,,,,,,,,,,,,,,,,,,,,,65.64802750002127,,,,,,,,,,,,,,,,,,,,,,,,,,65.56596159993205,65.64802750002127,65.64802750002127,65.64802750002127,65.64802750002127,,,,,,,,,
