﻿session,mem_test_reps,cvmt,cvmtP1_reps,cvmtP2_reps,asrt,crtt,cspan,english_ajt_reps,brocanto_learn_reps,brocanto_gjt_reps,task_instr,stimuli_list,delay,delay_design,delay_ans,experimentFlow.thisRepN,experimentFlow.thisTrialN,experimentFlow.thisN,experimentFlow.thisIndex,memoryTests.thisRepN,memoryTests.thisTrialN,memoryTests.thisN,memoryTests.thisIndex,cvmtBlock.thisRepN,cvmtBlock.thisTrialN,cvmtBlock.thisN,cvmtBlock.thisIndex,cvmtTasks.thisRepN,cvmtTasks.thisTrialN,cvmtTasks.thisN,cvmtTasks.thisIndex,cvmtPart1.thisRepN,cvmtPart1.thisTrialN,cvmtPart1.thisN,cvmtPart1.thisIndex,cvmtPart2.thisRepN,cvmtPart2.thisTrialN,cvmtPart2.thisN,cvmtPart2.thisIndex,delayTrials.thisRepN,delayTrials.thisTrialN,delayTrials.thisN,delayTrials.thisIndex,visDiscTrials.thisRepN,visDiscTrials.thisTrialN,visDiscTrials.thisN,visDiscTrials.thisIndex,vd,vdrm,vd_ans,thisRow.t,notes,load.started,load.stopped,cvmtInstr.started,cvmt_instr.started,cvmt_begin.started,cvmtInstr.stopped,cvmtDelay.started,cvmtDelay.stopped,cvmtDelayTest.started,cvmt_delay_test_instr.started,cvmt_delay_design.started,delay_key_resp.started,delay_T_targ.started,delay_Y_targ.started,delay_U_targ.started,delay_F_targ.started,delay_G_targ.started,delay_H_targ.started,delay_J_targ.started,cvmtDelayTest.stopped,delay_key_resp.keys,delay_key_resp.corr,delay_key_resp.rt,delay_key_resp.duration,cvmtVisDisc.started,discrim_item.started,vis_discrim_instr.started,vdrm_item.started,vis_disc_key_resp.started,Sona ID,Participant ID,Session,date,expName,psychopyVersion,frameRate,expStart,
1,1,1,0,1,0,0,0,1,1,0,"Earlier you saw some designs that looked like these. On the previous test, all of these designs appeared. However, six of these designs appeared only once; so after you saw them the first time, they never appeared again. *One* of these, however, repeated seven times on the test. Look at all seven designs and indicate which *one* design appeared more than once by pressing the corresponding key. Which one appeared seven times?",cvmt/delay_stims.xlsx,0,cvmt/delay/d1.jpg,h,0,0,0,0,0,0,0,0,0,0,0,0,0,0,0,0,,,,,0,0,0,0,0,0,0,0,,,,,,,,1.5829244999913499,,0.10892079991754144,0.10899209999479353,0.1155405999161303,0.1309374999254942,0.1309374999254942,1.4114104999462143,1.4190716999582946,1.419113599928096,1.4277778000105172,1.5829244999913499,1.5829244999913499,1.5829244999913499,1.5829244999913499,1.5829244999913499,1.5829244999913499,1.5829244999913499,1.5829244999913499,1.5829244999913499,1.5829244999913499,5.471276399912313,j,0,3.887130899936892,None,,,,,,1,001,pilot,2024-01-24_17h59.06.433,Memory and Syntax,2023.2.3,165.90929062771727,2024-01-24 17h59.15.056552 -0800,
1,1,1,0,1,0,0,0,1,1,0,"Earlier you saw some designs that looked like these. On the previous test, all of these designs appeared. However, six of these designs appeared only once; so after you saw them the first time, they never appeared again. *One* of these, however, repeated seven times on the test. Look at all seven designs and indicate which *one* design appeared more than once by pressing the corresponding key. Which one appeared seven times?",cvmt/delay_stims.xlsx,0,cvmt/delay/d2.jpg,g,0,0,0,0,0,0,0,0,0,0,0,0,0,0,0,0,,,,,0,0,0,0,0,1,1,1,,,,,,,,5.557810599915683,,,,,,,,,,5.471748699899763,5.557810599915683,5.557810599915683,5.557810599915683,5.557810599915683,5.557810599915683,5.557810599915683,5.557810599915683,5.557810599915683,5.557810599915683,5.557810599915683,9.68297069997061,t,0,4.12017459992785,None,,,,,,1,001,pilot,2024-01-24_17h59.06.433,Memory and Syntax,2023.2.3,165.90929062771727,2024-01-24 17h59.15.056552 -0800,
1,1,1,0,1,0,0,0,1,1,0,"Earlier you saw some designs that looked like these. On the previous test, all of these designs appeared. However, six of these designs appeared only once; so after you saw them the first time, they never appeared again. *One* of these, however, repeated seven times on the test. Look at all seven designs and indicate which *one* design appeared more than once by pressing the corresponding key. Which one appeared seven times?",cvmt/delay_stims.xlsx,0,cvmt/delay/d3.jpg,u,0,0,0,0,0,0,0,0,0,0,0,0,0,0,0,0,,,,,0,0,0,0,0,2,2,2,,,,,,,,9.767923199920915,,,,,,,,,,9.683482599910349,9.767923199920915,9.767923199920915,9.767923199920915,9.767923199920915,9.767923199920915,9.767923199920915,9.767923199920915,9.767923199920915,9.767923199920915,9.767923199920915,13.94349350000266,f,0,4.174155600019731,None,,,,,,1,001,pilot,2024-01-24_17h59.06.433,Memory and Syntax,2023.2.3,165.90929062771727,2024-01-24 17h59.15.056552 -0800,
1,1,1,0,1,0,0,0,1,1,0,"Earlier you saw some designs that looked like these. On the previous test, all of these designs appeared. However, six of these designs appeared only once; so after you saw them the first time, they never appeared again. *One* of these, however, repeated seven times on the test. Look at all seven designs and indicate which *one* design appeared more than once by pressing the corresponding key. Which one appeared seven times?",cvmt/delay_stims.xlsx,0,cvmt/delay/d4.jpg,t,0,0,0,0,0,0,0,0,0,0,0,0,0,0,0,0,,,,,0,0,0,0,0,3,3,3,,,,,,,,14.040916699916124,,,,,,,,,,13.943838299950585,14.040916699916124,14.040916699916124,14.040916699916124,14.040916699916124,14.040916699916124,14.040916699916124,14.040916699916124,14.040916699916124,14.040916699916124,14.040916699916124,42.124630599981174,t,0,28.081116700079292,None,,,,,,1,001,pilot,2024-01-24_17h59.06.433,Memory and Syntax,2023.2.3,165.90929062771727,2024-01-24 17h59.15.056552 -0800,
1,1,1,0,1,0,0,0,1,1,0,"Earlier you saw some designs that looked like these. On the previous test, all of these designs appeared. However, six of these designs appeared only once; so after you saw them the first time, they never appeared again. *One* of these, however, repeated seven times on the test. Look at all seven designs and indicate which *one* design appeared more than once by pressing the corresponding key. Which one appeared seven times?",cvmt/delay_stims.xlsx,0,cvmt/delay/d5.jpg,f,0,0,0,0,0,0,0,0,0,0,0,0,0,0,0,0,,,,,0,0,0,0,0,4,4,4,,,,,,,,42.23291119991336,,,,,,,,,,42.125153100001626,42.23291119991336,42.23291119991336,42.23291119991336,42.23291119991336,42.23291119991336,42.23291119991336,42.23291119991336,42.23291119991336,42.23291119991336,42.23291119991336,49.39723449992016,u,0,7.159248300013132,None,,,,,,1,001,pilot,2024-01-24_17h59.06.433,Memory and Syntax,2023.2.3,165.90929062771727,2024-01-24 17h59.15.056552 -0800,
1,1,1,0,1,0,0,0,1,1,0,"Earlier you saw some designs that looked like these. On the previous test, all of these designs appeared. However, six of these designs appeared only once; so after you saw them the first time, they never appeared again. *One* of these, however, repeated seven times on the test. Look at all seven designs and indicate which *one* design appeared more than once by pressing the corresponding key. Which one appeared seven times?",cvmt/delay_stims.xlsx,0,cvmt/delay/d6.jpg,t,0,0,0,0,0,0,0,0,0,0,0,0,0,0,0,0,,,,,0,0,0,0,0,5,5,5,,,,,,,,49.504863799898885,,,,,,,,,,49.397807299974374,49.504863799898885,49.504863799898885,49.504863799898885,49.504863799898885,49.504863799898885,49.504863799898885,49.504863799898885,49.504863799898885,49.504863799898885,49.504863799898885,51.78505750000477,g,0,2.27711760008242,None,,,,,,1,001,pilot,2024-01-24_17h59.06.433,Memory and Syntax,2023.2.3,165.90929062771727,2024-01-24 17h59.15.056552 -0800,
,,,,,,,,,,,,,,,,,,,,,,,,,,,,,,,,,,,,,,,,,,,,,,,,,,,51.86505319993012,,,,,,,,,,,,,,,,,,,,,,,,,,51.79093259992078,51.86505319993012,51.86505319993012,51.86505319993012,51.86505319993012,,,,,,,,,
