﻿session,mem_test_reps,cvmt,cvmtP1_reps,cvmtP2_reps,asrt,crtt,cspan,english_ajt_reps,brocanto_learn_reps,brocanto_gjt_reps,task_instr,stimuli_list,delay,delay_design,delay_ans,experimentFlow.thisRepN,experimentFlow.thisTrialN,experimentFlow.thisN,experimentFlow.thisIndex,memoryTests.thisRepN,memoryTests.thisTrialN,memoryTests.thisN,memoryTests.thisIndex,cvmtBlock.thisRepN,cvmtBlock.thisTrialN,cvmtBlock.thisN,cvmtBlock.thisIndex,cvmtTasks.thisRepN,cvmtTasks.thisTrialN,cvmtTasks.thisN,cvmtTasks.thisIndex,cvmtPart1.thisRepN,cvmtPart1.thisTrialN,cvmtPart1.thisN,cvmtPart1.thisIndex,cvmtPart2.thisRepN,cvmtPart2.thisTrialN,cvmtPart2.thisN,cvmtPart2.thisIndex,delayTrials.thisRepN,delayTrials.thisTrialN,delayTrials.thisN,delayTrials.thisIndex,visDiscTrials.thisRepN,visDiscTrials.thisTrialN,visDiscTrials.thisN,visDiscTrials.thisIndex,vd,vdrm,vd_ans,thisRow.t,notes,load.started,load.stopped,cvmtInstr.started,cvmt_instr.started,cvmt_begin.started,cvmtInstr.stopped,cvmtDelay.started,cvmtDelay.stopped,cvmtDelayTest.started,cvmt_delay_test_instr.started,cvmt_delay_design.started,delay_key_resp.started,delay_T_targ.started,delay_Y_targ.started,delay_U_targ.started,delay_F_targ.started,delay_G_targ.started,delay_H_targ.started,delay_J_targ.started,cvmtDelayTest.stopped,delay_key_resp.keys,delay_key_resp.corr,delay_key_resp.rt,delay_key_resp.duration,cvmtVisDisc.started,discrim_item.started,vis_discrim_instr.started,vdrm_item.started,vis_disc_key_resp.started,Sona ID,Participant ID,Session,date,expName,psychopyVersion,frameRate,expStart,
1,1,1,0,1,0,0,0,1,1,0,"Earlier you saw some designs that looked like these. On the previous test, all of these designs appeared. However, six of these designs appeared only once; so after you saw them the first time, they never appeared again. *One* of these, however, repeated seven times on the test. Look at all seven designs and indicate which *one* design appeared more than once by pressing the corresponding key. Which one appeared seven times?",cvmt/delay_stims.xlsx,0,cvmt/delay/d1.jpg,h,0,0,0,0,0,0,0,0,0,0,0,0,0,0,0,0,,,,,0,0,0,0,0,0,0,0,,,,,,,,2.0740505000576377,,0.00404650007840246,0.004112800001166761,0.010754400049336255,0.014171300106681883,0.014171300106681883,1.939119000104256,1.944170100032352,1.9441843000240624,1.9485545000061393,2.0740505000576377,2.0740505000576377,2.0740505000576377,2.0740505000576377,2.0740505000576377,2.0740505000576377,2.0740505000576377,2.0740505000576377,2.0740505000576377,2.0740505000576377,20.605229000095278,j,0,18.530355000053532,None,,,,,,1,001,pilot,2024-01-24_18h07.34.621,Memory and Syntax,2023.2.3,164.87719943852034,2024-01-24 18h10.09.783537 -0800,
1,1,1,0,1,0,0,0,1,1,0,"Earlier you saw some designs that looked like these. On the previous test, all of these designs appeared. However, six of these designs appeared only once; so after you saw them the first time, they never appeared again. *One* of these, however, repeated seven times on the test. Look at all seven designs and indicate which *one* design appeared more than once by pressing the corresponding key. Which one appeared seven times?",cvmt/delay_stims.xlsx,0,cvmt/delay/d2.jpg,g,0,0,0,0,0,0,0,0,0,0,0,0,0,0,0,0,,,,,0,0,0,0,0,1,1,1,,,,,,,,20.68839690007735,,,,,,,,,,20.60669600008987,20.68839690007735,20.68839690007735,20.68839690007735,20.68839690007735,20.68839690007735,20.68839690007735,20.68839690007735,20.68839690007735,20.68839690007735,20.68839690007735,35.08966580010019,t,0,14.397930099978112,None,,,,,,1,001,pilot,2024-01-24_18h07.34.621,Memory and Syntax,2023.2.3,164.87719943852034,2024-01-24 18h10.09.783537 -0800,
1,1,1,0,1,0,0,0,1,1,0,"Earlier you saw some designs that looked like these. On the previous test, all of these designs appeared. However, six of these designs appeared only once; so after you saw them the first time, they never appeared again. *One* of these, however, repeated seven times on the test. Look at all seven designs and indicate which *one* design appeared more than once by pressing the corresponding key. Which one appeared seven times?",cvmt/delay_stims.xlsx,0,cvmt/delay/d3.jpg,u,0,0,0,0,0,0,0,0,0,0,0,0,0,0,0,0,,,,,0,0,0,0,0,2,2,2,,,,,,,,35.18072740000207,,,,,,,,,,35.090155900106765,35.18072740000207,35.18072740000207,35.18072740000207,35.18072740000207,35.18072740000207,35.18072740000207,35.18072740000207,35.18072740000207,35.18072740000207,35.18072740000207,39.82301740010735,f,0,4.641803600010462,None,,,,,,1,001,pilot,2024-01-24_18h07.34.621,Memory and Syntax,2023.2.3,164.87719943852034,2024-01-24 18h10.09.783537 -0800,
1,1,1,0,1,0,0,0,1,1,0,"Earlier you saw some designs that looked like these. On the previous test, all of these designs appeared. However, six of these designs appeared only once; so after you saw them the first time, they never appeared again. *One* of these, however, repeated seven times on the test. Look at all seven designs and indicate which *one* design appeared more than once by pressing the corresponding key. Which one appeared seven times?",cvmt/delay_stims.xlsx,0,cvmt/delay/d4.jpg,t,0,0,0,0,0,0,0,0,0,0,0,0,0,0,0,0,,,,,0,0,0,0,0,3,3,3,,,,,,,,39.93069020006806,,,,,,,,,,39.82357340003364,39.93069020006806,39.93069020006806,39.93069020006806,39.93069020006806,39.93069020006806,39.93069020006806,39.93069020006806,39.93069020006806,39.93069020006806,39.93069020006806,46.416673400090076,t,0,6.4836467000423,None,,,,,,1,001,pilot,2024-01-24_18h07.34.621,Memory and Syntax,2023.2.3,164.87719943852034,2024-01-24 18h10.09.783537 -0800,
1,1,1,0,1,0,0,0,1,1,0,"Earlier you saw some designs that looked like these. On the previous test, all of these designs appeared. However, six of these designs appeared only once; so after you saw them the first time, they never appeared again. *One* of these, however, repeated seven times on the test. Look at all seven designs and indicate which *one* design appeared more than once by pressing the corresponding key. Which one appeared seven times?",cvmt/delay_stims.xlsx,0,cvmt/delay/d5.jpg,f,0,0,0,0,0,0,0,0,0,0,0,0,0,0,0,0,,,,,0,0,0,0,0,4,4,4,,,,,,,,46.52321460004896,,,,,,,,,,46.41701340000145,46.52321460004896,46.52321460004896,46.52321460004896,46.52321460004896,46.52321460004896,46.52321460004896,46.52321460004896,46.52321460004896,46.52321460004896,46.52321460004896,48.98637380008586,u,0,2.459192999987863,None,,,,,,1,001,pilot,2024-01-24_18h07.34.621,Memory and Syntax,2023.2.3,164.87719943852034,2024-01-24 18h10.09.783537 -0800,
1,1,1,0,1,0,0,0,1,1,0,"Earlier you saw some designs that looked like these. On the previous test, all of these designs appeared. However, six of these designs appeared only once; so after you saw them the first time, they never appeared again. *One* of these, however, repeated seven times on the test. Look at all seven designs and indicate which *one* design appeared more than once by pressing the corresponding key. Which one appeared seven times?",cvmt/delay_stims.xlsx,0,cvmt/delay/d6.jpg,t,0,0,0,0,0,0,0,0,0,0,0,0,0,0,0,0,,,,,0,0,0,0,0,5,5,5,,,,,,,,49.09708450001199,,,,,,,,,,48.98677330010105,49.09708450001199,49.09708450001199,49.09708450001199,49.09708450001199,49.09708450001199,49.09708450001199,49.09708450001199,49.09708450001199,49.09708450001199,49.09708450001199,54.54996130010113,g,0,5.449342999956571,None,,,,,,1,001,pilot,2024-01-24_18h07.34.621,Memory and Syntax,2023.2.3,164.87719943852034,2024-01-24 18h10.09.783537 -0800,
,,,,,,,,,,,,,,,,,,,,,,,,,,,,,,,,,,,,,,,,,,,,,,,,,,,54.62735610001255,,,,,,,,,,,,,,,,,,,,,,,,,,54.555475900066085,54.62735610001255,54.62735610001255,54.62735610001255,54.62735610001255,,,,,,,,,
