﻿session,mem_test_reps,cvmt,cvmtP1_reps,cvmtP2_reps,asrt,crtt,cspan,english_ajt_reps,brocanto_learn_reps,brocanto_gjt_reps,word,img,audio,version,sentence,experimentFlow.thisRepN,experimentFlow.thisTrialN,experimentFlow.thisN,experimentFlow.thisIndex,memoryTests.thisRepN,memoryTests.thisTrialN,memoryTests.thisN,memoryTests.thisIndex,engAJT_block.thisRepN,engAJT_block.thisTrialN,engAJT_block.thisN,engAJT_block.thisIndex,brocantoLearnPrax.thisRepN,brocantoLearnPrax.thisTrialN,brocantoLearnPrax.thisN,brocantoLearnPrax.thisIndex,vocabPhase.thisRepN,vocabPhase.thisTrialN,vocabPhase.thisN,vocabPhase.thisIndex,vocabRep.thisRepN,vocabRep.thisTrialN,vocabRep.thisN,vocabRep.thisIndex,vocabLearnTrials.thisRepN,vocabLearnTrials.thisTrialN,vocabLearnTrials.thisN,vocabLearnTrials.thisIndex,vocabTestTrials.thisRepN,vocabTestTrials.thisTrialN,vocabTestTrials.thisN,vocabTestTrials.thisIndex,too_fast_punish.thisRepN,too_fast_punish.thisTrialN,too_fast_punish.thisN,too_fast_punish.thisIndex,sentLearnPhase.thisRepN,sentLearnPhase.thisTrialN,sentLearnPhase.thisN,sentLearnPhase.thisIndex,sentLearnTrials.thisRepN,sentLearnTrials.thisTrialN,sentLearnTrials.thisN,sentLearnTrials.thisIndex,thisRow.t,notes,load.started,load.stopped,brocantoIntro.started,brocanto_story.started,start_brocanto.started,progress_bar1_3.started,progress_bar2_3.started,progress_bar_txt_3.started,brocantoIntro.stopped,vocabInstr.started,vocab_learn_begin.started,progress_bar1_4.started,progress_bar2_4.started,progress_bar_txt_4.started,vocabInstr.stopped,vocabLearnTrial.started,progress_bar1_5.started,progress_bar2_5.started,progress_bar_txt_5.started,vocab_text.started,vocab_image.started,vocab_audio.started,key_resp.started,vocabLearnTrial.stopped,vocabRepeat.started,vrepeat.started,vrepeat_key_resp.started,progress_bar1_6.started,progress_bar2_6.started,progress_bar_txt_6.started,vocabRepeat.stopped,vrepeat_key_resp.keys,vrepeat_key_resp.rt,vrepeat_key_resp.duration,vocabTestInstr.started,vtest_instr_text.started,vtest_begin.started,progress_bar1_7.started,progress_bar2_7.started,progress_bar_txt_7.started,vocabTestInstr.stopped,vocabTest.started,vocabTest_resp,vocabTest_rts,progress_bar1_8.started,progress_bar2_8.started,progress_bar_txt_8.started,answerbox.started,vtest_key_resp.started,vtest_text.started,vtest_img.started,vocabTest.stopped,vtest_key_resp.keys,vtest_key_resp.rt,vtest_key_resp.duration,vocabTest_fb.started,vtest_fb.started,progress_bar1_9.started,progress_bar2_9.started,progress_bar_txt_9.started,vocabTest_fb.stopped,vtest_fb.stopped,progress_bar1_9.stopped,progress_bar2_9.stopped,progress_bar_txt_9.stopped,vocabEval.started,vtest_eval.started,v_phase_end.started,progress_bar1_10.started,progress_bar2_10.started,progress_bar_txt_10.started,vocabEval.stopped,v_phase_end.keys,v_phase_end.rt,v_phase_end.duration,sentLearnInstr.started,sent_learn_instr_text.started,sent_learn_begin.started,progress_bar1_11.started,progress_bar2_11.started,progress_bar_txt_11.started,sentLearnInstr.stopped,sentenceLearnTrial.started,progress_bar1_12.started,progress_bar2_12.started,progress_bar_txt_12.started,sentence_audio.started,sent_learn_img.started,sent_text.started,sent_learn_img.stopped,sent_text.stopped,progress_bar1_12.stopped,progress_bar2_12.stopped,progress_bar_txt_12.stopped,sentenceLearnTrial.stopped,Sona ID,Participant ID,Session,date,expName,psychopyVersion,frameRate,expStart,
1,0,0,0,0,0,0,0,0,1,0,lu neep,brocanto/stims/img/doctor.png,brocanto/stims/audio/lu_neep_2.wav,x.1,,0,0,0,0,,,,,,,,,0,0,0,0,0,0,0,0,0,0,0,0,0,0,0,0,,,,,,,,,,,,,,,,,1.9296092999993562,,0.08844859999953769,0.08851589999994758,0.09472959999948216,0.10345659999984491,0.10345659999984491,0.10345659999984491,0.10345659999984491,0.10345659999984491,1.142587899999853,1.1465648999992482,1.1508662999995067,1.1508662999995067,1.1508662999995067,1.1508662999995067,1.8997977999997602,1.904885099999774,1.9296092999993562,1.9296092999993562,1.9296092999993562,2.4025950999994166,2.4025950999994166,2.4026791699999195,3.154125099999874,4.027117699999508,,,,,,,,,,,,,,,,,,,,,,,,,,,,,,,,,,,,,,,,,,,,,,,,,,,,,,,,,,,,,,,,,,,,,,,,1,001,1,2024-02-02_10h30.46.469,Memory and Syntax,2023.2.3,164.17072442076142,2024-02-02 10h31.02.788446 -0800,
1,0,0,0,0,0,0,0,0,1,0,lu troise,brocanto/stims/img/janitor.png,brocanto/stims/audio/lu_troise_1.wav,x.1,,0,0,0,0,,,,,,,,,0,0,0,0,0,0,0,0,0,0,0,0,0,1,1,1,,,,,,,,,,,,,,,,,4.05303449999974,,,,,,,,,,,,,,,,,4.027415499999734,4.05303449999974,4.05303449999974,4.05303449999974,4.529921599999398,4.529921599999398,4.529922769999848,5.2817441999995935,6.796653200000037,,,,,,,,,,,,,,,,,,,,,,,,,,,,,,,,,,,,,,,,,,,,,,,,,,,,,,,,,,,,,,,,,,,,,,,,1,001,1,2024-02-02_10h30.46.469,Memory and Syntax,2023.2.3,164.17072442076142,2024-02-02 10h31.02.788446 -0800,
1,0,0,0,0,0,0,0,0,1,0,lu pleck,brocanto/stims/img/mechanic.png,brocanto/stims/audio/lu_pleck_2.wav,x.1,,0,0,0,0,,,,,,,,,0,0,0,0,0,0,0,0,0,0,0,0,0,2,2,2,,,,,,,,,,,,,,,,,6.82089569999971,,,,,,,,,,,,,,,,,6.796940100000029,6.82089569999971,6.82089569999971,6.82089569999971,7.299539199999344,7.299539199999344,7.299458169999616,8.05110969999987,8.323958399999356,,,,,,,,,,,,,,,,,,,,,,,,,,,,,,,,,,,,,,,,,,,,,,,,,,,,,,,,,,,,,,,,,,,,,,,,1,001,1,2024-02-02_10h30.46.469,Memory and Syntax,2023.2.3,164.17072442076142,2024-02-02 10h31.02.788446 -0800,
1,0,0,0,0,0,0,0,0,1,0,lu blom,brocanto/stims/img/firefighter.png,brocanto/stims/audio/lu_blom_2.wav,x.1,,0,0,0,0,,,,,,,,,0,0,0,0,0,0,0,0,0,0,0,0,0,3,3,3,,,,,,,,,,,,,,,,,8.349149799999395,,,,,,,,,,,,,,,,,8.324168899999677,8.349149799999395,8.349149799999395,8.349149799999395,8.82668939999985,8.82668939999985,8.826840469999388,9.578363300000092,10.069556399999783,,,,,,,,,,,,,,,,,,,,,,,,,,,,,,,,,,,,,,,,,,,,,,,,,,,,,,,,,,,,,,,,,,,,,,,,1,001,1,2024-02-02_10h30.46.469,Memory and Syntax,2023.2.3,164.17072442076142,2024-02-02 10h31.02.788446 -0800,
1,0,0,0,0,0,0,0,0,1,0,lu neimo,brocanto/stims/img/pilot.png,brocanto/stims/audio/lu_neimo_2.wav,x.1,,0,0,0,0,,,,,,,,,0,0,0,0,0,0,0,0,0,0,0,0,0,4,4,4,,,,,,,,,,,,,,,,,10.092412599999989,,,,,,,,,,,,,,,,,10.069851299999755,10.092412599999989,10.092412599999989,10.092412599999989,10.572188799999822,10.572188799999822,10.572282969999923,11.32349449999947,11.639143399999739,,,,,,,,,,,,,,,,,,,,,,,,,,,,,,,,,,,,,,,,,,,,,,,,,,,,,,,,,,,,,,,,,,,,,,,,1,001,1,2024-02-02_10h30.46.469,Memory and Syntax,2023.2.3,164.17072442076142,2024-02-02 10h31.02.788446 -0800,
1,0,0,0,0,0,0,0,0,1,0,lu vode,brocanto/stims/img/chef.png,brocanto/stims/audio/lu_vode_2.wav,x.1,,0,0,0,0,,,,,,,,,0,0,0,0,0,0,0,0,0,0,0,0,0,5,5,5,,,,,,,,,,,,,,,,,11.653573399999914,,,,,,,,,,,,,,,,,11.639485199999399,11.653573399999914,11.653573399999914,11.653573399999914,12.141798999999992,12.141798999999992,12.141799169999194,12.893302599999515,13.196562399999493,,,,,,,,,,,,,,,,,,,,,,,,,,,,,,,,,,,,,,,,,,,,,,,,,,,,,,,,,,,,,,,,,,,,,,,,1,001,1,2024-02-02_10h30.46.469,Memory and Syntax,2023.2.3,164.17072442076142,2024-02-02 10h31.02.788446 -0800,
1,0,0,0,0,0,0,0,0,1,0,lu neep,brocanto/stims/img/doctor.png,brocanto/stims/audio/lu_neep_2.wav,x.1,,0,0,0,0,,,,,,,,,0,0,0,0,0,0,0,0,1,0,1,0,0,0,0,0,,,,,,,,,,,,,,,,,16.775260699999308,,,,,,,,,,,15.886425699999563,15.88899450000008,15.88899450000008,15.88899450000008,15.88899450000008,16.760037299999567,16.764554999999746,16.775260699999308,16.775260699999308,16.775260699999308,17.262984899999537,17.262984899999537,17.262918569999876,18.01435609999953,19.978367899999284,13.196697599999425,13.202340499999991,13.202340499999991,13.202340499999991,13.202340499999991,13.202340499999991,15.881315699999504,r,2.678660300000047,None,,,,,,,,,,,,,,,,,,,,,,,,,,,,,,,,,,,,,,,,,,,,,,,,,,,,,,,,,,,,,,1,001,1,2024-02-02_10h30.46.469,Memory and Syntax,2023.2.3,164.17072442076142,2024-02-02 10h31.02.788446 -0800,
1,0,0,0,0,0,0,0,0,1,0,lu troise,brocanto/stims/img/janitor.png,brocanto/stims/audio/lu_troise_1.wav,x.1,,0,0,0,0,,,,,,,,,0,0,0,0,0,0,0,0,1,0,1,0,0,1,1,1,,,,,,,,,,,,,,,,,19.99074969999947,,,,,,,,,,,,,,,,,19.97863899999993,19.99074969999947,19.99074969999947,19.99074969999947,20.480924599999526,20.480924599999526,20.481009969999924,21.23242819999996,22.160116299999572,,,,,,,,,,,,,,,,,,,,,,,,,,,,,,,,,,,,,,,,,,,,,,,,,,,,,,,,,,,,,,,,,,,,,,,,1,001,1,2024-02-02_10h30.46.469,Memory and Syntax,2023.2.3,164.17072442076142,2024-02-02 10h31.02.788446 -0800,
1,0,0,0,0,0,0,0,0,1,0,lu pleck,brocanto/stims/img/mechanic.png,brocanto/stims/audio/lu_pleck_2.wav,x.1,,0,0,0,0,,,,,,,,,0,0,0,0,0,0,0,0,1,0,1,0,0,2,2,2,,,,,,,,,,,,,,,,,22.173680399999284,,,,,,,,,,,,,,,,,22.160368399999243,22.173680399999284,22.173680399999284,22.173680399999284,22.662822199999937,22.662822199999937,22.66278226999939,23.414371299999402,23.929723700000068,,,,,,,,,,,,,,,,,,,,,,,,,,,,,,,,,,,,,,,,,,,,,,,,,,,,,,,,,,,,,,,,,,,,,,,,1,001,1,2024-02-02_10h30.46.469,Memory and Syntax,2023.2.3,164.17072442076142,2024-02-02 10h31.02.788446 -0800,
1,0,0,0,0,0,0,0,0,1,0,lu blom,brocanto/stims/img/firefighter.png,brocanto/stims/audio/lu_blom_2.wav,x.1,,0,0,0,0,,,,,,,,,0,0,0,0,0,0,0,0,1,0,1,0,0,3,3,3,,,,,,,,,,,,,,,,,23.94344419999925,,,,,,,,,,,,,,,,,23.930021099999976,23.94344419999925,23.94344419999925,23.94344419999925,24.432424900000115,24.432424900000115,24.43238346999997,25.183839199999966,25.281055699999342,,,,,,,,,,,,,,,,,,,,,,,,,,,,,,,,,,,,,,,,,,,,,,,,,,,,,,,,,,,,,,,,,,,,,,,,1,001,1,2024-02-02_10h30.46.469,Memory and Syntax,2023.2.3,164.17072442076142,2024-02-02 10h31.02.788446 -0800,
1,0,0,0,0,0,0,0,0,1,0,lu neimo,brocanto/stims/img/pilot.png,brocanto/stims/audio/lu_neimo_2.wav,x.1,,0,0,0,0,,,,,,,,,0,0,0,0,0,0,0,0,1,0,1,0,0,4,4,4,,,,,,,,,,,,,,,,,25.293135699999766,,,,,,,,,,,,,,,,,25.28134979999959,25.293135699999766,25.293135699999766,25.293135699999766,25.783880999999383,25.783880999999383,25.783990770000038,26.53540029999931,27.093217799999366,,,,,,,,,,,,,,,,,,,,,,,,,,,,,,,,,,,,,,,,,,,,,,,,,,,,,,,,,,,,,,,,,,,,,,,,1,001,1,2024-02-02_10h30.46.469,Memory and Syntax,2023.2.3,164.17072442076142,2024-02-02 10h31.02.788446 -0800,
1,0,0,0,0,0,0,0,0,1,0,lu vode,brocanto/stims/img/chef.png,brocanto/stims/audio/lu_vode_2.wav,x.1,,0,0,0,0,,,,,,,,,0,0,0,0,0,0,0,0,1,0,1,0,0,5,5,5,,,,,,,,,,,,,,,,,27.104629999999815,,,,,,,,,,,,,,,,,27.093497500000012,27.104629999999815,27.104629999999815,27.104629999999815,27.5961185999995,27.5961185999995,27.59619176999977,28.34748059999947,28.75977949999924,,,,,,,,,,,,,,,,,,,,,,,,,,,,,,,,,,,,,,,,,,,,,,,,,,,,,,,,,,,,,,,,,,,,,,,,1,001,1,2024-02-02_10h30.46.469,Memory and Syntax,2023.2.3,164.17072442076142,2024-02-02 10h31.02.788446 -0800,
1,0,0,0,0,0,0,0,0,1,0,lu neep,brocanto/stims/img/doctor.png,brocanto/stims/audio/lu_neep_2.,x.1,,0,0,0,0,,,,,,,,,0,0,0,0,0,0,0,0,,,,,,,,,0,0,0,0,,,,,,,,,,,,,33.87302279999949,,,,,,,,,,,,,,,,,,,,,,,,,,28.75991509999949,28.765634699999282,28.765634699999282,28.765634699999282,28.765634699999282,28.765634699999282,30.032532599999286,t,1.2614405999993323,None,30.03578159999961,30.040082199999233,30.040082199999233,30.040082199999233,30.040082199999233,30.040082199999233,30.771887299999435,30.776299899999685,lu neep,"[1.2491141999998945, 0.25401249999958964, 1.433131200000389, 0.37601659999927506, 1.617223200000808, 0.5179241999994701, 1.707162900000185, 0.878097799999523]",30.78801999999996,30.78801999999996,30.78801999999996,31.275948299999982,31.275948299999982,31.275948299999982,31.275948299999982,33.862810499999796,"['l', 'u', 'space', 'n', 'e', 'e', 'p', 'return']","[1.2491141999998945, 1.5031266999994841, 1.6871436999999787, 1.8091477999996641, 1.993239800000083, 2.135147400000278, 2.225087099999655, 2.585260699999708]","[None, None, None, None, None, None, None, None]",33.863353599999755,33.87302279999949,33.87302279999949,33.87302279999949,33.87302279999949,34.86855839999953,,,,,,,,,,,,,,,,,,,,,,,,,,,,,,,,,,,1,001,1,2024-02-02_10h30.46.469,Memory and Syntax,2023.2.3,164.17072442076142,2024-02-02 10h31.02.788446 -0800,
1,0,0,0,0,0,0,0,0,1,0,lu troise,brocanto/stims/img/janitor.png,brocanto/stims/audio/lu_troise_1.,x.1,,0,0,0,0,,,,,,,,,0,0,0,0,0,0,0,0,,,,,,,,,0,1,1,1,,,,,,,,,,,,,39.838323999999375,,,,,,,,,,,,,,,,,,,,,,,,,,,,,,,,,,,,,,,,,,,34.8688616999998,lu pleck,"[0.5786490999998932, 0.2798014999998486, 0.7351134000000457, 0.5493859999996857, 0.9675763000004736, 0.7708380999993096, 1.941699800000606, 0.9327827999995861, 2.495648300000539, 1.2248366999992868, 2.7056747000006, 1.4788300999998683, 2.983660900000359]",34.87870059999932,34.87870059999932,34.87870059999932,35.368651599999794,35.368651599999794,35.368651599999794,35.368651599999794,39.832383999999365,"['l', 'u', 'space', 'p', 'l', 'e', 'c', 'k', 'backspace', 'backspace', 'backspace', 'l', 'e', 'c', 'k', 'return']","[0.5786490999998932, 0.8584505999997418, 1.0149148999998943, 1.2844993999997314, 1.3665560999997979, 1.5169623000001593, 1.7384143999997832, 1.9605748000003587, 2.572511399999712, 2.7125378999999157, 2.874482600000192, 3.4284311000001253, 3.720484999999826, 3.9305113999998866, 4.184504800000468, 4.462491000000227]","[None, None, None, None, None, None, None, None, None, None, None, None, None, None, None, None]",39.8329176999996,39.838323999999375,39.838323999999375,39.838323999999375,39.838323999999375,40.83228389999931,40.843681399999696,40.843681399999696,40.843681399999696,40.843681399999696,,,,,,,,,,,,,,,,,,,,,,,,,,,,,,,1,001,1,2024-02-02_10h30.46.469,Memory and Syntax,2023.2.3,164.17072442076142,2024-02-02 10h31.02.788446 -0800,
1,0,0,0,0,0,0,0,0,1,0,lu pleck,brocanto/stims/img/mechanic.png,brocanto/stims/audio/lu_pleck_2.,x.1,,0,0,0,0,,,,,,,,,0,0,0,0,0,0,0,0,,,,,,,,,0,2,2,2,,,,,,,,,,,,,45.29819669999961,,,,,,,,,,,,,,,,,,,,,,,,,,,,,,,,,,,,,,,,,,,40.83264609999969,lu pleck,"[1.4638273999999, 0.29609090000030847, 1.6898204999997688, 0.5021754000008514, 2.7137450999989596, 0.6503125000008367, 2.907724899999266, 0.7702629000013985, 3.183598199998414]",40.843681399999696,40.843681399999696,40.843681399999696,41.33514059999925,41.33514059999925,41.33514059999925,41.33514059999925,45.29290719999972,"['l', 'u', 'space', 'p', 'l', 'e', 'c', 'k', 'return']","[1.4638273999999, 1.7599183000002085, 1.9859114000000773, 2.19199590000062, 3.215920499999811, 3.3640575999997964, 3.558037400000103, 3.6779878000006647, 3.9538610999998127]","[None, None, None, None, None, None, None, None, None]",45.29353480000009,45.29819669999961,45.29819669999961,45.29819669999961,45.29819669999961,46.292543900000055,46.30339120000008,46.30339120000008,46.30339120000008,46.30339120000008,,,,,,,,,,,,,,,,,,,,,,,,,,,,,,,1,001,1,2024-02-02_10h30.46.469,Memory and Syntax,2023.2.3,164.17072442076142,2024-02-02 10h31.02.788446 -0800,
1,0,0,0,0,0,0,0,0,1,0,lu blom,brocanto/stims/img/firefighter.png,brocanto/stims/audio/lu_blom_2.,x.1,,0,0,0,0,,,,,,,,,0,0,0,0,0,0,0,0,,,,,,,,,0,3,3,3,,,,,,,,,,,,,48.844063199999255,,,,,,,,,,,,,,,,,,,,,,,,,,,,,,,,,,,,,,,,,,,46.292915099999846,lu blom,"[0.7595477999993818, 0.23186810000061087, 0.9676162999994631, 0.39991139999983716, 1.0634577999999237, 0.5780182999997123, 1.1993636999995942, 0.8380570999997872]",46.30339120000008,46.30339120000008,46.30339120000008,46.79565389999971,46.79565389999971,46.79565389999971,46.79565389999971,48.83843209999941,"['l', 'u', 'space', 'b', 'l', 'o', 'm', 'return']","[0.7595477999993818, 0.9914158999999927, 1.199484400000074, 1.3675276999993002, 1.463369199999761, 1.641476099999636, 1.7773819999993066, 2.0374207999993814]","[None, None, None, None, None, None, None, None]",48.83882779999931,48.844063199999255,48.844063199999255,48.844063199999255,48.844063199999255,49.838052199999765,49.84745059999932,49.84745059999932,49.84745059999932,49.84745059999932,,,,,,,,,,,,,,,,,,,,,,,,,,,,,,,1,001,1,2024-02-02_10h30.46.469,Memory and Syntax,2023.2.3,164.17072442076142,2024-02-02 10h31.02.788446 -0800,
1,0,0,0,0,0,0,0,0,1,0,lu neimo,brocanto/stims/img/pilot.png,brocanto/stims/audio/lu_neimo_2.,x.1,,0,0,0,0,,,,,,,,,0,0,0,0,0,0,0,0,,,,,,,,,0,4,4,4,,,,,,,,,,,,,53.46190810000007,,,,,,,,,,,,,,,,,,,,,,,,,,,,,,,,,,,,,,,,,,,49.83839679999983,lu neimo,"[0.6704204999996364, 0.24000940000041737, 0.8405145999995511, 0.32989940000061324, 0.9944920999996611, 0.40787360000012995, 1.1347121999997398, 0.5957023999999365, 2.516717499999686]",49.84745059999932,49.84745059999932,49.84745059999932,50.34063619999961,50.34063619999961,50.34063619999961,50.34063619999961,53.4562978999993,"['l', 'u', 'space', 'n', 'e', 'i', 'm', 'o', 'return']","[0.6704204999996364, 0.9104299000000537, 1.0805239999999685, 1.1704140000001644, 1.3243915000002744, 1.402365699999791, 1.5425857999998698, 1.7304145999996763, 3.1124198999996224]","[None, None, None, None, None, None, None, None, None]",53.45685249999951,53.46190810000007,53.46190810000007,53.46190810000007,53.46190810000007,54.45612209999945,54.46556899999996,54.46556899999996,54.46556899999996,54.46556899999996,,,,,,,,,,,,,,,,,,,,,,,,,,,,,,,1,001,1,2024-02-02_10h30.46.469,Memory and Syntax,2023.2.3,164.17072442076142,2024-02-02 10h31.02.788446 -0800,
1,0,0,0,0,0,0,0,0,1,0,lu vode,brocanto/stims/img/chef.png,brocanto/stims/audio/lu_vode_2.,x.1,,0,0,0,0,,,,,,,,,0,0,0,0,0,0,0,0,,,,,,,,,0,5,5,5,,,,,,,,,,,,,59.63153009999951,,,,,,,,,,,,,,,,,,,,,,,,,,,,,,,,,,,,,,,,,,,54.456459499999255,lu vode,"[0.6924683000006553, 0.2539833999999246, 0.892504800000097, 1.2239778000002843, 0.9947818000000552, 1.6156254000006811, 1.122892899999897, 1.8055126000008386, 1.4508205999991333, 1.9574907000014719, 2.0929446999989523, 2.5695159000015337]",54.46556899999996,54.46556899999996,54.46556899999996,54.95866979999937,54.95866979999937,54.95866979999937,54.95866979999937,59.62589549999939,"['l', 'u', 'space', 'v', 'o', 'd', 'backspace', 'backspace', 'v', 'o', 'd', 'e', 'e', 'return']","[0.6924683000006553, 0.9464517000005799, 1.1464882000000216, 1.976690200000121, 2.1164826000003814, 2.2187596000003396, 2.6104072000007363, 2.738518300000578, 2.9284055000007356, 3.256333199999972, 3.408311300000605, 3.6065125000004628, 4.050435400000424, 4.662460600000486]","[None, None, None, None, None, None, None, None, None, None, None, None, None, None]",59.6264201999993,59.63153009999951,59.63153009999951,59.63153009999951,59.63153009999951,60.6257298999999,60.63615329999993,60.63615329999993,60.63615329999993,60.63615329999993,,,,,,,,,,,,,,,,,,,,,,,,,,,,,,,1,001,1,2024-02-02_10h30.46.469,Memory and Syntax,2023.2.3,164.17072442076142,2024-02-02 10h31.02.788446 -0800,
1,0,0,0,0,0,0,0,0,1,0,lu neep,brocanto/stims/img/doctor.png,brocanto/stims/audio/lu_neep_2.,x.1,,0,0,0,0,,,,,,,,,0,0,0,0,0,0,0,0,,,,,,,,,0,6,6,6,,,,,,,,,,,,,70.06152209999982,,,,,,,,,,,,,,,,,,,,,,,,,,,,,,,,,,,,,,,,,,,60.62607440000011,lu neep,"[1.11745239999982, 0.29601569999977073, 1.3095241000000897, 2.3000030999992305, 1.9475337000003492, 5.3378680999994685, 2.1495897000004334, 5.501835999999457, 2.795551300000625, 5.7680477999992945, 3.1534384000005957]",60.63615329999993,60.63615329999993,60.63615329999993,61.12962119999975,61.12962119999975,61.12962119999975,61.12962119999975,70.05598629999986,"['l', 'u', 'space', 'n', 'backspace', 'n', 'e', 'e', 'p', 'lshift', 'return']","[1.11745239999982, 1.4134680999995908, 1.6055397999998604, 3.60952719999932, 4.24753679999958, 7.285401799999818, 7.487457799999902, 7.651425699999891, 8.297387300000082, 8.56359909999992, 8.92148619999989]","[None, None, None, None, None, None, None, None, None, None, None]",70.05652829999963,70.06152209999982,70.06152209999982,70.06152209999982,70.06152209999982,71.05570629999966,71.06743409999945,71.06743409999945,71.06743409999945,71.06743409999945,,,,,,,,,,,,,,,,,,,,,,,,,,,,,,,1,001,1,2024-02-02_10h30.46.469,Memory and Syntax,2023.2.3,164.17072442076142,2024-02-02 10h31.02.788446 -0800,
1,0,0,0,0,0,0,0,0,1,0,lu troise,brocanto/stims/img/janitor.png,brocanto/stims/audio/lu_troise_1.,x.1,,0,0,0,0,,,,,,,,,0,0,0,0,0,0,0,0,,,,,,,,,0,7,7,7,,,,,,,,,,,,,74.10388220000004,,,,,,,,,,,,,,,,,,,,,,,,,,,,,,,,,,,,,,,,,,,71.05603530000008,lu troise,"[0.6867425999998886, 0.35809140000037587, 0.9427685999999085, 0.6000987999996141, 1.1406807000003027, 0.750196899999537, 1.3027110000002722, 0.8061751999994158, 1.4406913000002532, 1.0981928999999582]",71.06743409999945,71.06743409999945,71.06743409999945,71.55824479999956,71.55824479999956,71.55824479999956,71.55824479999956,74.09828709999965,"['l', 'u', 'space', 't', 'r', 'o', 'i', 's', 'e', 'return']","[0.6867425999998886, 1.0448340000002645, 1.3008600000002843, 1.5428673999995226, 1.7407794999999169, 1.8908775999998397, 2.052907899999809, 2.108886199999688, 2.246866499999669, 2.5388842000002114]","[None, None, None, None, None, None, None, None, None, None]",74.09881339999993,74.10388220000004,74.10388220000004,74.10388220000004,74.10388220000004,75.09808189999967,75.10861039999963,75.10861039999963,75.10861039999963,75.10861039999963,,,,,,,,,,,,,,,,,,,,,,,,,,,,,,,1,001,1,2024-02-02_10h30.46.469,Memory and Syntax,2023.2.3,164.17072442076142,2024-02-02 10h31.02.788446 -0800,
1,0,0,0,0,0,0,0,0,1,0,lu pleck,brocanto/stims/img/mechanic.png,brocanto/stims/audio/lu_pleck_2.,x.1,,0,0,0,0,,,,,,,,,0,0,0,0,0,0,0,0,,,,,,,,,0,8,8,8,,,,,,,,,,,,,78.12195109999993,,,,,,,,,,,,,,,,,,,,,,,,,,,,,,,,,,,,,,,,,,,75.09843809999984,lu pleck,"[0.7506842000002507, 0.33161199999995006, 0.9986766000001808, 0.563771000000088, 1.1224949000006745, 0.833905099999356, 1.2986187000005884, 0.9497199999996155, 1.5609237000007852]",75.10861039999963,75.10861039999963,75.10861039999963,75.60073979999925,75.60073979999925,75.60073979999925,75.60073979999925,78.11634879999929,"['l', 'u', 'space', 'p', 'l', 'e', 'c', 'k', 'return']","[0.7506842000002507, 1.0822962000002008, 1.3302886000001308, 1.5624476000002687, 1.6862659000007625, 1.9564000000000306, 2.1325237999999445, 2.248338700000204, 2.5106437000004007]","[None, None, None, None, None, None, None, None, None]",78.11697999999978,78.12195109999993,78.12195109999993,78.12195109999993,78.12195109999993,79.11610719999953,79.12646549999954,79.12646549999954,79.12646549999954,79.12646549999954,,,,,,,,,,,,,,,,,,,,,,,,,,,,,,,1,001,1,2024-02-02_10h30.46.469,Memory and Syntax,2023.2.3,164.17072442076142,2024-02-02 10h31.02.788446 -0800,
1,0,0,0,0,0,0,0,0,1,0,lu blom,brocanto/stims/img/firefighter.png,brocanto/stims/audio/lu_blom_2.,x.1,,0,0,0,0,,,,,,,,,0,0,0,0,0,0,0,0,,,,,,,,,0,9,9,9,,,,,,,,,,,,,81.37038839999968,,,,,,,,,,,,,,,,,,,,,,,,,,,,,,,,,,,,,,,,,,,79.11646930000006,lu blom,"[0.620299399999567, 0.2521074000005683, 0.7324614999997721, 0.4279108999999153, 0.8103518999996595, 0.5821074000004955, 0.9182002999996257, 0.8262517000002845]",79.12646549999954,79.12646549999954,79.12646549999954,79.61867749999965,79.61867749999965,79.61867749999965,79.61867749999965,81.36467139999968,"['l', 'u', 'space', 'b', 'l', 'o', 'm', 'return']","[0.620299399999567, 0.8724068000001353, 0.9845689000003404, 1.1603723999996873, 1.2382627999995748, 1.392459300000155, 1.5003077000001213, 1.7444519999999102]","[None, None, None, None, None, None, None, None]",81.36520049999945,81.37038839999968,81.37038839999968,81.37038839999968,81.37038839999968,82.36453529999926,82.37276089999978,82.37276089999978,82.37276089999978,82.37276089999978,,,,,,,,,,,,,,,,,,,,,,,,,,,,,,,1,001,1,2024-02-02_10h30.46.469,Memory and Syntax,2023.2.3,164.17072442076142,2024-02-02 10h31.02.788446 -0800,
1,0,0,0,0,0,0,0,0,1,0,lu neimo,brocanto/stims/img/pilot.png,brocanto/stims/audio/lu_neimo_2.,x.1,,0,0,0,0,,,,,,,,,0,0,0,0,0,0,0,0,,,,,,,,,0,10,10,10,,,,,,,,,,,,,86.76411629999984,,,,,,,,,,,,,,,,,,,,,,,,,,,,,,,,,,,,,,,,,,,82.36488079999981,lu neimo,"[0.6678173000000243, 0.26401609999993525, 0.8800449000000299, 1.9837336999999025, 1.0059246999999232, 2.0978210000002946, 1.1359566000000996, 2.323928099999648, 1.563821900000221]",82.37276089999978,82.37276089999978,82.37276089999978,82.86729579999974,82.86729579999974,82.86729579999974,82.86729579999974,86.7586481999997,"['l', 'u', 'space', 'n', 'e', 'i', 'm', 'o', 'return']","[0.6678173000000243, 0.9318333999999595, 1.1440609999999651, 2.8637785999999323, 2.9896583999998256, 3.1037457000002178, 3.233777600000394, 3.4598846999997477, 3.887749999999869]","[None, None, None, None, None, None, None, None, None]",86.75918490000004,86.76411629999984,86.76411629999984,86.76411629999984,86.76411629999984,87.75836369999979,87.76789389999976,87.76789389999976,87.76789389999976,87.76789389999976,,,,,,,,,,,,,,,,,,,,,,,,,,,,,,,1,001,1,2024-02-02_10h30.46.469,Memory and Syntax,2023.2.3,164.17072442076142,2024-02-02 10h31.02.788446 -0800,
1,0,0,0,0,0,0,0,0,1,0,lu vode,brocanto/stims/img/chef.png,brocanto/stims/audio/lu_vode_2.,x.1,,0,0,0,0,,,,,,,,,0,0,0,0,0,0,0,0,,,,,,,,,0,11,11,11,,,,,,,,,,,,,93.44281769999998,,,,,,,,,,,,,,,,,,,,,,,,,,,,,,,,,,,,,,,,,,,87.75870009999926,lu vode,"[0.6145690000003015, 0.25961199999983364, 1.1205964999999196, 0.39968510000016977, 1.5225153000001228, 0.5296877999999197, 1.774528900000405, 0.8437188999996579, 2.014428399999815, 1.1120547999998962, 2.1260738000000856, 2.368001899999399, 2.2960628000000725, 2.512175799999568, 2.466022900000098, 2.7081496999999217]",87.76789389999976,87.76789389999976,87.76789389999976,88.26087259999986,88.26087259999986,88.26087259999986,88.26087259999986,93.43714219999947,"['l', 'u', 'space', 'b', 'l', 'backspace', 'backspace', 'space', 'v', 'l', 'backspace', 'backspace', 'v', 'o', 'd', 'e', 'return']","[0.6145690000003015, 0.8741810000001351, 1.012442999999621, 1.3802084999997533, 1.5202816000000894, 1.9222004000002926, 2.0522031000000425, 2.3042167000003246, 2.618247800000063, 2.858147299999473, 3.1264831999997114, 3.238128599999982, 4.494075699999485, 4.6640646999994715, 4.80823859999964, 4.978198699999666, 5.17417260000002]","[None, None, None, None, None, None, None, None, None, None, None, None, None, None, None, None, None]",93.43756450000001,93.44281769999998,93.44281769999998,93.44281769999998,93.44281769999998,94.43707349999931,94.45091409999986,94.45091409999986,94.45091409999986,94.45091409999986,,,,,,,,,,,,,,,,,,,,,,,,,,,,,,,1,001,1,2024-02-02_10h30.46.469,Memory and Syntax,2023.2.3,164.17072442076142,2024-02-02 10h31.02.788446 -0800,
1,0,0,0,0,0,0,0,0,1,0,,,,,,0,0,0,0,,,,,,,,,0,0,0,0,0,0,0,0,,,,,,,,,,,,,,,,,,,,,,,,,,,,,,,,,,,,,,,,,,,,,,,,,,,,,,,,,,,,,,,,,,,,,,,,,,,,,,,,,,,,,,,,,,,,94.43723189999946,94.45091409999986,94.45091409999986,94.45091409999986,94.45091409999986,94.45091409999986,103.88502179999978,space,9.432175099999768,None,,,,,,,,,,,,,,,,,,,,,1,001,1,2024-02-02_10h30.46.469,Memory and Syntax,2023.2.3,164.17072442076142,2024-02-02 10h31.02.788446 -0800,
1,0,0,0,0,0,0,0,0,1,0,,brocanto/stims/img/sentence111.png,brocanto/stims/audio/lu_blom_gop_li_2.wav,,lu blom gop li,0,0,0,0,,,,,,,,,0,0,0,0,,,,,,,,,,,,,,,,,,,,,0,0,0,0,0,0,0,0,111.29944429999978,,,,,,,,,,,,,,,,,,,,,,,,,,,,,,,,,,,,,,,,,,,,,,,,,,,,,,,,,,,,,,,,,,,,,,,,,,,,,103.88827760000004,103.89348789999985,103.89348789999985,103.89348789999985,103.89348789999985,103.89348789999985,111.26693389999946,111.28306629999952,111.29944429999978,111.29944429999978,111.29944429999978,111.76976056999965,111.79393959999925,111.79393959999925,118.35124689999975,118.35124689999975,118.40873669999928,118.40873669999928,118.40873669999928,118.39403829999992,1,001,1,2024-02-02_10h30.46.469,Memory and Syntax,2023.2.3,164.17072442076142,2024-02-02 10h31.02.788446 -0800,
1,0,0,0,0,0,0,0,0,1,0,,brocanto/stims/img/sentence108.png,brocanto/stims/audio/lu_neimo_zayma_li_2.wav,,lu neimo zayma li,0,0,0,0,,,,,,,,,0,0,0,0,,,,,,,,,,,,,,,,,,,,,0,0,0,0,0,1,1,1,118.40873669999928,,,,,,,,,,,,,,,,,,,,,,,,,,,,,,,,,,,,,,,,,,,,,,,,,,,,,,,,,,,,,,,,,,,,,,,,,,,,,,,,,,,,118.39458579999973,118.40873669999928,118.40873669999928,118.40873669999928,118.89678336999995,118.90282819999993,118.90282819999993,125.47852489999968,125.47852489999968,125.53150809999988,125.53150809999988,125.53150809999988,125.50295539999934,1,001,1,2024-02-02_10h30.46.469,Memory and Syntax,2023.2.3,164.17072442076142,2024-02-02 10h31.02.788446 -0800,
1,0,0,0,0,0,0,0,0,1,0,,brocanto/stims/img/sentence78.png,brocanto/stims/audio/noyka_lu_neep_lu_pleck_2.wav,,noyka lu neep lu pleck,0,0,0,0,,,,,,,,,0,0,0,0,,,,,,,,,,,,,,,,,,,,,0,0,0,0,0,2,2,2,125.53150809999988,,,,,,,,,,,,,,,,,,,,,,,,,,,,,,,,,,,,,,,,,,,,,,,,,,,,,,,,,,,,,,,,,,,,,,,,,,,,,,,,,,,,125.50325799999973,125.53150809999988,125.53150809999988,125.53150809999988,126.00270956999984,126.02389729999959,126.02389729999959,132.61755949999952,132.61755949999952,132.65460789999997,132.65460789999997,132.65460789999997,132.62994119999985,1,001,1,2024-02-02_10h30.46.469,Memory and Syntax,2023.2.3,164.17072442076142,2024-02-02 10h31.02.788446 -0800,
1,0,0,0,0,0,0,0,0,1,0,,brocanto/stims/img/sentence32.png,brocanto/stims/audio/lu_neep_nim_li_1.wav,,lu neep nim li,0,0,0,0,,,,,,,,,0,0,0,0,,,,,,,,,,,,,,,,,,,,,0,0,0,0,0,3,3,3,132.65460789999997,,,,,,,,,,,,,,,,,,,,,,,,,,,,,,,,,,,,,,,,,,,,,,,,,,,,,,,,,,,,,,,,,,,,,,,,,,,,,,,,,,,,132.6302509999996,132.65460789999997,132.65460789999997,132.65460789999997,133.13280167000002,133.15095079999992,133.15095079999992,139.70840109999972,139.70840109999972,139.7751443999996,139.7751443999996,139.7751443999996,139.7509614999999,1,001,1,2024-02-02_10h30.46.469,Memory and Syntax,2023.2.3,164.17072442076142,2024-02-02 10h31.02.788446 -0800,
,,,,,,,,,,,,,,,,,,,,,,,,,,,,,,,,,,,,,,,,,,,,,,,,,,,,,,,,,,,,139.7751443999996,,,,,,,,,,,,,,,,,,,,,,,,,,,,,,,,,,,,,,,,,,,,,,,,,,,,,,,,,,,,,,,,,,,,,,,,,,,,,,,,,,,,139.75129070000003,139.7751443999996,139.7751443999996,139.7751443999996,140.25379446999986,140.27194819999931,140.27194819999931,,,,,,,,,,,,,,,
