﻿session,mem_test_reps,cvmt,cvmtP1_reps,cvmtP2_reps,asrt,crtt,cspan,english_ajt_reps,brocanto_learn_reps,brocanto_gjt_reps,word,img,audio_vocab,version,experimentFlow.thisRepN,experimentFlow.thisTrialN,experimentFlow.thisN,experimentFlow.thisIndex,memoryTests.thisRepN,memoryTests.thisTrialN,memoryTests.thisN,memoryTests.thisIndex,engAJT_block.thisRepN,engAJT_block.thisTrialN,engAJT_block.thisN,engAJT_block.thisIndex,brocantoLearnPrax.thisRepN,brocantoLearnPrax.thisTrialN,brocantoLearnPrax.thisN,brocantoLearnPrax.thisIndex,vocabPhase.thisRepN,vocabPhase.thisTrialN,vocabPhase.thisN,vocabPhase.thisIndex,vocabRep.thisRepN,vocabRep.thisTrialN,vocabRep.thisN,vocabRep.thisIndex,vocabLearnTrials.thisRepN,vocabLearnTrials.thisTrialN,vocabLearnTrials.thisN,vocabLearnTrials.thisIndex,vocabTestTrials.thisRepN,vocabTestTrials.thisTrialN,vocabTestTrials.thisN,vocabTestTrials.thisIndex,too_fast_punish.thisRepN,too_fast_punish.thisTrialN,too_fast_punish.thisN,too_fast_punish.thisIndex,sentLearnPhase.thisRepN,sentLearnPhase.thisTrialN,sentLearnPhase.thisN,sentLearnPhase.thisIndex,sentLearnTrials.thisRepN,sentLearnTrials.thisTrialN,sentLearnTrials.thisN,sentLearnTrials.thisIndex,sentence,audio_sent,thisRow.t,notes,load.started,load.stopped,brocantoIntro.started,brocanto_story.started,start_brocanto.started,progress_bar1_3.started,progress_bar2_3.started,progress_bar_txt_3.started,brocantoIntro.stopped,vocabInstr.started,vocab_learn_begin.started,progress_bar1_4.started,progress_bar2_4.started,progress_bar_txt_4.started,vocabInstr.stopped,vocabLearnTrial.started,progress_bar1_5.started,progress_bar2_5.started,progress_bar_txt_5.started,vocab_text.started,vocab_image.started,vocab_audio.started,key_resp.started,vocabLearnTrial.stopped,vocabRepeat.started,vrepeat.started,vrepeat_key_resp.started,progress_bar1_6.started,progress_bar2_6.started,progress_bar_txt_6.started,vocabRepeat.stopped,vrepeat_key_resp.keys,vrepeat_key_resp.rt,vrepeat_key_resp.duration,vocabTestInstr.started,vtest_instr_text.started,vtest_begin.started,progress_bar1_7.started,progress_bar2_7.started,progress_bar_txt_7.started,vocabTestInstr.stopped,vocabTest.started,vocabTest_resp,vocabTest_rts,progress_bar1_8.started,progress_bar2_8.started,progress_bar_txt_8.started,answerbox.started,vtest_key_resp.started,vtest_text.started,vtest_img.started,vocabTest.stopped,vtest_key_resp.keys,vtest_key_resp.rt,vtest_key_resp.duration,vocabTest_fb.started,vtest_fb.started,progress_bar1_9.started,progress_bar2_9.started,progress_bar_txt_9.started,vocabTest_fb.stopped,vtest_fb.stopped,progress_bar1_9.stopped,progress_bar2_9.stopped,progress_bar_txt_9.stopped,vocabEval.started,vtest_eval.started,v_phase_end.started,progress_bar1_10.started,progress_bar2_10.started,progress_bar_txt_10.started,vocabEval.stopped,v_phase_end.keys,v_phase_end.rt,v_phase_end.duration,sentLearnInstr.started,sent_learn_instr_text.started,sent_learn_begin.started,progress_bar1_11.started,progress_bar2_11.started,progress_bar_txt_11.started,sentLearnInstr.stopped,sentenceLearnTrial.started,Sona ID,Participant ID,Session,date,expName,psychopyVersion,frameRate,expStart,
1,0,0,0,0,0,0,0,0,1,0,lu neep,brocanto/stims/img/doctor.png,brocanto/stims/audio/lu_neep_2.wav,x.1,0,0,0,0,,,,,,,,,0,0,0,0,0,0,0,0,0,0,0,0,0,0,0,0,,,,,,,,,,,,,,,,,,,2.0572542999998404,,0.08269300000029034,0.08276029999979073,0.08928699999978562,0.09792930000003253,0.09792930000003253,0.09792930000003253,0.09792930000003253,0.09792930000003253,1.3638440000004266,1.367952399999922,1.3720296999999846,1.3720296999999846,1.3720296999999846,1.3720296999999846,2.036423300000024,2.0417797000000064,2.0572542999998404,2.0572542999998404,2.0572542999998404,2.53926440000032,2.53926440000032,2.5397782000000917,3.2907836000003954,4.618123100000048,,,,,,,,,,,,,,,,,,,,,,,,,,,,,,,,,,,,,,,,,,,,,,,,,,,,,,,,,,,,1,001,1,2024-02-02_10h45.00.927,Memory and Syntax,2023.2.3,180.2107023539797,2024-02-02 10h45.10.717031 -0800,
1,0,0,0,0,0,0,0,0,1,0,lu troise,brocanto/stims/img/janitor.png,brocanto/stims/audio/lu_troise_1.wav,x.1,0,0,0,0,,,,,,,,,0,0,0,0,0,0,0,0,0,0,0,0,0,1,1,1,,,,,,,,,,,,,,,,,,,4.633145200000399,,,,,,,,,,,,,,,,,4.618427500000507,4.633145200000399,4.633145200000399,4.633145200000399,5.120959900000344,5.120959900000344,5.121803099999942,5.872480500000165,6.018236300000353,,,,,,,,,,,,,,,,,,,,,,,,,,,,,,,,,,,,,,,,,,,,,,,,,,,,,,,,,,,,1,001,1,2024-02-02_10h45.00.927,Memory and Syntax,2023.2.3,180.2107023539797,2024-02-02 10h45.10.717031 -0800,
1,0,0,0,0,0,0,0,0,1,0,lu pleck,brocanto/stims/img/mechanic.png,brocanto/stims/audio/lu_pleck_2.wav,x.1,0,0,0,0,,,,,,,,,0,0,0,0,0,0,0,0,0,0,0,0,0,2,2,2,,,,,,,,,,,,,,,,,,,6.033555200000592,,,,,,,,,,,,,,,,,6.018536000000495,6.033555200000592,6.033555200000592,6.033555200000592,6.520938600000591,6.520938600000591,6.521362200000203,7.272319600000628,7.763522799999919,,,,,,,,,,,,,,,,,,,,,,,,,,,,,,,,,,,,,,,,,,,,,,,,,,,,,,,,,,,,1,001,1,2024-02-02_10h45.00.927,Memory and Syntax,2023.2.3,180.2107023539797,2024-02-02 10h45.10.717031 -0800,
1,0,0,0,0,0,0,0,0,1,0,lu blom,brocanto/stims/img/firefighter.png,brocanto/stims/audio/lu_blom_2.wav,x.1,0,0,0,0,,,,,,,,,0,0,0,0,0,0,0,0,0,0,0,0,0,3,3,3,,,,,,,,,,,,,,,,,,,7.7765558000000965,,,,,,,,,,,,,,,,,7.7638199000002714,7.7765558000000965,7.7765558000000965,7.7765558000000965,8.266415099999904,8.266415099999904,8.266692400000556,9.017774599999939,9.103064099999756,,,,,,,,,,,,,,,,,,,,,,,,,,,,,,,,,,,,,,,,,,,,,,,,,,,,,,,,,,,,1,001,1,2024-02-02_10h45.00.927,Memory and Syntax,2023.2.3,180.2107023539797,2024-02-02 10h45.10.717031 -0800,
1,0,0,0,0,0,0,0,0,1,0,lu neimo,brocanto/stims/img/pilot.png,brocanto/stims/audio/lu_neimo_2.wav,x.1,0,0,0,0,,,,,,,,,0,0,0,0,0,0,0,0,0,0,0,0,0,4,4,4,,,,,,,,,,,,,,,,,,,9.114849999999933,,,,,,,,,,,,,,,,,9.103395699999965,9.114849999999933,9.114849999999933,9.114849999999933,9.60571549999986,9.60571549999986,9.606200600000284,10.357289300000048,10.575676999999814,,,,,,,,,,,,,,,,,,,,,,,,,,,,,,,,,,,,,,,,,,,,,,,,,,,,,,,,,,,,1,001,1,2024-02-02_10h45.00.927,Memory and Syntax,2023.2.3,180.2107023539797,2024-02-02 10h45.10.717031 -0800,
1,0,0,0,0,0,0,0,0,1,0,lu vode,brocanto/stims/img/chef.png,brocanto/stims/audio/lu_vode_2.wav,x.1,0,0,0,0,,,,,,,,,0,0,0,0,0,0,0,0,0,0,0,0,0,5,5,5,,,,,,,,,,,,,,,,,,,10.589116199999808,,,,,,,,,,,,,,,,,10.575968199999807,10.589116199999808,10.589116199999808,10.589116199999808,11.078491500000382,11.078491500000382,11.078918299999804,11.829812400000264,12.078541200000473,,,,,,,,,,,,,,,,,,,,,,,,,,,,,,,,,,,,,,,,,,,,,,,,,,,,,,,,,,,,1,001,1,2024-02-02_10h45.00.927,Memory and Syntax,2023.2.3,180.2107023539797,2024-02-02 10h45.10.717031 -0800,
1,0,0,0,0,0,0,0,0,1,0,lu neep,brocanto/stims/img/doctor.png,brocanto/stims/audio/lu_neep_2.,x.1,0,0,0,0,,,,,,,,,0,0,0,0,0,0,0,0,,,,,,,,,0,0,0,0,,,,,,,,,,,,,,,19.513682900000276,,,,,,,,,,,,,,,,,,,,,,,,,,12.078673699999854,12.084376499999962,12.084376499999962,12.084376499999962,12.084376499999962,12.084376499999962,13.236219400000664,t,1.146142100000361,None,13.240050500000507,13.244465800000398,13.244465800000398,13.244465800000398,13.244465800000398,13.244465800000398,13.920934900000248,13.92612790000021,lu neep,"[1.0843201999996381, 0.3720141000003423, 1.3904536000000007, 0.823728299999857, 1.7385549999999057, 1.4237472000004345, 1.948638299999402, 1.5896269000004395, 2.2127052999994703, 2.2176541000008, 2.514598799999476, 2.559862300000532]",13.936764200000653,13.936764200000653,13.936764200000653,14.424205100000108,14.424205100000108,14.424205100000108,14.424205100000108,19.502877400000216,"['k', 'backspace', 'l', 'u', 'space', 'backspace', 'u', 'space', 'n', 'e', 'e', 'e', 'p', 'return']","[1.0843201999996381, 1.4563342999999804, 1.762467700000343, 2.060402299999623, 2.2141818999998577, 2.5622832999997627, 3.1623022000003402, 3.3723854999998366, 3.5382651999998416, 3.67225899999994, 3.80233219999991, 4.43035940000027, 4.732252900000276, 5.074461100000008]","[None, None, None, None, None, None, None, None, None, None, None, None, None, None]",19.503554400000212,19.513682900000276,19.513682900000276,19.513682900000276,19.513682900000276,20.508645500000057,,,,,,,,,,,,,,,,,,,,,,,1,001,1,2024-02-02_10h45.00.927,Memory and Syntax,2023.2.3,180.2107023539797,2024-02-02 10h45.10.717031 -0800,
1,0,0,0,0,0,0,0,0,1,0,lu troise,brocanto/stims/img/janitor.png,brocanto/stims/audio/lu_troise_1.,x.1,0,0,0,0,,,,,,,,,0,0,0,0,0,0,0,0,,,,,,,,,0,1,1,1,,,,,,,,,,,,,,,26.993159399999968,,,,,,,,,,,,,,,,,,,,,,,,,,,,,,,,,,,,,,,,,,,20.50901680000061,lu troise,"[0.6362787999996726, 0.41805639999984123, 0.8203717999995206, 0.6839298000004419, 1.2483823999991728, 0.9799723000005542, 1.4243823999995584, 1.1239597000003414, 1.58837019999919, 1.2779157000004489, 1.8244133999996848, 1.5338764999996783, 1.9625754999997298, 2.105745200000456, 2.432569999999032, 2.4758197000010114, 2.8345481999986077, 3.1378487000010864]",20.520213599999806,20.520213599999806,20.520213599999806,21.014138900000034,21.014138900000034,21.014138900000034,21.014138900000034,26.987526200000502,"['l', 'u', 'space', 't', 'r', 'o', 'r', 'backspace', 'backspace', 'r', 'p', 'o', 'backspace', 'backspace', 'o', 'i', 's', 'e', 'return']","[0.6362787999996726, 1.0543351999995139, 1.2384281999993618, 1.5043015999999625, 1.7004816999997274, 1.9323121999996147, 2.228354699999727, 2.4043547000001126, 2.5483420999999, 2.7123298999995313, 2.866285899999639, 3.1023291000001336, 3.358289899999363, 3.496451999999408, 4.068320700000186, 4.538315199999488, 4.908389700000043, 5.310367899999619, 5.972396899999694]","[None, None, None, None, None, None, None, None, None, None, None, None, None, None, None, None, None, None, None]",26.98793900000055,26.993159399999968,26.993159399999968,26.993159399999968,26.993159399999968,27.98717780000061,27.997500200000104,27.997500200000104,27.997500200000104,27.997500200000104,,,,,,,,,,,,,,,,,,,1,001,1,2024-02-02_10h45.00.927,Memory and Syntax,2023.2.3,180.2107023539797,2024-02-02 10h45.10.717031 -0800,
1,0,0,0,0,0,0,0,0,1,0,lu pleck,brocanto/stims/img/mechanic.png,brocanto/stims/audio/lu_pleck_2.,x.1,0,0,0,0,,,,,,,,,0,0,0,0,0,0,0,0,,,,,,,,,0,2,2,2,,,,,,,,,,,,,,,32.18690930000048,,,,,,,,,,,,,,,,,,,,,,,,,,,,,,,,,,,,,,,,,,,27.987528499999826,lu pleck,"[0.7084776000001511, 0.463955199999873, 1.060362900000655, 0.7741334999991523, 1.5984188000011272, 1.0939171999989412, 1.8844411000009131, 1.2999115999991773, 2.3864645000012388]",27.997500200000104,27.997500200000104,27.997500200000104,28.490043300000252,28.490043300000252,28.490043300000252,28.490043300000252,32.18138650000037,"['l', 'u', 'space', 'p', 'l', 'l', 'e', 'c', 'k', 'return']","[0.7084776000001511, 1.1724328000000241, 1.524318100000528, 1.8344963999998072, 2.0186808999997083, 2.3725523000002795, 2.6923360000000685, 2.9783582999998544, 3.1843527000000904, 3.686376100000416]","[None, None, None, None, None, None, None, None, None, None]",32.181932999999844,32.18690930000048,32.18690930000048,32.18690930000048,32.18690930000048,33.18113119999998,33.19141010000021,33.19141010000021,33.19141010000021,33.19141010000021,,,,,,,,,,,,,,,,,,,1,001,1,2024-02-02_10h45.00.927,Memory and Syntax,2023.2.3,180.2107023539797,2024-02-02 10h45.10.717031 -0800,
1,0,0,0,0,0,0,0,0,1,0,lu blom,brocanto/stims/img/firefighter.png,brocanto/stims/audio/lu_blom_2.,x.1,0,0,0,0,,,,,,,,,0,0,0,0,0,0,0,0,,,,,,,,,0,3,3,3,,,,,,,,,,,,,,,36.86558210000021,,,,,,,,,,,,,,,,,,,,,,,,,,,,,,,,,,,,,,,,,,,33.181480700000066,lu blom,"[1.0925979999992705, 0.6179869000006875, 1.3245563999989827, 0.8742714000009073, 1.5183933999987858, 1.0742634000007456, 1.6983505999987756, 1.476406900001166]",33.19141010000021,33.19141010000021,33.19141010000021,33.68380010000055,33.68380010000055,33.68380010000055,33.68380010000055,36.860065900000336,"['l', 'u', 'space', 'b', 'l', 'o', 'm', 'return']","[1.0925979999992705, 1.710584899999958, 1.9425432999996701, 2.19882779999989, 2.392664799999693, 2.5926567999995314, 2.772613999999521, 3.1747574999999415]","[None, None, None, None, None, None, None, None]",36.86047210000015,36.86558210000021,36.86558210000021,36.86558210000021,36.86558210000021,37.859686599999804,37.86806570000044,37.86806570000044,37.86806570000044,37.86806570000044,,,,,,,,,,,,,,,,,,,1,001,1,2024-02-02_10h45.00.927,Memory and Syntax,2023.2.3,180.2107023539797,2024-02-02 10h45.10.717031 -0800,
1,0,0,0,0,0,0,0,0,1,0,lu neimo,brocanto/stims/img/pilot.png,brocanto/stims/audio/lu_neimo_2.,x.1,0,0,0,0,,,,,,,,,0,0,0,0,0,0,0,0,,,,,,,,,0,4,4,4,,,,,,,,,,,,,,,41.33827089999977,,,,,,,,,,,,,,,,,,,,,,,,,,,,,,,,,,,,,,,,,,,37.8600406000005,lu neimo,"[0.6281903999997667, 0.47813380000025063, 0.9260641999990185, 0.7201323000008415, 1.1342167999982848, 0.992003600001226, 1.3702469999980167, 1.23996470000111, 1.7303324999984397]",37.86806570000044,37.86806570000044,37.86806570000044,38.36226010000064,38.36226010000064,38.36226010000064,38.36226010000064,41.33306260000063,"['l', 'u', 'space', 'n', 'e', 'i', 'm', 'o', 'return']","[0.6281903999997667, 1.1063242000000173, 1.404197999999269, 1.64619649999986, 1.8543490999991263, 2.126220399999511, 2.3622505999992427, 2.6102116999991267, 2.9702971999995498]","[None, None, None, None, None, None, None, None, None]",41.333583499999804,41.33827089999977,41.33827089999977,41.33827089999977,41.33827089999977,42.33268339999995,42.3431829000001,42.3431829000001,42.3431829000001,42.3431829000001,,,,,,,,,,,,,,,,,,,1,001,1,2024-02-02_10h45.00.927,Memory and Syntax,2023.2.3,180.2107023539797,2024-02-02 10h45.10.717031 -0800,
1,0,0,0,0,0,0,0,0,1,0,lu vode,brocanto/stims/img/chef.png,brocanto/stims/audio/lu_vode_2.,x.1,0,0,0,0,,,,,,,,,0,0,0,0,0,0,0,0,,,,,,,,,0,5,5,5,,,,,,,,,,,,,,,47.08355940000001,,,,,,,,,,,,,,,,,,,,,,,,,,,,,,,,,,,,,,,,,,,42.33305030000065,lu vode,"[0.8702071000006981, 0.4219058999997287, 1.102221100000861, 0.8519481999992422, 1.6463006000012683, 1.165796199999022, 1.7823849000014889, 1.3837535999991815, 2.054309900001499, 1.6039262999984203, 2.3082548000020324, 1.927932199998395]",42.3431829000001,42.3431829000001,42.3431829000001,42.83631260000038,42.83631260000038,42.83631260000038,42.83631260000038,47.07792950000021,"['l', 'u', 'space', 'v', 'o', 'backspace', 'v', 'backspace', 'backspace', 'v', 'o', 'd', 'e', 'return']","[0.8702071000006981, 1.2921130000004268, 1.5241270000005898, 1.7443683999999848, 1.9541693000001032, 2.3503175000005285, 2.4982488000005105, 2.8120968000002904, 2.948181100000511, 3.1661385000006703, 3.4380635000006805, 3.6582361999999193, 3.9121811000004527, 4.236187000000427]","[None, None, None, None, None, None, None, None, None, None, None, None, None, None]",47.078438300000016,47.08355940000001,47.08355940000001,47.08355940000001,47.08355940000001,48.0777678000004,48.0880060999998,48.0880060999998,48.0880060999998,48.0880060999998,,,,,,,,,,,,,,,,,,,1,001,1,2024-02-02_10h45.00.927,Memory and Syntax,2023.2.3,180.2107023539797,2024-02-02 10h45.10.717031 -0800,
1,0,0,0,0,0,0,0,0,1,0,lu neep,brocanto/stims/img/doctor.png,brocanto/stims/audio/lu_neep_2.,x.1,0,0,0,0,,,,,,,,,0,0,0,0,0,0,0,0,,,,,,,,,0,6,6,6,,,,,,,,,,,,,,,51.21074510000017,,,,,,,,,,,,,,,,,,,,,,,,,,,,,,,,,,,,,,,,,,,48.078087900000355,lu neep,"[0.6377118000000337, 0.4239783000002717, 0.9998591000003216, 0.681939500000226, 1.2058053000000655, 0.8399938000002294, 1.4456950000003417, 1.176226499999757]",48.0880060999998,48.0880060999998,48.0880060999998,48.58065590000024,48.58065590000024,48.58065590000024,48.58065590000024,51.20520040000065,"['l', 'u', 'space', 'n', 'e', 'e', 'p', 'return']","[0.6377118000000337, 1.0616901000003054, 1.4238374000005933, 1.6817986000005476, 1.8877448000002914, 2.045799100000295, 2.285688800000571, 2.6219215000000986]","[None, None, None, None, None, None, None, None]",51.20565940000051,51.21074510000017,51.21074510000017,51.21074510000017,51.21074510000017,52.204903800000466,52.21721820000039,52.21721820000039,52.21721820000039,52.21721820000039,,,,,,,,,,,,,,,,,,,1,001,1,2024-02-02_10h45.00.927,Memory and Syntax,2023.2.3,180.2107023539797,2024-02-02 10h45.10.717031 -0800,
1,0,0,0,0,0,0,0,0,1,0,lu troise,brocanto/stims/img/janitor.png,brocanto/stims/audio/lu_troise_1.,x.1,0,0,0,0,,,,,,,,,0,0,0,0,0,0,0,0,,,,,,,,,0,7,7,7,,,,,,,,,,,,,,,56.834832300000016,,,,,,,,,,,,,,,,,,,,,,,,,,,,,,,,,,,,,,,,,,,52.20528580000064,lu troise,"[1.4112999999997555, 0.5616541999997935, 1.6095029999996768, 0.8015474000003451, 1.911538199999086, 1.081559200000811, 2.1294875999992655, 1.4095969000009063, 2.321411699998862, 1.795676500000809]",52.21721820000039,52.21721820000039,52.21721820000039,52.70740579999983,52.70740579999983,52.70740579999983,52.70740579999983,56.829265500000474,"['l', 'l', 'u', 'space', 't', 'r', 'o', 'i', 's', 'e', 'return']","[0.6672017000000778, 1.4112999999997555, 1.972954199999549, 2.1711571999994703, 2.411050400000022, 2.713085599999431, 2.993097399999897, 3.2110468000000765, 3.539084500000172, 3.731008599999768, 4.117088199999671]","[None, None, None, None, None, None, None, None, None, None, None]",56.82992009999998,56.834832300000016,56.834832300000016,56.834832300000016,56.834832300000016,57.82903239999996,57.84023799999977,57.84023799999977,57.84023799999977,57.84023799999977,,,,,,,,,,,,,,,,,,,1,001,1,2024-02-02_10h45.00.927,Memory and Syntax,2023.2.3,180.2107023539797,2024-02-02 10h45.10.717031 -0800,
1,0,0,0,0,0,0,0,0,1,0,lu pleck,brocanto/stims/img/mechanic.png,brocanto/stims/audio/lu_pleck_2.,x.1,0,0,0,0,,,,,,,,,0,0,0,0,0,0,0,0,,,,,,,,,0,8,8,8,,,,,,,,,,,,,,,62.50132870000016,,,,,,,,,,,,,,,,,,,,,,,,,,,,,,,,,,,,,,,,,,,57.829386800000066,lu pleck,"[0.7829552999992302, 0.660106000000269, 1.0748037999992448, 1.0740627000004679, 1.0831168999993679, 1.0917669000000387, 1.4871057999998811, 1.2277217999999266, 1.6632412999997541, 1.4456269000002067, 1.7692048999997496, 1.6837414000001445, 1.9951994999992166, 1.86165820000042, 2.299199599999156]",57.84023799999977,57.84023799999977,57.84023799999977,58.331594700000096,58.331594700000096,58.331594700000096,58.331594700000096,62.495655499999884,"['l', 'u', 'space', 'o', 'p', 'l', 'backspace', 'backspace', 'backspace', 'p', 'l', 'e', 'c', 'k', 'return']","[0.7829552999992302, 1.4430612999994992, 1.7349097999995138, 2.1488664999997127, 2.1571795999998358, 2.1748837999994066, 2.57887269999992, 2.7148275999998077, 2.8909630999996807, 3.108868199999961, 3.2148317999999563, 3.452946299999894, 3.678940899999361, 3.8568576999996367, 4.160857799999576]","[None, None, None, None, None, None, None, None, None, None, None, None, None, None, None]",62.49620070000037,62.50132870000016,62.50132870000016,62.50132870000016,62.50132870000016,63.49554059999991,63.508467000000564,63.508467000000564,63.508467000000564,63.508467000000564,,,,,,,,,,,,,,,,,,,1,001,1,2024-02-02_10h45.00.927,Memory and Syntax,2023.2.3,180.2107023539797,2024-02-02 10h45.10.717031 -0800,
1,0,0,0,0,0,0,0,0,1,0,lu blom,brocanto/stims/img/firefighter.png,brocanto/stims/audio/lu_blom_2.,x.1,0,0,0,0,,,,,,,,,0,0,0,0,0,0,0,0,,,,,,,,,0,9,9,9,,,,,,,,,,,,,,,66.11336540000048,,,,,,,,,,,,,,,,,,,,,,,,,,,,,,,,,,,,,,,,,,,63.49589569999989,lu blom,"[0.576253899999756, 0.2518340000005992, 0.7783346999995047, 0.45178480000049603, 0.9202990999992835, 0.6559486000005563, 1.170106699999451, 0.9340004000005138]",63.508467000000564,63.508467000000564,63.508467000000564,63.99837120000029,63.99837120000029,63.99837120000029,63.99837120000029,66.10777380000036,"['l', 'u', 'space', 'b', 'l', 'o', 'm', 'return']","[0.576253899999756, 0.8280879000003551, 1.0301687000001039, 1.2301195000000007, 1.3720838999997795, 1.5762476999998398, 1.8260553000000073, 2.1041070999999647]","[None, None, None, None, None, None, None, None]",66.1083236000004,66.11336540000048,66.11336540000048,66.11336540000048,66.11336540000048,67.10759260000032,67.1160518000006,67.1160518000006,67.1160518000006,67.1160518000006,,,,,,,,,,,,,,,,,,,1,001,1,2024-02-02_10h45.00.927,Memory and Syntax,2023.2.3,180.2107023539797,2024-02-02 10h45.10.717031 -0800,
1,0,0,0,0,0,0,0,0,1,0,lu neimo,brocanto/stims/img/pilot.png,brocanto/stims/audio/lu_neimo_2.,x.1,0,0,0,0,,,,,,,,,0,0,0,0,0,0,0,0,,,,,,,,,0,10,10,10,,,,,,,,,,,,,,,70.02236960000027,,,,,,,,,,,,,,,,,,,,,,,,,,,,,,,,,,,,,,,,,,,67.10797160000038,lu neimo,"[0.5922058000005563, 0.351992999999311, 0.7421092000013232, 0.5279583999990791, 0.8821066000009523, 0.6460192999993524, 1.2403043000012985, 0.8619425999986561, 1.5405327000016769]",67.1160518000006,67.1160518000006,67.1160518000006,67.6103447000005,67.6103447000005,67.6103447000005,67.6103447000005,70.01675580000028,"['l', 'u', 'space', 'n', 'e', 'i', 'm', 'o', 'return']","[0.5922058000005563, 0.9441987999998673, 1.0941022000006342, 1.2700676000004023, 1.4100650000000314, 1.5281259000003047, 1.886323600000651, 2.1022468999999546, 2.402475300000333]","[None, None, None, None, None, None, None, None, None]",70.0173163999998,70.02236960000027,70.02236960000027,70.02236960000027,70.02236960000027,71.01656820000062,71.02682530000038,71.02682530000038,71.02682530000038,71.02682530000038,,,,,,,,,,,,,,,,,,,1,001,1,2024-02-02_10h45.00.927,Memory and Syntax,2023.2.3,180.2107023539797,2024-02-02 10h45.10.717031 -0800,
1,0,0,0,0,0,0,0,0,1,0,lu vode,brocanto/stims/img/chef.png,brocanto/stims/audio/lu_vode_2.,x.1,0,0,0,0,,,,,,,,,0,0,0,0,0,0,0,0,,,,,,,,,0,11,11,11,,,,,,,,,,,,,,,74.54358690000026,,,,,,,,,,,,,,,,,,,,,,,,,,,,,,,,,,,,,,,,,,,71.01692610000009,lu vod,"[0.45361809999940306, 0.2897800999999163, 0.7876136999993832, 1.4817775999999867, 0.9077747000001182, 1.615538199999719, 1.3920601999998325]",71.02682530000038,71.02682530000038,71.02682530000038,71.51905239999996,71.51905239999996,71.51905239999996,71.51905239999996,74.53180520000024,"['l', 'u', 'space', 'v', 'o', 'd', 'e', 'return']","[0.45361809999940306, 0.7433981999993193, 1.0773937999992995, 2.26939129999937, 2.389552300000105, 2.523312899999837, 2.7395250999998098, 3.0075983999995515]","[None, None, None, None, None, None, None, None]",74.53221060000033,74.54358690000026,74.54358690000026,74.54358690000026,74.54358690000026,75.53747089999979,,,,,,,,,,,,,,,,,,,,,,,1,001,1,2024-02-02_10h45.00.927,Memory and Syntax,2023.2.3,180.2107023539797,2024-02-02 10h45.10.717031 -0800,
1,0,0,0,0,0,0,0,0,1,0,,,,,0,0,0,0,,,,,,,,,0,0,0,0,0,0,0,0,,,,,,,,,,,,,,,,,,,,,,,,,,,,,,,,,,,,,,,,,,,,,,,,,,,,,,,,,,,,,,,,,,,,,,,,,,,,,,,,,,,,,,,,,,,,,,75.53766230000019,75.55146650000006,75.55146650000006,75.55146650000006,75.55146650000006,75.55146650000006,76.6528573000005,space,1.1010152999997445,None,,,,,,,,,1,001,1,2024-02-02_10h45.00.927,Memory and Syntax,2023.2.3,180.2107023539797,2024-02-02 10h45.10.717031 -0800,
,,,,,,,,,,,,,,,,,,,,,,,,,,,,,,,,,,,,,,,,,,,,,,,,,,,,,,,,,,,,,,,,,,,,,,,,,,,,,,,,,,,,,,,,,,,,,,,,,,,,,,,,,,,,,,,,,,,,,,,,,,,,,,,,,,,,,,,,,,76.65638760000002,76.66157300000032,76.66157300000032,76.66157300000032,76.66157300000032,76.66157300000032,77.34984110000005,77.35688120000032,,,,,,,,,
