﻿session,mem_test_reps,cvmt,cvmtP1_reps,cvmtP2_reps,asrt,crtt,cspan,english_ajt_reps,brocanto_learn_reps,brocanto_gjt_reps,task_instr,stimuli_list,delay,delay_design,delay_ans,experimentFlow.thisRepN,experimentFlow.thisTrialN,experimentFlow.thisN,experimentFlow.thisIndex,memoryTests.thisRepN,memoryTests.thisTrialN,memoryTests.thisN,memoryTests.thisIndex,cvmtBlock.thisRepN,cvmtBlock.thisTrialN,cvmtBlock.thisN,cvmtBlock.thisIndex,cvmtTasks.thisRepN,cvmtTasks.thisTrialN,cvmtTasks.thisN,cvmtTasks.thisIndex,cvmtPart1.thisRepN,cvmtPart1.thisTrialN,cvmtPart1.thisN,cvmtPart1.thisIndex,cvmtPart2.thisRepN,cvmtPart2.thisTrialN,cvmtPart2.thisN,cvmtPart2.thisIndex,delayTrials.thisRepN,delayTrials.thisTrialN,delayTrials.thisN,delayTrials.thisIndex,visDiscTrials.thisRepN,visDiscTrials.thisTrialN,visDiscTrials.thisN,visDiscTrials.thisIndex,vd,vdrm,vd_ans,thisRow.t,notes,load.started,load.stopped,cvmtInstr.started,cvmt_instr.started,cvmt_begin.started,cvmtInstr.stopped,cvmtDelay.started,cvmtDelay.stopped,cvmtDelayTest.started,cvmt_delay_test_instr.started,cvmt_delay_design.started,delay_key_resp.started,delay_T_targ.started,delay_Y_targ.started,delay_U_targ.started,delay_F_targ.started,delay_G_targ.started,delay_H_targ.started,delay_J_targ.started,cvmtDelayTest.stopped,delay_key_resp.keys,delay_key_resp.corr,delay_key_resp.rt,delay_key_resp.duration,cvmtVisDisc.started,discrim_item.started,vis_discrim_instr.started,vdrm_item.started,vis_disc_key_resp.started,visdisc_T_targ.started,visdisc_Y_targ.started,visdisc_U_targ.started,visdisc_F_targ.started,visdisc_G_targ.started,visdisc_H_targ.started,visdisc_J_targ.started,Sona ID,Participant ID,Session,date,expName,psychopyVersion,frameRate,expStart,
1,1,1,0,1,0,0,0,1,1,0,"Earlier you saw some designs that looked like these. On the previous test, all of these designs appeared. However, six of these designs appeared only once; so after you saw them the first time, they never appeared again. *One* of these, however, repeated seven times on the test. Look at all seven designs and indicate which *one* design appeared more than once by pressing the corresponding key. Which one appeared seven times?",cvmt/delay_stims.xlsx,0,cvmt/delay/d1.jpg,h,0,0,0,0,0,0,0,0,0,0,0,0,0,0,0,0,,,,,0,0,0,0,0,0,0,0,,,,,,,,1.889950399985537,,0.011987200006842613,0.01207799999974668,0.019004200003109872,0.026518500060774386,0.026518500060774386,1.7417064000619575,1.7467320000287145,1.7467463000211865,1.7511350000277162,1.889950399985537,1.889950399985537,1.889950399985537,1.889950399985537,1.889950399985537,1.889950399985537,1.889950399985537,1.889950399985537,1.889950399985537,1.889950399985537,15.911174700013362,j,0,14.020746499998495,None,,,,,,,,,,,,,1,001,pilot,2024-01-24_18h18.19.972,Memory and Syntax,2023.2.3,170.44689490211462,2024-01-24 18h18.30.624230 -0800,
1,1,1,0,1,0,0,0,1,1,0,"Earlier you saw some designs that looked like these. On the previous test, all of these designs appeared. However, six of these designs appeared only once; so after you saw them the first time, they never appeared again. *One* of these, however, repeated seven times on the test. Look at all seven designs and indicate which *one* design appeared more than once by pressing the corresponding key. Which one appeared seven times?",cvmt/delay_stims.xlsx,0,cvmt/delay/d2.jpg,g,0,0,0,0,0,0,0,0,0,0,0,0,0,0,0,0,,,,,0,0,0,0,0,1,1,1,,,,,,,,15.99561960005667,,,,,,,,,,15.912143900059164,15.99561960005667,15.99561960005667,15.99561960005667,15.99561960005667,15.99561960005667,15.99561960005667,15.99561960005667,15.99561960005667,15.99561960005667,15.99561960005667,21.753566200030036,t,0,5.753087199991569,None,,,,,,,,,,,,,1,001,pilot,2024-01-24_18h18.19.972,Memory and Syntax,2023.2.3,170.44689490211462,2024-01-24 18h18.30.624230 -0800,
1,1,1,0,1,0,0,0,1,1,0,"Earlier you saw some designs that looked like these. On the previous test, all of these designs appeared. However, six of these designs appeared only once; so after you saw them the first time, they never appeared again. *One* of these, however, repeated seven times on the test. Look at all seven designs and indicate which *one* design appeared more than once by pressing the corresponding key. Which one appeared seven times?",cvmt/delay_stims.xlsx,0,cvmt/delay/d3.jpg,u,0,0,0,0,0,0,0,0,0,0,0,0,0,0,0,0,,,,,0,0,0,0,0,2,2,2,,,,,,,,21.848852399969473,,,,,,,,,,21.754081699997187,21.848852399969473,21.848852399969473,21.848852399969473,21.848852399969473,21.848852399969473,21.848852399969473,21.848852399969473,21.848852399969473,21.848852399969473,21.848852399969473,39.831828200025484,f,0,17.98186269996222,None,,,,,,,,,,,,,1,001,pilot,2024-01-24_18h18.19.972,Memory and Syntax,2023.2.3,170.44689490211462,2024-01-24 18h18.30.624230 -0800,
1,1,1,0,1,0,0,0,1,1,0,"Earlier you saw some designs that looked like these. On the previous test, all of these designs appeared. However, six of these designs appeared only once; so after you saw them the first time, they never appeared again. *One* of these, however, repeated seven times on the test. Look at all seven designs and indicate which *one* design appeared more than once by pressing the corresponding key. Which one appeared seven times?",cvmt/delay_stims.xlsx,0,cvmt/delay/d4.jpg,t,0,0,0,0,0,0,0,0,0,0,0,0,0,0,0,0,,,,,0,0,0,0,0,3,3,3,,,,,,,,39.94482530001551,,,,,,,,,,39.83236440003384,39.94482530001551,39.94482530001551,39.94482530001551,39.94482530001551,39.94482530001551,39.94482530001551,39.94482530001551,39.94482530001551,39.94482530001551,39.94482530001551,56.00105409999378,t,0,16.04995150002651,None,,,,,,,,,,,,,1,001,pilot,2024-01-24_18h18.19.972,Memory and Syntax,2023.2.3,170.44689490211462,2024-01-24 18h18.30.624230 -0800,
1,1,1,0,1,0,0,0,1,1,0,"Earlier you saw some designs that looked like these. On the previous test, all of these designs appeared. However, six of these designs appeared only once; so after you saw them the first time, they never appeared again. *One* of these, however, repeated seven times on the test. Look at all seven designs and indicate which *one* design appeared more than once by pressing the corresponding key. Which one appeared seven times?",cvmt/delay_stims.xlsx,0,cvmt/delay/d5.jpg,f,0,0,0,0,0,0,0,0,0,0,0,0,0,0,0,0,,,,,0,0,0,0,0,4,4,4,,,,,,,,56.12005729996599,,,,,,,,,,56.001554299960844,56.12005729996599,56.12005729996599,56.12005729996599,56.12005729996599,56.12005729996599,56.12005729996599,56.12005729996599,56.12005729996599,56.12005729996599,56.12005729996599,58.195014400058426,u,0,2.0687639000825584,None,,,,,,,,,,,,,1,001,pilot,2024-01-24_18h18.19.972,Memory and Syntax,2023.2.3,170.44689490211462,2024-01-24 18h18.30.624230 -0800,
1,1,1,0,1,0,0,0,1,1,0,"Earlier you saw some designs that looked like these. On the previous test, all of these designs appeared. However, six of these designs appeared only once; so after you saw them the first time, they never appeared again. *One* of these, however, repeated seven times on the test. Look at all seven designs and indicate which *one* design appeared more than once by pressing the corresponding key. Which one appeared seven times?",cvmt/delay_stims.xlsx,0,cvmt/delay/d6.jpg,t,0,0,0,0,0,0,0,0,0,0,0,0,0,0,0,0,,,,,0,0,0,0,0,5,5,5,,,,,,,,58.30566950002685,,,,,,,,,,58.19551670004148,58.30566950002685,58.30566950002685,58.30566950002685,58.30566950002685,58.30566950002685,58.30566950002685,58.30566950002685,58.30566950002685,58.30566950002685,58.30566950002685,59.52828019997105,g,0,1.217261099955067,None,,,,,,,,,,,,,1,001,pilot,2024-01-24_18h18.19.972,Memory and Syntax,2023.2.3,170.44689490211462,2024-01-24 18h18.30.624230 -0800,
,,,,,,,,,,,,,,,,,,,,,,,,,,,,,,,,,,,,,,,,,,,,,,,,,,,59.60129360004794,,,,,,,,,,,,,,,,,,,,,,,,,,59.53494140005205,59.60129360004794,59.60129360004794,59.60129360004794,59.60129360004794,59.60129360004794,59.60129360004794,59.60129360004794,59.60129360004794,59.60129360004794,59.60129360004794,59.60129360004794,,,,,,,,,
