﻿session,mem_test_reps,cvmt,cvmtP1_reps,cvmtP2_reps,asrt,crtt,cspan,english_ajt_reps,brocanto_learn_reps,brocanto_gjt_reps,sentence,img,audio_sent,experimentFlow.thisRepN,experimentFlow.thisTrialN,experimentFlow.thisN,experimentFlow.thisIndex,memoryTests.thisRepN,memoryTests.thisTrialN,memoryTests.thisN,memoryTests.thisIndex,engAJT_block.thisRepN,engAJT_block.thisTrialN,engAJT_block.thisN,engAJT_block.thisIndex,brocantoLearnPrax.thisRepN,brocantoLearnPrax.thisTrialN,brocantoLearnPrax.thisN,brocantoLearnPrax.thisIndex,vocabPhase.thisRepN,vocabPhase.thisTrialN,vocabPhase.thisN,vocabPhase.thisIndex,sentLearnPhase.thisRepN,sentLearnPhase.thisTrialN,sentLearnPhase.thisN,sentLearnPhase.thisIndex,sentLearnTrials.thisRepN,sentLearnTrials.thisTrialN,sentLearnTrials.thisN,sentLearnTrials.thisIndex,thisRow.t,notes,load.started,load.stopped,brocantoIntro.started,brocanto_story.started,start_brocanto.started,progress_bar1_3.started,progress_bar2_3.started,progress_bar_txt_3.started,brocantoIntro.stopped,sentLearnInstr.started,sent_learn_instr_text.started,sent_learn_begin.started,progress_bar1_11.started,progress_bar2_11.started,progress_bar_txt_11.started,sentLearnInstr.stopped,sentenceLearnTrial.started,progress_bar1_12.started,progress_bar2_12.started,progress_bar_txt_12.started,sentence_audio.started,sent_learn_img.started,sent_text.started,progress_bar1_12.stopped,progress_bar2_12.stopped,progress_bar_txt_12.stopped,sent_learn_img.stopped,sent_text.stopped,sentenceLearnTrial.stopped,attentionCheck.started,attention_check_text.started,attn_chk_key_resp.started,progress_bar1_23.started,progress_bar2_23.started,progress_bar_txt_23.started,attentionCheck.stopped,attn_chk_key_resp.keys,attn_chk_key_resp.corr,attn_chk_key_resp.rt,attn_chk_key_resp.duration,Sona ID,Participant ID,Session,date,expName,psychopyVersion,frameRate,expStart,
1,0,0,0,0,0,0,0,0,1,0,yab lu pleck lu blom,brocanto/stims/img/sentence38.png,brocanto/stims/audio/yab_lu_pleck_lu_blom_1.wav,0,0,0,0,,,,,,,,,0,0,0,0,,,,,0,0,0,0,0,0,0,0,1.7027655999991111,,0.0023908000002847984,0.002456700000038836,0.009417000001121778,0.016637900000205263,0.016637900000205263,0.016637900000205263,0.016637900000205263,0.016637900000205263,1.1119727000004787,1.1122637000007671,1.117915200000425,1.117915200000425,1.117915200000425,1.117915200000425,1.117915200000425,1.6754761000011058,1.681864999998652,1.7027655999991111,1.7027655999991111,1.7027655999991111,2.1782597199984592,2.2206845000000612,2.2206845000000612,8.80239470000015,8.80239470000015,8.80239470000015,9.162196100001893,9.162196100001893,9.135885300001974,,,,,,,,,,,,1,001,1,2024-02-02_16h49.59.650,Memory and Syntax,2023.2.3,171.53305957127932,2024-02-02 16h50.08.039838 -0800,
1,0,0,0,0,0,0,0,0,1,0,gop lu blom lu vode,brocanto/stims/img/sentence127.png,brocanto/stims/audio/gop_lu_blom_lu_vode_2.wav,0,0,0,0,,,,,,,,,0,0,0,0,,,,,0,0,0,0,0,1,1,1,9.162196100001893,,,,,,,,,,,,,,,,,,9.136188799999218,9.162196100001893,9.162196100001893,9.162196100001893,9.638669419999497,9.681300700001884,9.681300700001884,16.26289910000196,16.26289910000196,16.26289910000196,16.586126800000784,16.586126800000784,16.572063399999024,,,,,,,,,,,,1,001,1,2024-02-02_16h49.59.650,Memory and Syntax,2023.2.3,171.53305957127932,2024-02-02 16h50.08.039838 -0800,
1,0,0,0,0,0,0,0,0,1,0,lu neimo zayma li,brocanto/stims/img/sentence108.png,brocanto/stims/audio/lu_neimo_zayma_li_2.wav,0,0,0,0,,,,,,,,,0,0,0,0,,,,,0,0,0,0,0,2,2,2,16.586126800000784,,,,,,,,,,,,,,,,,,16.572395700000925,16.586126800000784,16.586126800000784,16.586126800000784,17.074898419998497,17.1052466000001,17.1052466000001,23.686860300000262,23.686860300000262,23.686860300000262,24.027054599999246,24.027054599999246,24.014307199999166,,,,,,,,,,,,1,001,1,2024-02-02_16h49.59.650,Memory and Syntax,2023.2.3,171.53305957127932,2024-02-02 16h50.08.039838 -0800,
1,0,0,0,0,0,0,0,0,1,0,lu blom nim li,brocanto/stims/img/sentence33.png,brocanto/stims/audio/lu_blom_nim_li_1.wav,0,0,0,0,,,,,,,,,0,0,0,0,,,,,0,0,0,0,0,3,3,3,24.027054599999246,,,,,,,,,,,,,,,,,,24.01459790000081,24.027054599999246,24.027054599999246,24.027054599999246,24.517018820001248,24.54744760000176,24.54744760000176,31.129231200000504,31.129231200000504,31.129231200000504,31.48812480000197,31.48812480000197,31.468867700001283,,,,,,,,,,,,1,001,1,2024-02-02_16h49.59.650,Memory and Syntax,2023.2.3,171.53305957127932,2024-02-02 16h50.08.039838 -0800,
1,0,0,0,0,0,0,0,0,1,0,lu vode praz li,brocanto/stims/img/sentence70.png,brocanto/stims/audio/lu_vode_praz_li_2.wav,0,0,0,0,,,,,,,,,0,0,0,0,,,,,0,0,0,0,0,4,4,4,31.48812480000197,,,,,,,,,,,,,,,,,,31.46916659999988,31.48812480000197,31.48812480000197,31.48812480000197,31.971612420000746,32.02622999999949,32.02622999999949,38.58953100000144,38.58953100000144,38.58953100000144,38.92319140000109,38.92319140000109,38.904869099998905,,,,,,,,,,,,1,001,1,2024-02-02_16h49.59.650,Memory and Syntax,2023.2.3,171.53305957127932,2024-02-02 16h50.08.039838 -0800,
1,0,0,0,0,0,0,0,0,1,0,yab lu vode lu pleck,brocanto/stims/img/sentence52.png,brocanto/stims/audio/yab_lu_vode_lu_pleck_2.wav,0,0,0,0,,,,,,,,,0,0,0,0,,,,,0,0,0,0,0,5,5,5,38.92319140000109,,,,,,,,,,,,,,,,,,38.90507010000147,38.92319140000109,38.92319140000109,38.92319140000109,39.40762812000175,39.44435169999997,39.44435169999997,46.02582850000181,46.02582850000181,46.02582850000181,46.41091339999912,46.41091339999912,46.383579199999076,,,,,,,,,,,,1,001,1,2024-02-02_16h49.59.650,Memory and Syntax,2023.2.3,171.53305957127932,2024-02-02 16h50.08.039838 -0800,
1,0,0,0,0,0,0,0,0,1,0,noyka lu neep lu neimo,brocanto/stims/img/sentence82.png,brocanto/stims/audio/noyka_lu_neep_lu_neimo_2.wav,0,0,0,0,,,,,,,,,0,0,0,0,,,,,0,0,0,0,0,6,6,6,46.41091339999912,,,,,,,,,,,,,,,,,,46.383935500001826,46.41091339999912,46.41091339999912,46.41091339999912,46.886361719998966,46.93147880000106,46.93147880000106,53.51039089999904,53.51039089999904,53.51039089999904,53.847737200001575,53.847737200001575,53.83187729999918,,,,,,,,,,,,1,001,1,2024-02-02_16h49.59.650,Memory and Syntax,2023.2.3,171.53305957127932,2024-02-02 16h50.08.039838 -0800,
1,0,0,0,0,0,0,0,0,1,0,lu neimo praz li,brocanto/stims/img/sentence72.png,brocanto/stims/audio/lu_neimo_praz_li_1.wav,0,0,0,0,,,,,,,,,0,0,0,0,,,,,1,0,1,0,0,0,0,0,55.49660900000163,,,,,,,,,,,,,,,,,,55.474270499998966,55.49660900000163,55.49660900000163,55.49660900000163,55.97129261999944,56.04402409999966,56.04402409999966,62.60121849999996,62.60121849999996,62.60121849999996,62.94993830000021,62.94993830000021,62.934665299999324,53.83200769999894,53.847737200001575,53.847737200001575,53.847737200001575,53.847737200001575,53.847737200001575,55.46844290000081,a,1,1.620260399999097,None,1,001,1,2024-02-02_16h49.59.650,Memory and Syntax,2023.2.3,171.53305957127932,2024-02-02 16h50.08.039838 -0800,
,,,,,,,,,,,,,,,,,,,,,,,,,,,,,,,,,,,,,,,,,,62.94993830000021,,,,,,,,,,,,,,,,,,62.93501319999996,62.94993830000021,62.94993830000021,62.94993830000021,63.437455919999046,63.46786979999888,63.46786979999888,,,,,,,,,,,,,,,,,,,,,,,,,,
