﻿session,mem_test_reps,cvmt,cvmtP1_reps,cvmtP2_reps,asrt,crtt,cspan,english_ajt_reps,brocanto_learn_reps,brocanto_gjt_reps,task_instr,stimuli_list,delay,delay_reps,vis_disc_reps,cvmt_design,old_or_new,experimentFlow.thisRepN,experimentFlow.thisTrialN,experimentFlow.thisN,experimentFlow.thisIndex,memoryTests.thisRepN,memoryTests.thisTrialN,memoryTests.thisN,memoryTests.thisIndex,cvmtBlock.thisRepN,cvmtBlock.thisTrialN,cvmtBlock.thisN,cvmtBlock.thisIndex,cvmtPart1.thisRepN,cvmtPart1.thisTrialN,cvmtPart1.thisN,cvmtPart1.thisIndex,cvmtTrials.thisRepN,cvmtTrials.thisTrialN,cvmtTrials.thisN,cvmtTrials.thisIndex,thisRow.t,notes,load.started,load.stopped,cvmtInstr.started,cvmt_instr.started,cvmt_begin.started,cvmtInstr.stopped,cvmtTaskInstr.started,cvmt_task_instr.started,cvmt_task_begin.started,cvmtTaskInstr.stopped,presentDesign.started,cvmt_img.started,cvmt_key_resp.started,presentDesign.stopped,cvmt_key_resp.keys,cvmt_key_resp.corr,cvmt_key_resp.rt,cvmt_key_resp.duration,cvmtNoResp.started,cvmtNoResp.stopped,cvmt_key_resp2.keys,cvmt_key_resp2.corr,cvmtSampleFB.started,cvmtSampleFB.stopped,key_resp_15.keys,cvmtSampleFBFinal.started,cvmtSampleFBFinal.stopped,cvmt_final_samp_fb_key_resp.keys,cvmt_sample_fb_text.started,key_resp_15.started,prev_img.started,Sona ID,Participant ID,Session,date,expName,psychopyVersion,frameRate,expStart,
1,1,1,1,0,0,0,0,1,1,0,"You are going to be shown some sample designs. Before doing so, you are cautioned that some of the designs you will see in this test may look similar to one another. In order to be an old design, however, it must look exactly like one you’ve seen before. If it’s different in any way, it will be a new design, so please watch carefully. You’ll be shown the designs very quickly, so please respond as soon as you see the design.

When you’re ready, press any key to begin.",cvmt/sample_stims.xlsx,0,0,0,cvmt/sample/s1.jpg,n,0,0,0,0,0,0,0,0,0,0,0,0,0,0,0,0,0,0,0,0,2.3056627998594195,,0.010675199795514345,0.010781999910250306,0.02977399993687868,0.0403787000104785,0.0403787000104785,1.0806618998758495,1.086596299894154,1.1859865000005811,1.1859865000005811,2.2508680999744684,2.2600971998181194,2.3056627998594195,2.3056627998594195,4.270136199891567,n,1,0.9848722999449819,None,4.271446799859405,4.271518099820241,None,0,4.271694499999285,4.275633399840444,None,4.275792700005695,4.275823399890214,None,,,,1,001,pilot,2024-01-27_14h02.56.015,Memory and Syntax,2023.2.3,None,2024-01-27 14h03.38.100387 -0800,
1,1,1,1,0,0,0,0,1,1,0,"You are going to be shown some sample designs. Before doing so, you are cautioned that some of the designs you will see in this test may look similar to one another. In order to be an old design, however, it must look exactly like one you’ve seen before. If it’s different in any way, it will be a new design, so please watch carefully. You’ll be shown the designs very quickly, so please respond as soon as you see the design.

When you’re ready, press any key to begin.",cvmt/sample_stims.xlsx,0,0,0,cvmt/sample/s2.jpg,n,0,0,0,0,0,0,0,0,0,0,0,0,0,0,0,0,0,1,1,1,4.292027999879792,,,,,,,,,,,,4.276050999993458,4.292027999879792,4.292027999879792,6.278994399821386,n,1,0.3637088001705706,None,6.279285899829119,6.279322299873456,None,0,6.279424999840558,6.302777400007471,None,6.302916100015864,6.30295559996739,None,,,,1,001,pilot,2024-01-27_14h02.56.015,Memory and Syntax,2023.2.3,None,2024-01-27 14h03.38.100387 -0800,
,,,,,,,,,,,,,,,,,,,,,,,,,,,,,,,,,,,,,,6.327122799819335,,,,,,,,,,,,6.303203099872917,6.327122799819335,6.327122799819335,8.304472399875522,n,0,0.5169418000150472,None,8.304751799907535,8.304781999904662,None,0,8.30486819986254,,,,,,8.33278359984979,8.33278359984979,8.549268999835476,,,,,,,,,
