﻿session,mem_test_reps,cvmt,cvmtP1_reps,cvmtP2_reps,asrt,crtt,cspan,english_ajt_reps,brocanto_learn_reps,brocanto_gjt_reps,sentence,img,audio_sent,experimentFlow.thisRepN,experimentFlow.thisTrialN,experimentFlow.thisN,experimentFlow.thisIndex,memoryTests.thisRepN,memoryTests.thisTrialN,memoryTests.thisN,memoryTests.thisIndex,engAJT_block.thisRepN,engAJT_block.thisTrialN,engAJT_block.thisN,engAJT_block.thisIndex,brocantoLearnPrax.thisRepN,brocantoLearnPrax.thisTrialN,brocantoLearnPrax.thisN,brocantoLearnPrax.thisIndex,vocabPhase.thisRepN,vocabPhase.thisTrialN,vocabPhase.thisN,vocabPhase.thisIndex,sentLearnPhase.thisRepN,sentLearnPhase.thisTrialN,sentLearnPhase.thisN,sentLearnPhase.thisIndex,sentLearnTrials.thisRepN,sentLearnTrials.thisTrialN,sentLearnTrials.thisN,sentLearnTrials.thisIndex,thisRow.t,notes,load.started,load.stopped,brocantoIntro.started,brocanto_story.started,start_brocanto.started,progress_bar1_3.started,progress_bar2_3.started,progress_bar_txt_3.started,brocantoIntro.stopped,sentLearnInstr.started,sent_learn_instr_text.started,sent_learn_begin.started,progress_bar1_11.started,progress_bar2_11.started,progress_bar_txt_11.started,sentLearnInstr.stopped,sentenceLearnTrial.started,progress_bar1_12.started,progress_bar2_12.started,progress_bar_txt_12.started,sentence_audio.started,sent_learn_img.started,sent_text.started,sent_learn_img.stopped,sent_text.stopped,progress_bar1_12.stopped,progress_bar2_12.stopped,progress_bar_txt_12.stopped,sentenceLearnTrial.stopped,attentionCheck.started,attention_check_text.started,attn_chk_key_resp.started,progress_bar1_23.started,progress_bar2_23.started,progress_bar_txt_23.started,attentionCheck.stopped,attn_chk_key_resp.keys,attn_chk_key_resp.corr,attn_chk_key_resp.rt,attn_chk_key_resp.duration,sentPraxInstr.started,sent_prax_instr_text.started,sent_prax_begin.started,progress_bar1_13.started,progress_bar2_13.started,progress_bar_txt_13.started,Sona ID,Participant ID,Session,date,expName,psychopyVersion,frameRate,expStart,
1,0,0,0,0,0,0,0,0,1,0,yab lu pleck lu blom,brocanto/stims/img/sentence38.png,brocanto/stims/audio/yab_lu_pleck_lu_blom_1.wav,0,0,0,0,,,,,,,,,0,0,0,0,,,,,0,0,0,0,0,0,0,0,17.900497599999653,,0.00261799999861978,0.002677100001164945,0.009285299998737173,0.018471499999577645,0.018471499999577645,0.018471499999577645,0.018471499999577645,0.018471499999577645,16.902488899999298,16.90277470000001,16.908833500001492,16.908833500001492,16.908833500001492,16.908833500001492,16.908833500001492,17.872215100000176,17.87824349999937,17.900497599999653,17.900497599999653,17.900497599999653,18.4418916599996,18.46232229999805,18.46232229999805,25.206023599999753,25.206023599999753,25.206023599999753,25.206023599999753,25.206023599999753,25.181027700000413,,,,,,,,,,,,,,,,,,1,001,1,2024-02-02_17h15.57.315,Memory and Syntax,2023.2.3,166.80483666965202,2024-02-02 17h16.06.211807 -0800,
1,0,0,0,0,0,0,0,0,1,0,gop lu blom lu vode,brocanto/stims/img/sentence127.png,brocanto/stims/audio/gop_lu_blom_lu_vode_2.wav,0,0,0,0,,,,,,,,,0,0,0,0,,,,,0,0,0,0,0,1,1,1,25.206023599999753,,,,,,,,,,,,,,,,,,25.181338999998843,25.206023599999753,25.206023599999753,25.206023599999753,25.71435645999991,25.732320099999924,25.732320099999924,32.46772939999937,32.46772939999937,32.46772939999937,32.46772939999937,32.46772939999937,32.45356979999997,,,,,,,,,,,,,,,,,,1,001,1,2024-02-02_17h15.57.315,Memory and Syntax,2023.2.3,166.80483666965202,2024-02-02 17h16.06.211807 -0800,
1,0,0,0,0,0,0,0,0,1,0,lu neimo zayma li,brocanto/stims/img/sentence108.png,brocanto/stims/audio/lu_neimo_zayma_li_2.wav,0,0,0,0,,,,,,,,,0,0,0,0,,,,,0,0,0,0,0,2,2,2,32.46772939999937,,,,,,,,,,,,,,,,,,32.45379999999932,32.46772939999937,32.46772939999937,32.46772939999937,32.95661996000017,32.97454859999925,32.97454859999925,39.69732020000083,39.69732020000083,39.69732020000083,39.69732020000083,39.69732020000083,39.683638400001655,,,,,,,,,,,,,,,,,,1,001,1,2024-02-02_17h15.57.315,Memory and Syntax,2023.2.3,166.80483666965202,2024-02-02 17h16.06.211807 -0800,
1,0,0,0,0,0,0,0,0,1,0,lu blom nim li,brocanto/stims/img/sentence33.png,brocanto/stims/audio/lu_blom_nim_li_1.wav,0,0,0,0,,,,,,,,,0,0,0,0,,,,,0,0,0,0,0,3,3,3,39.69732020000083,,,,,,,,,,,,,,,,,,39.68391089999932,39.69732020000083,39.69732020000083,39.69732020000083,40.180636259998934,40.19853800000055,40.19853800000055,46.905011300001206,46.905011300001206,46.905011300001206,46.905011300001206,46.905011300001206,46.88356660000136,,,,,,,,,,,,,,,,,,1,001,1,2024-02-02_17h15.57.315,Memory and Syntax,2023.2.3,166.80483666965202,2024-02-02 17h16.06.211807 -0800,
1,0,0,0,0,0,0,0,0,1,0,lu vode praz li,brocanto/stims/img/sentence70.png,brocanto/stims/audio/lu_vode_praz_li_2.wav,0,0,0,0,,,,,,,,,0,0,0,0,,,,,0,0,0,0,0,4,4,4,46.905011300001206,,,,,,,,,,,,,,,,,,46.88386380000156,46.905011300001206,46.905011300001206,46.905011300001206,47.40474595999949,47.4226740999984,47.4226740999984,54.15126819999932,54.15126819999932,54.15126819999932,54.15126819999932,54.15126819999932,54.13180590000047,,,,,,,,,,,,,,,,,,1,001,1,2024-02-02_17h15.57.315,Memory and Syntax,2023.2.3,166.80483666965202,2024-02-02 17h16.06.211807 -0800,
1,0,0,0,0,0,0,0,0,1,0,yab lu vode lu pleck,brocanto/stims/img/sentence52.png,brocanto/stims/audio/yab_lu_vode_lu_pleck_2.wav,0,0,0,0,,,,,,,,,0,0,0,0,,,,,0,0,0,0,0,5,5,5,54.15126819999932,,,,,,,,,,,,,,,,,,54.13210320000144,54.15126819999932,54.15126819999932,54.15126819999932,54.63479655999872,54.65277799999967,54.65277799999967,61.4722589999983,61.4722589999983,61.4722589999983,61.4722589999983,61.4722589999983,61.446687499999825,,,,,,,,,,,,,,,,,,1,001,1,2024-02-02_17h15.57.315,Memory and Syntax,2023.2.3,166.80483666965202,2024-02-02 17h16.06.211807 -0800,
1,0,0,0,0,0,0,0,0,1,0,noyka lu neep lu neimo,brocanto/stims/img/sentence82.png,brocanto/stims/audio/noyka_lu_neep_lu_neimo_2.wav,0,0,0,0,,,,,,,,,0,0,0,0,,,,,0,0,0,0,0,6,6,6,61.4722589999983,,,,,,,,,,,,,,,,,,61.446984400001384,61.4722589999983,61.4722589999983,61.4722589999983,61.955792560000916,61.97383300000001,61.97383300000001,68.68034790000092,68.68034790000092,68.68034790000092,68.68034790000092,68.68034790000092,68.66475139999966,,,,,,,,,,,,,,,,,,1,001,1,2024-02-02_17h15.57.315,Memory and Syntax,2023.2.3,166.80483666965202,2024-02-02 17h16.06.211807 -0800,
1,0,0,0,0,0,0,0,0,1,0,lu neimo praz li,brocanto/stims/img/sentence72.png,brocanto/stims/audio/lu_neimo_praz_li_1.wav,0,0,0,0,,,,,,,,,0,0,0,0,,,,,1,0,1,0,0,0,0,0,70.92597179999939,,,,,,,,,,,,,,,,,,70.90105670000048,70.92597179999939,70.92597179999939,70.92597179999939,71.43091306000024,71.44598829999813,71.44598829999813,78.19977749999816,78.19977749999816,78.19977749999816,78.19977749999816,78.19977749999816,78.18575409999903,68.66487000000052,68.68034790000092,68.68034790000092,68.68034790000092,68.68034790000092,68.68034790000092,70.8950920999996,i,1,2.211169999998674,None,,,,,,,1,001,1,2024-02-02_17h15.57.315,Memory and Syntax,2023.2.3,166.80483666965202,2024-02-02 17h16.06.211807 -0800,
1,0,0,0,0,0,0,0,0,1,0,lu neep gop li,brocanto/stims/img/sentence110.png,brocanto/stims/audio/lu_neep_gop_li_1.wav,0,0,0,0,,,,,,,,,0,0,0,0,,,,,1,0,1,0,0,1,1,1,78.19977749999816,,,,,,,,,,,,,,,,,,78.1860302999994,78.19977749999816,78.19977749999816,78.19977749999816,78.68280456000029,78.70064009999987,78.70064009999987,85.45414420000088,85.45414420000088,85.45414420000088,85.45414420000088,85.45414420000088,85.44015840000066,,,,,,,,,,,,,,,,,,1,001,1,2024-02-02_17h15.57.315,Memory and Syntax,2023.2.3,166.80483666965202,2024-02-02 17h16.06.211807 -0800,
1,0,0,0,0,0,0,0,0,1,0,lu neep praz li,brocanto/stims/img/sentence68.png,brocanto/stims/audio/lu_neep_praz_li_1.wav,0,0,0,0,,,,,,,,,0,0,0,0,,,,,1,0,1,0,0,2,2,2,85.45414420000088,,,,,,,,,,,,,,,,,,85.44038400000136,85.45414420000088,85.45414420000088,85.45414420000088,85.97954006000036,85.99740409999868,85.99740409999868,92.69076739999946,92.69076739999946,92.69076739999946,92.69076739999946,92.69076739999946,92.6763749999991,,,,,,,,,,,,,,,,,,1,001,1,2024-02-02_17h15.57.315,Memory and Syntax,2023.2.3,166.80483666965202,2024-02-02 17h16.06.211807 -0800,
1,0,0,0,0,0,0,0,0,1,0,lu pleck gop li,brocanto/stims/img/sentence109.png,brocanto/stims/audio/lu_pleck_gop_li_1.wav,0,0,0,0,,,,,,,,,0,0,0,0,,,,,1,0,1,0,0,3,3,3,92.69076739999946,,,,,,,,,,,,,,,,,,92.67662850000124,92.69076739999946,92.69076739999946,92.69076739999946,93.19243955999882,93.20333169999867,93.20333169999867,99.92959459999838,99.92959459999838,99.92959459999838,99.92959459999838,99.92959459999838,99.90648059999876,,,,,,,,,,,,,,,,,,1,001,1,2024-02-02_17h15.57.315,Memory and Syntax,2023.2.3,166.80483666965202,2024-02-02 17h16.06.211807 -0800,
1,0,0,0,0,0,0,0,0,1,0,gop lu neimo lu troise,brocanto/stims/img/sentence144.png,brocanto/stims/audio/gop_lu_neimo_lu_troise_2.wav,0,0,0,0,,,,,,,,,0,0,0,0,,,,,1,0,1,0,0,4,4,4,99.92959459999838,,,,,,,,,,,,,,,,,,99.90680240000074,99.92959459999838,99.92959459999838,99.92959459999838,100.41163656000099,100.42752050000126,100.42752050000126,107.12510320000001,107.12510320000001,107.12510320000001,107.12510320000001,107.12510320000001,107.1062649000014,,,,,,,,,,,,,,,,,,1,001,1,2024-02-02_17h15.57.315,Memory and Syntax,2023.2.3,166.80483666965202,2024-02-02 17h16.06.211807 -0800,
1,0,0,0,0,0,0,0,0,1,0,yab lu troise lu neep,brocanto/stims/img/sentence58.png,brocanto/stims/audio/yab_lu_troise_lu_neep_2.wav,0,0,0,0,,,,,,,,,0,0,0,0,,,,,1,0,1,0,0,5,5,5,107.12510320000001,,,,,,,,,,,,,,,,,,107.10654530000102,107.12510320000001,107.12510320000001,107.12510320000001,107.60912885999896,107.62714950000009,107.62714950000009,114.32835690000138,114.32835690000138,114.32835690000138,114.32835690000138,114.32835690000138,114.31214660000114,,,,,,,,,,,,,,,,,,1,001,1,2024-02-02_17h15.57.315,Memory and Syntax,2023.2.3,166.80483666965202,2024-02-02 17h16.06.211807 -0800,
1,0,0,0,0,0,0,0,0,1,0,lu vode zayma li,brocanto/stims/img/sentence106.png,brocanto/stims/audio/lu_vode_zayma_li_2.wav,0,0,0,0,,,,,,,,,0,0,0,0,,,,,1,0,1,0,0,6,6,6,114.32835690000138,,,,,,,,,,,,,,,,,,114.31234369999947,114.32835690000138,114.32835690000138,114.32835690000138,114.82131226000165,114.83920999999827,114.83920999999827,121.55046389999916,121.55046389999916,121.55046389999916,121.55046389999916,121.55046389999916,121.53004489999876,,,,,,,,,,,,,,,,,,1,001,1,2024-02-02_17h15.57.315,Memory and Syntax,2023.2.3,166.80483666965202,2024-02-02 17h16.06.211807 -0800,
1,0,0,0,0,0,0,0,0,1,0,lu troise zayma li,brocanto/stims/img/sentence107.png,brocanto/stims/audio/lu_troise_zayma_li_2.wav,0,0,0,0,,,,,,,,,0,0,0,0,,,,,2,0,2,0,0,0,0,0,124.11435709999932,,,,,,,,,,,,,,,,,,124.09975459999987,124.11435709999932,124.11435709999932,124.11435709999932,124.60887085999893,124.62658649999867,124.62658649999867,131.41582850000123,131.41582850000123,131.41582850000123,131.41582850000123,131.41582850000123,131.3783387000003,121.53018119999979,121.55046389999916,121.55046389999916,121.55046389999916,121.55046389999916,121.55046389999916,124.09370109999873,n,1,2.537114400001883,None,,,,,,,1,001,1,2024-02-02_17h15.57.315,Memory and Syntax,2023.2.3,166.80483666965202,2024-02-02 17h16.06.211807 -0800,
1,0,0,0,0,0,0,0,0,1,0,klin lu blom lu vode,brocanto/stims/img/sentence13.png,brocanto/stims/audio/klin_lu_blom_lu_vode_2.wav,0,0,0,0,,,,,,,,,0,0,0,0,,,,,2,0,2,0,0,1,1,1,131.41582850000123,,,,,,,,,,,,,,,,,,131.37861429999975,131.41582850000123,131.41582850000123,131.41582850000123,131.91176825999975,131.92964759999813,131.92964759999813,138.66591770000014,138.66591770000014,138.66591770000014,138.66591770000014,138.66591770000014,138.63895390000107,,,,,,,,,,,,,,,,,,1,001,1,2024-02-02_17h15.57.315,Memory and Syntax,2023.2.3,166.80483666965202,2024-02-02 17h16.06.211807 -0800,
1,0,0,0,0,0,0,0,0,1,0,klin lu neimo lu troise,brocanto/stims/img/sentence30.png,brocanto/stims/audio/klin_lu_neimo_lu_troise_1.wav,0,0,0,0,,,,,,,,,0,0,0,0,,,,,2,0,2,0,0,2,2,2,138.66591770000014,,,,,,,,,,,,,,,,,,138.63943010000003,138.66591770000014,138.66591770000014,138.66591770000014,139.14781445999944,139.16573179999978,139.16573179999978,145.86262799999895,145.86262799999895,145.86262799999895,145.86262799999895,145.86262799999895,145.844643299999,,,,,,,,,,,,,,,,,,1,001,1,2024-02-02_17h15.57.315,Memory and Syntax,2023.2.3,166.80483666965202,2024-02-02 17h16.06.211807 -0800,
1,0,0,0,0,0,0,0,0,1,0,lu blom praz li,brocanto/stims/img/sentence69.png,brocanto/stims/audio/lu_blom_praz_li_1.wav,0,0,0,0,,,,,,,,,0,0,0,0,,,,,2,0,2,0,0,3,3,3,145.86262799999895,,,,,,,,,,,,,,,,,,145.84492369999862,145.86262799999895,145.86262799999895,145.86262799999895,146.34203805999897,146.35964049999893,146.35964049999893,153.06081220000124,153.06081220000124,153.06081220000124,153.06081220000124,153.06081220000124,153.04450540000107,,,,,,,,,,,,,,,,,,1,001,1,2024-02-02_17h15.57.315,Memory and Syntax,2023.2.3,166.80483666965202,2024-02-02 17h16.06.211807 -0800,
1,0,0,0,0,0,0,0,0,1,0,lu blom gop li,brocanto/stims/img/sentence111.png,brocanto/stims/audio/lu_blom_gop_li_2.wav,0,0,0,0,,,,,,,,,0,0,0,0,,,,,2,0,2,0,0,4,4,4,153.06081220000124,,,,,,,,,,,,,,,,,,153.04478870000094,153.06081220000124,153.06081220000124,153.06081220000124,153.54147116000132,153.55940149999878,153.55940149999878,160.28775790000145,160.28775790000145,160.28775790000145,160.28775790000145,160.28775790000145,160.2623954999981,,,,,,,,,,,,,,,,,,1,001,1,2024-02-02_17h15.57.315,Memory and Syntax,2023.2.3,166.80483666965202,2024-02-02 17h16.06.211807 -0800,
1,0,0,0,0,0,0,0,0,1,0,noyka lu blom lu vode,brocanto/stims/img/sentence85.png,brocanto/stims/audio/noyka_lu_blom_lu_vode_2.wav,0,0,0,0,,,,,,,,,0,0,0,0,,,,,2,0,2,0,0,5,5,5,160.28775790000145,,,,,,,,,,,,,,,,,,160.26266970000142,160.28775790000145,160.28775790000145,160.28775790000145,160.77156046000056,160.79211750000104,160.79211750000104,167.55433400000038,167.55433400000038,167.55433400000038,167.55433400000038,167.55433400000038,167.54108799999813,,,,,,,,,,,,,,,,,,1,001,1,2024-02-02_17h15.57.315,Memory and Syntax,2023.2.3,166.80483666965202,2024-02-02 17h16.06.211807 -0800,
1,0,0,0,0,0,0,0,0,1,0,lu neep nim li,brocanto/stims/img/sentence32.png,brocanto/stims/audio/lu_neep_nim_li_1.wav,0,0,0,0,,,,,,,,,0,0,0,0,,,,,2,0,2,0,0,6,6,6,167.55433400000038,,,,,,,,,,,,,,,,,,167.54158649999954,167.55433400000038,167.55433400000038,167.55433400000038,168.03824195999806,168.0559742000005,168.0559742000005,174.7484285999999,174.7484285999999,174.7484285999999,174.7484285999999,174.7484285999999,174.74102230000062,,,,,,,,,,,,,,,,,,1,001,1,2024-02-02_17h15.57.315,Memory and Syntax,2023.2.3,166.80483666965202,2024-02-02 17h16.06.211807 -0800,
,,,,,,,,,,,,,,,,,,,,,,,,,,,,,,,,,,,,,,,,,,,,,,,,,,,,,,,,,,,,,,,,,,,,,,,,,174.74114660000123,174.7484285999999,174.7484285999999,174.7484285999999,174.7484285999999,174.7484285999999,176.9469242999985,u,1,2.193077200001426,None,176.9472511999993,176.9526803000008,176.9526803000008,176.9526803000008,176.9526803000008,176.9526803000008,,,,,,,,,
