﻿session,mem_test_reps,cvmt,cvmtP1_reps,cvmtP2_reps,asrt,crtt,cspan,english_ajt_reps,brocanto_learn_reps,brocanto_gjt_reps,sentence,img,audio_sent,experimentFlow.thisRepN,experimentFlow.thisTrialN,experimentFlow.thisN,experimentFlow.thisIndex,memoryTests.thisRepN,memoryTests.thisTrialN,memoryTests.thisN,memoryTests.thisIndex,engAJT_block.thisRepN,engAJT_block.thisTrialN,engAJT_block.thisN,engAJT_block.thisIndex,brocantoLearnPrax.thisRepN,brocantoLearnPrax.thisTrialN,brocantoLearnPrax.thisN,brocantoLearnPrax.thisIndex,vocabPhase.thisRepN,vocabPhase.thisTrialN,vocabPhase.thisN,vocabPhase.thisIndex,sentLearnPhase.thisRepN,sentLearnPhase.thisTrialN,sentLearnPhase.thisN,sentLearnPhase.thisIndex,sentLearnTrials.thisRepN,sentLearnTrials.thisTrialN,sentLearnTrials.thisN,sentLearnTrials.thisIndex,thisRow.t,notes,load.started,load.stopped,brocantoIntro.started,brocanto_story.started,start_brocanto.started,progress_bar1_3.started,progress_bar2_3.started,progress_bar_txt_3.started,brocantoIntro.stopped,sentLearnInstr.started,sent_learn_instr_text.started,sent_learn_begin.started,progress_bar1_11.started,progress_bar2_11.started,progress_bar_txt_11.started,sentLearnInstr.stopped,sentenceLearnTrial.started,progress_bar1_12.started,progress_bar2_12.started,progress_bar_txt_12.started,sentence_audio.started,sent_learn_img.started,sent_text.started,sent_learn_img.stopped,sent_text.stopped,progress_bar1_12.stopped,progress_bar2_12.stopped,progress_bar_txt_12.stopped,sentenceLearnTrial.stopped,attentionCheck.started,attention_check_text.started,attn_chk_key_resp.started,progress_bar1_23.started,progress_bar2_23.started,progress_bar_txt_23.started,attentionCheck.stopped,attn_chk_key_resp.keys,attn_chk_key_resp.corr,attn_chk_key_resp.rt,attn_chk_key_resp.duration,Sona ID,Participant ID,Session,date,expName,psychopyVersion,frameRate,expStart,
1,0,0,0,0,0,0,0,0,1,0,yab lu pleck lu blom,brocanto/stims/img/sentence38.png,brocanto/stims/audio/yab_lu_pleck_lu_blom_1.wav,0,0,0,0,,,,,,,,,0,0,0,0,,,,,0,0,0,0,0,0,0,0,2.140694199999416,,0.0032680999975127634,0.0033296000001428183,0.010388899998361012,0.019586799997341586,0.019586799997341586,0.019586799997341586,0.019586799997341586,0.019586799997341586,1.1072185999983049,1.1075930999977572,1.1129817000000912,1.1129817000000912,1.1129817000000912,1.1129817000000912,1.1129817000000912,2.1133386000001337,2.119917699998041,2.140694199999416,2.140694199999416,2.140694199999416,2.6411515300002066,2.693062499998632,2.693062499998632,9.30114169999797,9.30114169999797,9.30114169999797,9.30114169999797,9.30114169999797,9.276961999999912,,,,,,,,,,,,1,001,1,2024-02-02_17h09.41.209,Memory and Syntax,2023.2.3,163.90809345454278,2024-02-02 17h09.54.277566 -0800,
1,0,0,0,0,0,0,0,0,1,0,gop lu blom lu vode,brocanto/stims/img/sentence127.png,brocanto/stims/audio/gop_lu_blom_lu_vode_2.wav,0,0,0,0,,,,,,,,,0,0,0,0,,,,,0,0,0,0,0,1,1,1,9.30114169999797,,,,,,,,,,,,,,,,,,9.277239399998507,9.30114169999797,9.30114169999797,9.30114169999797,9.779979630000161,9.798019300000306,9.798019300000306,16.39348439999958,16.39348439999958,16.39348439999958,16.39348439999958,16.39348439999958,16.38012030000027,,,,,,,,,,,,1,001,1,2024-02-02_17h09.41.209,Memory and Syntax,2023.2.3,163.90809345454278,2024-02-02 17h09.54.277566 -0800,
1,0,0,0,0,0,0,0,0,1,0,lu neimo zayma li,brocanto/stims/img/sentence108.png,brocanto/stims/audio/lu_neimo_zayma_li_2.wav,0,0,0,0,,,,,,,,,0,0,0,0,,,,,0,0,0,0,0,2,2,2,16.39348439999958,,,,,,,,,,,,,,,,,,16.380523699997866,16.39348439999958,16.39348439999958,16.39348439999958,16.870732829998452,16.888750499998423,16.888750499998423,23.5237610999975,23.5237610999975,23.5237610999975,23.5237610999975,23.5237610999975,23.508985999997094,,,,,,,,,,,,1,001,1,2024-02-02_17h09.41.209,Memory and Syntax,2023.2.3,163.90809345454278,2024-02-02 17h09.54.277566 -0800,
1,0,0,0,0,0,0,0,0,1,0,lu blom nim li,brocanto/stims/img/sentence33.png,brocanto/stims/audio/lu_blom_nim_li_1.wav,0,0,0,0,,,,,,,,,0,0,0,0,,,,,0,0,0,0,0,3,3,3,23.5237610999975,,,,,,,,,,,,,,,,,,23.509296299998823,23.5237610999975,23.5237610999975,23.5237610999975,24.010124229998475,24.028021299996908,24.028021299996908,30.610976399999345,30.610976399999345,30.610976399999345,30.610976399999345,30.610976399999345,30.591605800000252,,,,,,,,,,,,1,001,1,2024-02-02_17h09.41.209,Memory and Syntax,2023.2.3,163.90809345454278,2024-02-02 17h09.54.277566 -0800,
1,0,0,0,0,0,0,0,0,1,0,lu vode praz li,brocanto/stims/img/sentence70.png,brocanto/stims/audio/lu_vode_praz_li_2.wav,0,0,0,0,,,,,,,,,0,0,0,0,,,,,0,0,0,0,0,4,4,4,30.610976399999345,,,,,,,,,,,,,,,,,,30.591894299999694,30.610976399999345,30.610976399999345,30.610976399999345,31.08870672999692,31.10659730000043,31.10659730000043,37.68941479999921,37.68941479999921,37.68941479999921,37.68941479999921,37.68941479999921,37.67029249999905,,,,,,,,,,,,1,001,1,2024-02-02_17h09.41.209,Memory and Syntax,2023.2.3,163.90809345454278,2024-02-02 17h09.54.277566 -0800,
1,0,0,0,0,0,0,0,0,1,0,yab lu vode lu pleck,brocanto/stims/img/sentence52.png,brocanto/stims/audio/yab_lu_vode_lu_pleck_2.wav,0,0,0,0,,,,,,,,,0,0,0,0,,,,,0,0,0,0,0,5,5,5,37.68941479999921,,,,,,,,,,,,,,,,,,37.67053599999781,37.68941479999921,37.68941479999921,37.68941479999921,38.166854929998955,38.18517900000006,38.18517900000006,44.799419599999965,44.799419599999965,44.799419599999965,44.799419599999965,44.799419599999965,44.77314109999861,,,,,,,,,,,,1,001,1,2024-02-02_17h09.41.209,Memory and Syntax,2023.2.3,163.90809345454278,2024-02-02 17h09.54.277566 -0800,
1,0,0,0,0,0,0,0,0,1,0,noyka lu neep lu neimo,brocanto/stims/img/sentence82.png,brocanto/stims/audio/noyka_lu_neep_lu_neimo_2.wav,0,0,0,0,,,,,,,,,0,0,0,0,,,,,0,0,0,0,0,6,6,6,44.799419599999965,,,,,,,,,,,,,,,,,,44.77345439999772,44.799419599999965,44.799419599999965,44.799419599999965,45.2761522300003,45.29402789999949,45.29402789999949,51.873617399996874,51.873617399996874,51.873617399996874,51.873617399996874,51.873617399996874,51.85783619999711,,,,,,,,,,,,1,001,1,2024-02-02_17h09.41.209,Memory and Syntax,2023.2.3,163.90809345454278,2024-02-02 17h09.54.277566 -0800,
1,0,0,0,0,0,0,0,0,1,0,lu neimo praz li,brocanto/stims/img/sentence72.png,brocanto/stims/audio/lu_neimo_praz_li_1.wav,0,0,0,0,,,,,,,,,0,0,0,0,,,,,1,0,1,0,0,0,0,0,53.964056699998764,,,,,,,,,,,,,,,,,,53.937303700000484,53.964056699998764,53.964056699998764,53.964056699998764,54.439624829997776,54.45754179999858,54.45754179999858,61.18913039999825,61.18913039999825,61.18913039999825,61.18913039999825,61.18913039999825,61.16668170000048,51.8579542999978,51.873617399996874,51.873617399996874,51.873617399996874,51.873617399996874,51.873617399996874,53.93064029999732,d,1,2.0511251999996603,0.0017369999986840412,1,001,1,2024-02-02_17h09.41.209,Memory and Syntax,2023.2.3,163.90809345454278,2024-02-02 17h09.54.277566 -0800,
1,0,0,0,0,0,0,0,0,1,0,lu neep gop li,brocanto/stims/img/sentence110.png,brocanto/stims/audio/lu_neep_gop_li_1.wav,0,0,0,0,,,,,,,,,0,0,0,0,,,,,1,0,1,0,0,1,1,1,61.18913039999825,,,,,,,,,,,,,,,,,,61.16708540000036,61.18913039999825,61.18913039999825,61.18913039999825,61.6698161299988,61.6876099000001,61.6876099000001,68.25931219999984,68.25931219999984,68.25931219999984,68.25931219999984,68.25931219999984,68.24520949999715,,,,,,,,,,,,1,001,1,2024-02-02_17h09.41.209,Memory and Syntax,2023.2.3,163.90809345454278,2024-02-02 17h09.54.277566 -0800,
1,0,0,0,0,0,0,0,0,1,0,lu neep praz li,brocanto/stims/img/sentence68.png,brocanto/stims/audio/lu_neep_praz_li_1.wav,0,0,0,0,,,,,,,,,0,0,0,0,,,,,1,0,1,0,0,2,2,2,68.25931219999984,,,,,,,,,,,,,,,,,,68.24550669999735,68.25931219999984,68.25931219999984,68.25931219999984,68.7361950299979,68.75406899999871,68.75406899999871,75.38015509999968,75.38015509999968,75.38015509999968,75.38015509999968,75.38015509999968,75.3663084999971,,,,,,,,,,,,1,001,1,2024-02-02_17h09.41.209,Memory and Syntax,2023.2.3,163.90809345454278,2024-02-02 17h09.54.277566 -0800,
1,0,0,0,0,0,0,0,0,1,0,lu pleck gop li,brocanto/stims/img/sentence109.png,brocanto/stims/audio/lu_pleck_gop_li_1.wav,0,0,0,0,,,,,,,,,0,0,0,0,,,,,1,0,1,0,0,3,3,3,75.38015509999968,,,,,,,,,,,,,,,,,,75.36660759999722,75.38015509999968,75.38015509999968,75.38015509999968,75.87545252999698,75.89347519999865,75.89347519999865,82.4791570999987,82.4791570999987,82.4791570999987,82.4791570999987,82.4791570999987,82.45712319999802,,,,,,,,,,,,1,001,1,2024-02-02_17h09.41.209,Memory and Syntax,2023.2.3,163.90809345454278,2024-02-02 17h09.54.277566 -0800,
1,0,0,0,0,0,0,0,0,1,0,gop lu neimo lu troise,brocanto/stims/img/sentence144.png,brocanto/stims/audio/gop_lu_neimo_lu_troise_2.wav,0,0,0,0,,,,,,,,,0,0,0,0,,,,,1,0,1,0,0,4,4,4,82.4791570999987,,,,,,,,,,,,,,,,,,82.45734439999796,82.4791570999987,82.4791570999987,82.4791570999987,82.9539708299977,82.97197239999878,82.97197239999878,89.57836759999918,89.57836759999918,89.57836759999918,89.57836759999918,89.57836759999918,89.56002649999937,,,,,,,,,,,,1,001,1,2024-02-02_17h09.41.209,Memory and Syntax,2023.2.3,163.90809345454278,2024-02-02 17h09.54.277566 -0800,
1,0,0,0,0,0,0,0,0,1,0,yab lu troise lu neep,brocanto/stims/img/sentence58.png,brocanto/stims/audio/yab_lu_troise_lu_neep_2.wav,0,0,0,0,,,,,,,,,0,0,0,0,,,,,1,0,1,0,0,5,5,5,89.57836759999918,,,,,,,,,,,,,,,,,,89.56038219999755,89.57836759999918,89.57836759999918,89.57836759999918,90.06885882999777,90.08690609999758,90.08690609999758,96.6610800999988,96.6610800999988,96.6610800999988,96.6610800999988,96.6610800999988,96.6447006999988,,,,,,,,,,,,1,001,1,2024-02-02_17h09.41.209,Memory and Syntax,2023.2.3,163.90809345454278,2024-02-02 17h09.54.277566 -0800,
1,0,0,0,0,0,0,0,0,1,0,lu vode zayma li,brocanto/stims/img/sentence106.png,brocanto/stims/audio/lu_vode_zayma_li_2.wav,0,0,0,0,,,,,,,,,0,0,0,0,,,,,1,0,1,0,0,6,6,6,96.6610800999988,,,,,,,,,,,,,,,,,,96.64497709999705,96.6610800999988,96.6610800999988,96.6610800999988,97.13554102999987,97.15350119999857,97.15350119999857,103.73184819999733,103.73184819999733,103.73184819999733,103.73184819999733,103.73184819999733,103.72324399999707,,,,,,,,,,,,1,001,1,2024-02-02_17h09.41.209,Memory and Syntax,2023.2.3,163.90809345454278,2024-02-02 17h09.54.277566 -0800,
1,0,0,0,0,0,0,0,0,1,0,lu troise zayma li,brocanto/stims/img/sentence107.png,brocanto/stims/audio/lu_troise_zayma_li_2.wav,0,0,0,0,,,,,,,,,0,0,0,0,,,,,2,0,2,0,0,0,0,0,106.06670329999906,,,,,,,,,,,,,,,,,,106.0507323999991,106.06670329999906,106.06670329999906,106.06670329999906,106.54129052999778,106.55929130000004,106.55929130000004,113.2045435,113.2045435,113.2045435,113.2045435,113.2045435,113.1774547999994,103.7233806999975,103.73184819999733,103.73184819999733,103.73184819999733,103.73184819999733,103.73184819999733,106.04450309999811,r,1,2.306744499997876,None,1,001,1,2024-02-02_17h09.41.209,Memory and Syntax,2023.2.3,163.90809345454278,2024-02-02 17h09.54.277566 -0800,
,,,,,,,,,,,,,,,,,,,,,,,,,,,,,,,,,,,,,,,,,,113.2045435,,,,,,,,,,,,,,,,,,113.17772759999934,113.2045435,113.2045435,113.2045435,113.68654662999833,113.70451619999949,113.70451619999949,,,,,,,,,,,,,,,,,,,,,,,,,,
