﻿session,mem_test_reps,cvmt,cvmtP1_reps,cvmtP2_reps,asrt,crtt,cspan,english_ajt_reps,brocanto_learn_reps,brocanto_gjt_reps,task_instr,stimuli_list,delay,delay_reps,vis_disc_reps,delay_design,delay_ans,experimentFlow.thisRepN,experimentFlow.thisTrialN,experimentFlow.thisN,experimentFlow.thisIndex,memoryTests.thisRepN,memoryTests.thisTrialN,memoryTests.thisN,memoryTests.thisIndex,cvmtBlock.thisRepN,cvmtBlock.thisTrialN,cvmtBlock.thisN,cvmtBlock.thisIndex,cvmtTasks.thisRepN,cvmtTasks.thisTrialN,cvmtTasks.thisN,cvmtTasks.thisIndex,cvmtPart1.thisRepN,cvmtPart1.thisTrialN,cvmtPart1.thisN,cvmtPart1.thisIndex,cvmtPart2.thisRepN,cvmtPart2.thisTrialN,cvmtPart2.thisN,cvmtPart2.thisIndex,delayTrials.thisRepN,delayTrials.thisTrialN,delayTrials.thisN,delayTrials.thisIndex,visDiscTrials.thisRepN,visDiscTrials.thisTrialN,visDiscTrials.thisN,visDiscTrials.thisIndex,asrtBlock.thisRepN,asrtBlock.thisTrialN,asrtBlock.thisN,asrtBlock.thisIndex,crttBlock.thisRepN,crttBlock.thisTrialN,crttBlock.thisN,crttBlock.thisIndex,cspanBlock.thisRepN,cspanBlock.thisTrialN,cspanBlock.thisN,cspanBlock.thisIndex,engAJT_block.thisRepN,engAJT_block.thisTrialN,engAJT_block.thisN,engAJT_block.thisIndex,thisRow.t,notes,load.started,load.stopped,cvmtInstr.started,cvmt_instr.started,cvmt_begin.started,cvmtInstr.stopped,cvmtDelay.started,cvmtDelay.stopped,cvmtDelayTest.started,cvmt_delay_test_instr.started,cvmt_delay_design.started,delay_key_resp.started,delay_T_targ.started,delay_Y_targ.started,delay_U_targ.started,delay_F_targ.started,delay_G_targ.started,delay_H_targ.started,delay_J_targ.started,cvmtDelayTest.stopped,delay_key_resp.keys,delay_key_resp.corr,delay_key_resp.rt,delay_key_resp.duration,engAJT_instr.started,ajt_instr.started,start_ajt.started,progress_bar1.started,progress_bar2.started,progress_bar_txt.started,Sona ID,Participant ID,Session,date,expName,psychopyVersion,frameRate,expStart,
1,1,1,0,1,0,0,0,1,1,0,"Earlier you saw some designs that looked like these. On the previous test, all of these designs appeared. However, six of these designs appeared only once; so after you saw them the first time, they never appeared again. *One* of these, however, repeated seven times on the test. Look at all seven designs and indicate which *one* design appeared more than once by pressing the corresponding key. Which one appeared seven times?",cvmt/delay_stims.xlsx,0,1,0,cvmt/delay/d1.jpg,h,0,0,0,0,0,0,0,0,0,0,0,0,0,0,0,0,,,,,0,0,0,0,0,0,0,0,,,,,,,,,,,,,,,,,,,,,0.8502642000094056,,0.006931800046004355,0.007002300000749528,0.013657800038345158,0.018037499976344407,0.018037499976344407,0.704293999937363,0.7098096000263467,0.7098325999686494,0.7145983999362215,0.8502642000094056,0.8502642000094056,0.8502642000094056,0.8502642000094056,0.8502642000094056,0.8502642000094056,0.8502642000094056,0.8502642000094056,0.8502642000094056,0.8502642000094056,21.21996749995742,j,0,20.366517400019802,None,,,,,,,1,001,pilot,2024-01-24_18h51.13.514,Memory and Syntax,2023.2.3,158.26541085982186,2024-01-24 18h51.22.772448 -0800,
1,1,1,0,1,0,0,0,1,1,0,"Earlier you saw some designs that looked like these. On the previous test, all of these designs appeared. However, six of these designs appeared only once; so after you saw them the first time, they never appeared again. *One* of these, however, repeated seven times on the test. Look at all seven designs and indicate which *one* design appeared more than once by pressing the corresponding key. Which one appeared seven times?",cvmt/delay_stims.xlsx,0,1,0,cvmt/delay/d2.jpg,g,0,0,0,0,0,0,0,0,0,0,0,0,0,0,0,0,,,,,0,0,0,0,0,1,1,1,,,,,,,,,,,,,,,,,,,,,21.313214999972843,,,,,,,,,,21.221013400005177,21.313214999972843,21.313214999972843,21.313214999972843,21.313214999972843,21.313214999972843,21.313214999972843,21.313214999972843,21.313214999972843,21.313214999972843,21.313214999972843,26.58347790001426,t,0,5.265661400044337,None,,,,,,,1,001,pilot,2024-01-24_18h51.13.514,Memory and Syntax,2023.2.3,158.26541085982186,2024-01-24 18h51.22.772448 -0800,
1,1,1,0,1,0,0,0,1,1,0,"Earlier you saw some designs that looked like these. On the previous test, all of these designs appeared. However, six of these designs appeared only once; so after you saw them the first time, they never appeared again. *One* of these, however, repeated seven times on the test. Look at all seven designs and indicate which *one* design appeared more than once by pressing the corresponding key. Which one appeared seven times?",cvmt/delay_stims.xlsx,0,1,0,cvmt/delay/d3.jpg,u,0,0,0,0,0,0,0,0,0,0,0,0,0,0,0,0,,,,,0,0,0,0,0,2,2,2,,,,,,,,,,,,,,,,,,,,,26.68233710003551,,,,,,,,,,26.583999400027096,26.68233710003551,26.68233710003551,26.68233710003551,26.68233710003551,26.68233710003551,26.68233710003551,26.68233710003551,26.68233710003551,26.68233710003551,26.68233710003551,32.47425590001512,f,0,5.788953399984166,None,,,,,,,1,001,pilot,2024-01-24_18h51.13.514,Memory and Syntax,2023.2.3,158.26541085982186,2024-01-24 18h51.22.772448 -0800,
1,1,1,0,1,0,0,0,1,1,0,"Earlier you saw some designs that looked like these. On the previous test, all of these designs appeared. However, six of these designs appeared only once; so after you saw them the first time, they never appeared again. *One* of these, however, repeated seven times on the test. Look at all seven designs and indicate which *one* design appeared more than once by pressing the corresponding key. Which one appeared seven times?",cvmt/delay_stims.xlsx,0,1,0,cvmt/delay/d4.jpg,t,0,0,0,0,0,0,0,0,0,0,0,0,0,0,0,0,,,,,0,0,0,0,0,3,3,3,,,,,,,,,,,,,,,,,,,,,32.58660659997258,,,,,,,,,,32.474760800017975,32.58660659997258,32.58660659997258,32.58660659997258,32.58660659997258,32.58660659997258,32.58660659997258,32.58660659997258,32.58660659997258,32.58660659997258,32.58660659997258,46.207293599960394,t,0,13.618285799981095,None,,,,,,,1,001,pilot,2024-01-24_18h51.13.514,Memory and Syntax,2023.2.3,158.26541085982186,2024-01-24 18h51.22.772448 -0800,
1,1,1,0,1,0,0,0,1,1,0,"Earlier you saw some designs that looked like these. On the previous test, all of these designs appeared. However, six of these designs appeared only once; so after you saw them the first time, they never appeared again. *One* of these, however, repeated seven times on the test. Look at all seven designs and indicate which *one* design appeared more than once by pressing the corresponding key. Which one appeared seven times?",cvmt/delay_stims.xlsx,0,1,0,cvmt/delay/d5.jpg,f,0,0,0,0,0,0,0,0,0,0,0,0,0,0,0,0,,,,,0,0,0,0,0,4,4,4,,,,,,,,,,,,,,,,,,,,,46.32840809994377,,,,,,,,,,46.20786159997806,46.32840809994377,46.32840809994377,46.32840809994377,46.32840809994377,46.32840809994377,46.32840809994377,46.32840809994377,46.32840809994377,46.32840809994377,46.32840809994377,49.03140939993318,u,0,2.7023975000483915,None,,,,,,,1,001,pilot,2024-01-24_18h51.13.514,Memory and Syntax,2023.2.3,158.26541085982186,2024-01-24 18h51.22.772448 -0800,
1,1,1,0,1,0,0,0,1,1,0,"Earlier you saw some designs that looked like these. On the previous test, all of these designs appeared. However, six of these designs appeared only once; so after you saw them the first time, they never appeared again. *One* of these, however, repeated seven times on the test. Look at all seven designs and indicate which *one* design appeared more than once by pressing the corresponding key. Which one appeared seven times?",cvmt/delay_stims.xlsx,0,1,0,cvmt/delay/d6.jpg,t,0,0,0,0,0,0,0,0,0,0,0,0,0,0,0,0,,,,,0,0,0,0,0,5,5,5,,,,,,,,,,,,,,,,,,,,,49.134770300006494,,,,,,,,,,49.03194629994687,49.134770300006494,49.134770300006494,49.134770300006494,49.134770300006494,49.134770300006494,49.134770300006494,49.134770300006494,49.134770300006494,49.134770300006494,49.134770300006494,50.607165699941106,g,0,1.470082200015895,None,,,,,,,1,001,pilot,2024-01-24_18h51.13.514,Memory and Syntax,2023.2.3,158.26541085982186,2024-01-24 18h51.22.772448 -0800,
,,,,,,,,,,,,,,,,,,,,,,,,,,,,,,,,,,,,,,,,,,,,,,,,,,,,,,,,,,,,,,,,,,50.6206283000065,,,,,,,,,,,,,,,,,,,,,,,,,,50.613920200034045,50.6206283000065,50.6206283000065,50.6206283000065,50.6206283000065,50.6206283000065,,,,,,,,,
