﻿session,mem_test_reps,cvmt,cvmtP1_reps,cvmtP2_reps,asrt,crtt,cspan,english_ajt_reps,brocanto_learn_reps,brocanto_gjt_reps,word,img,audio_vocab,version,experimentFlow.thisRepN,experimentFlow.thisTrialN,experimentFlow.thisN,experimentFlow.thisIndex,memoryTests.thisRepN,memoryTests.thisTrialN,memoryTests.thisN,memoryTests.thisIndex,engAJT_block.thisRepN,engAJT_block.thisTrialN,engAJT_block.thisN,engAJT_block.thisIndex,brocantoLearnPrax.thisRepN,brocantoLearnPrax.thisTrialN,brocantoLearnPrax.thisN,brocantoLearnPrax.thisIndex,vocabPhase.thisRepN,vocabPhase.thisTrialN,vocabPhase.thisN,vocabPhase.thisIndex,vocabRep.thisRepN,vocabRep.thisTrialN,vocabRep.thisN,vocabRep.thisIndex,vocabLearnTrials.thisRepN,vocabLearnTrials.thisTrialN,vocabLearnTrials.thisN,vocabLearnTrials.thisIndex,vocabTestTrials.thisRepN,vocabTestTrials.thisTrialN,vocabTestTrials.thisN,vocabTestTrials.thisIndex,too_fast_punish.thisRepN,too_fast_punish.thisTrialN,too_fast_punish.thisN,too_fast_punish.thisIndex,sentLearnPhase.thisRepN,sentLearnPhase.thisTrialN,sentLearnPhase.thisN,sentLearnPhase.thisIndex,sentLearnTrials.thisRepN,sentLearnTrials.thisTrialN,sentLearnTrials.thisN,sentLearnTrials.thisIndex,sentence,audio_sent,thisRow.t,notes,load.started,load.stopped,brocantoIntro.started,brocanto_story.started,start_brocanto.started,progress_bar1_3.started,progress_bar2_3.started,progress_bar_txt_3.started,brocantoIntro.stopped,vocabInstr.started,vocab_learn_begin.started,progress_bar1_4.started,progress_bar2_4.started,progress_bar_txt_4.started,vocabInstr.stopped,vocabLearnTrial.started,progress_bar1_5.started,progress_bar2_5.started,progress_bar_txt_5.started,vocab_text.started,vocab_image.started,vocab_audio.started,key_resp.started,vocabLearnTrial.stopped,vocabRepeat.started,vrepeat.started,vrepeat_key_resp.started,progress_bar1_6.started,progress_bar2_6.started,progress_bar_txt_6.started,vocabRepeat.stopped,vrepeat_key_resp.keys,vrepeat_key_resp.rt,vrepeat_key_resp.duration,vocabTestInstr.started,vtest_instr_text.started,vtest_begin.started,progress_bar1_7.started,progress_bar2_7.started,progress_bar_txt_7.started,vocabTestInstr.stopped,vocabTest.started,vocabTest_resp,vocabTest_rts,progress_bar1_8.started,progress_bar2_8.started,progress_bar_txt_8.started,answerbox.started,vtest_key_resp.started,vtest_text.started,vtest_img.started,vocabTest.stopped,vtest_key_resp.keys,vtest_key_resp.rt,vtest_key_resp.duration,vocabTest_fb.started,vtest_fb.started,progress_bar1_9.started,progress_bar2_9.started,progress_bar_txt_9.started,vocabTest_fb.stopped,vtest_fb.stopped,progress_bar1_9.stopped,progress_bar2_9.stopped,progress_bar_txt_9.stopped,vocabEval.started,vtest_eval.started,v_phase_end.started,progress_bar1_10.started,progress_bar2_10.started,progress_bar_txt_10.started,vocabEval.stopped,v_phase_end.keys,v_phase_end.rt,v_phase_end.duration,sentLearnInstr.started,sent_learn_instr_text.started,sent_learn_begin.started,progress_bar1_11.started,progress_bar2_11.started,progress_bar_txt_11.started,sentLearnInstr.stopped,sentenceLearnTrial.started,Sona ID,Participant ID,Session,date,expName,psychopyVersion,frameRate,expStart,
1,0,0,0,0,0,0,0,0,1,0,lu neep,brocanto/stims/img/doctor.png,brocanto/stims/audio/lu_neep_2.wav,x.1,0,0,0,0,,,,,,,,,0,0,0,0,0,0,0,0,0,0,0,0,0,0,0,0,,,,,,,,,,,,,,,,,,,2.0336404999998194,,0.0867510999996739,0.08685139999943203,0.09358659999998054,0.10224749999997584,0.10224749999997584,0.10224749999997584,0.10224749999997584,0.10224749999997584,1.4634336999997686,1.4674155999991854,1.4715645999995104,1.4715645999995104,1.4715645999995104,1.4715645999995104,2.0087675999993735,2.0141007999991416,2.0336404999998194,2.0336404999998194,2.0336404999998194,2.511598299999605,2.511598299999605,2.5116350899997997,3.2631843999997727,3.4269761999994444,,,,,,,,,,,,,,,,,,,,,,,,,,,,,,,,,,,,,,,,,,,,,,,,,,,,,,,,,,,,1,001,1,2024-02-02_10h40.43.543,Memory and Syntax,2023.2.3,170.67030763446212,2024-02-02 10h40.55.233994 -0800,
1,0,0,0,0,0,0,0,0,1,0,lu troise,brocanto/stims/img/janitor.png,brocanto/stims/audio/lu_troise_1.wav,x.1,0,0,0,0,,,,,,,,,0,0,0,0,0,0,0,0,0,0,0,0,0,1,1,1,,,,,,,,,,,,,,,,,,,3.443081199999142,,,,,,,,,,,,,,,,,3.427273599999353,3.443081199999142,3.443081199999142,3.443081199999142,3.9298739999994723,3.9298739999994723,3.9299275899993518,4.681136199999855,5.044944699999178,,,,,,,,,,,,,,,,,,,,,,,,,,,,,,,,,,,,,,,,,,,,,,,,,,,,,,,,,,,,1,001,1,2024-02-02_10h40.43.543,Memory and Syntax,2023.2.3,170.67030763446212,2024-02-02 10h40.55.233994 -0800,
1,0,0,0,0,0,0,0,0,1,0,lu pleck,brocanto/stims/img/mechanic.png,brocanto/stims/audio/lu_pleck_2.wav,x.1,0,0,0,0,,,,,,,,,0,0,0,0,0,0,0,0,0,0,0,0,0,2,2,2,,,,,,,,,,,,,,,,,,,5.060441199999332,,,,,,,,,,,,,,,,,5.045237399999678,5.060441199999332,5.060441199999332,5.060441199999332,5.547744899999998,5.547744899999998,5.547744289999173,6.2993085999996765,6.372199899999941,,,,,,,,,,,,,,,,,,,,,,,,,,,,,,,,,,,,,,,,,,,,,,,,,,,,,,,,,,,,1,001,1,2024-02-02_10h40.43.543,Memory and Syntax,2023.2.3,170.67030763446212,2024-02-02 10h40.55.233994 -0800,
1,0,0,0,0,0,0,0,0,1,0,lu blom,brocanto/stims/img/firefighter.png,brocanto/stims/audio/lu_blom_2.wav,x.1,0,0,0,0,,,,,,,,,0,0,0,0,0,0,0,0,0,0,0,0,0,3,3,3,,,,,,,,,,,,,,,,,,,6.3853348999991795,,,,,,,,,,,,,,,,,6.3724874999998065,6.3853348999991795,6.3853348999991795,6.3853348999991795,6.875116799999887,6.875116799999887,6.87208948999978,7.62726289999955,8.008530999999493,,,,,,,,,,,,,,,,,,,,,,,,,,,,,,,,,,,,,,,,,,,,,,,,,,,,,,,,,,,,1,001,1,2024-02-02_10h40.43.543,Memory and Syntax,2023.2.3,170.67030763446212,2024-02-02 10h40.55.233994 -0800,
1,0,0,0,0,0,0,0,0,1,0,lu neimo,brocanto/stims/img/pilot.png,brocanto/stims/audio/lu_neimo_2.wav,x.1,0,0,0,0,,,,,,,,,0,0,0,0,0,0,0,0,0,0,0,0,0,4,4,4,,,,,,,,,,,,,,,,,,,8.020807799999602,,,,,,,,,,,,,,,,,8.008820999999443,8.020807799999602,8.020807799999602,8.020807799999602,8.511349999999766,8.511349999999766,8.51159398999971,9.265471599999728,9.548073099999783,,,,,,,,,,,,,,,,,,,,,,,,,,,,,,,,,,,,,,,,,,,,,,,,,,,,,,,,,,,,1,001,1,2024-02-02_10h40.43.543,Memory and Syntax,2023.2.3,170.67030763446212,2024-02-02 10h40.55.233994 -0800,
1,0,0,0,0,0,0,0,0,1,0,lu vode,brocanto/stims/img/chef.png,brocanto/stims/audio/lu_vode_2.wav,x.1,0,0,0,0,,,,,,,,,0,0,0,0,0,0,0,0,0,0,0,0,0,5,5,5,,,,,,,,,,,,,,,,,,,9.561281499999495,,,,,,,,,,,,,,,,,9.548300699999345,9.561281499999495,9.561281499999495,9.561281499999495,10.050707399999737,10.050707399999737,10.05071898999995,10.802134699999442,11.020552099999804,,,,,,,,,,,,,,,,,,,,,,,,,,,,,,,,,,,,,,,,,,,,,,,,,,,,,,,,,,,,1,001,1,2024-02-02_10h40.43.543,Memory and Syntax,2023.2.3,170.67030763446212,2024-02-02 10h40.55.233994 -0800,
1,0,0,0,0,0,0,0,0,1,0,lu neep,brocanto/stims/img/doctor.png,brocanto/stims/audio/lu_neep_2.wav,x.1,0,0,0,0,,,,,,,,,0,0,0,0,0,0,0,0,1,0,1,0,0,0,0,0,,,,,,,,,,,,,,,,,,,14.288176699999894,,,,,,,,,,,12.534903699999631,12.537590899999486,12.537590899999486,12.537590899999486,12.537590899999486,14.269156099999236,14.274874499999896,14.288176699999894,14.288176699999894,14.288176699999894,14.771815799999786,14.771815799999786,14.771913789999417,15.523358799999187,16.069153299999925,11.020680699999502,11.026328599999943,11.026328599999943,11.026328599999943,11.026328599999943,11.026328599999943,12.529747499999758,r,1.4995569000002433,None,,,,,,,,,,,,,,,,,,,,,,,,,,,,,,,,,,,,,,,,,,,,,,,,,,1,001,1,2024-02-02_10h40.43.543,Memory and Syntax,2023.2.3,170.67030763446212,2024-02-02 10h40.55.233994 -0800,
1,0,0,0,0,0,0,0,0,1,0,lu troise,brocanto/stims/img/janitor.png,brocanto/stims/audio/lu_troise_1.wav,x.1,0,0,0,0,,,,,,,,,0,0,0,0,0,0,0,0,1,0,1,0,0,1,1,1,,,,,,,,,,,,,,,,,,,16.081703500000003,,,,,,,,,,,,,,,,,16.06937259999995,16.081703500000003,16.081703500000003,16.081703500000003,16.57139929999994,16.57139929999994,16.574192389999553,17.32325309999942,17.487130499999694,,,,,,,,,,,,,,,,,,,,,,,,,,,,,,,,,,,,,,,,,,,,,,,,,,,,,,,,,,,,1,001,1,2024-02-02_10h40.43.543,Memory and Syntax,2023.2.3,170.67030763446212,2024-02-02 10h40.55.233994 -0800,
1,0,0,0,0,0,0,0,0,1,0,lu pleck,brocanto/stims/img/mechanic.png,brocanto/stims/audio/lu_pleck_2.wav,x.1,0,0,0,0,,,,,,,,,0,0,0,0,0,0,0,0,1,0,1,0,0,2,2,2,,,,,,,,,,,,,,,,,,,17.49929279999924,,,,,,,,,,,,,,,,,17.487419899999622,17.49929279999924,17.49929279999924,17.49929279999924,17.98993959999916,17.98993959999916,17.989901189999728,18.741498299999876,19.529539699999987,,,,,,,,,,,,,,,,,,,,,,,,,,,,,,,,,,,,,,,,,,,,,,,,,,,,,,,,,,,,1,001,1,2024-02-02_10h40.43.543,Memory and Syntax,2023.2.3,170.67030763446212,2024-02-02 10h40.55.233994 -0800,
1,0,0,0,0,0,0,0,0,1,0,lu blom,brocanto/stims/img/firefighter.png,brocanto/stims/audio/lu_blom_2.wav,x.1,0,0,0,0,,,,,,,,,0,0,0,0,0,0,0,0,1,0,1,0,0,3,3,3,,,,,,,,,,,,,,,,,,,19.542689299999438,,,,,,,,,,,,,,,,,19.529835599999387,19.542689299999438,19.542689299999438,19.542689299999438,20.032456799999636,20.032456799999636,20.032407689999673,20.78365599999961,21.153703799999676,,,,,,,,,,,,,,,,,,,,,,,,,,,,,,,,,,,,,,,,,,,,,,,,,,,,,,,,,,,,1,001,1,2024-02-02_10h40.43.543,Memory and Syntax,2023.2.3,170.67030763446212,2024-02-02 10h40.55.233994 -0800,
1,0,0,0,0,0,0,0,0,1,0,lu neimo,brocanto/stims/img/pilot.png,brocanto/stims/audio/lu_neimo_2.wav,x.1,0,0,0,0,,,,,,,,,0,0,0,0,0,0,0,0,1,0,1,0,0,4,4,4,,,,,,,,,,,,,,,,,,,21.164605299999494,,,,,,,,,,,,,,,,,21.153897799999868,21.164605299999494,21.164605299999494,21.164605299999494,21.656504499999755,21.656504499999755,21.656554989999677,22.40798949999953,22.590021899999556,,,,,,,,,,,,,,,,,,,,,,,,,,,,,,,,,,,,,,,,,,,,,,,,,,,,,,,,,,,,1,001,1,2024-02-02_10h40.43.543,Memory and Syntax,2023.2.3,170.67030763446212,2024-02-02 10h40.55.233994 -0800,
1,0,0,0,0,0,0,0,0,1,0,lu vode,brocanto/stims/img/chef.png,brocanto/stims/audio/lu_vode_2.wav,x.1,0,0,0,0,,,,,,,,,0,0,0,0,0,0,0,0,1,0,1,0,0,5,5,5,,,,,,,,,,,,,,,,,,,22.60260389999985,,,,,,,,,,,,,,,,,22.590264999999818,22.60260389999985,22.60260389999985,22.60260389999985,23.092776699999376,23.092776699999376,23.092841989999215,23.84426799999983,24.038620499999524,,,,,,,,,,,,,,,,,,,,,,,,,,,,,,,,,,,,,,,,,,,,,,,,,,,,,,,,,,,,1,001,1,2024-02-02_10h40.43.543,Memory and Syntax,2023.2.3,170.67030763446212,2024-02-02 10h40.55.233994 -0800,
1,0,0,0,0,0,0,0,0,1,0,lu neep,brocanto/stims/img/doctor.png,brocanto/stims/audio/lu_neep_2.,x.1,0,0,0,0,,,,,,,,,0,0,0,0,0,0,0,0,,,,,,,,,0,0,0,0,,,,,,,,,,,,,,,29.945773599999484,,,,,,,,,,,,,,,,,,,,,,,,,,24.038756199999625,24.04434559999936,24.04434559999936,24.04434559999936,24.04434559999936,24.04434559999936,25.14151749999928,t,1.0956446999998661,None,25.144809299999906,25.14966099999947,25.14966099999947,25.14966099999947,25.14966099999947,25.14966099999947,25.94764899999973,25.95296199999939,lu neep,"[0.891441499999928, 0.32399509999959264, 1.2313894999997501, 0.45605149999937566, 1.7293453000002046, 0.74416249999922, 1.8537174000002778, 0.9817549999988842, 1.967742900000303, 1.1297666999989815, 2.091601300000548, 1.387799899998754]",25.96309679999922,25.96309679999922,25.96309679999922,26.450582599999507,26.450582599999507,26.450582599999507,26.450582599999507,29.935590999999476,"['k', 'u', 'backspace', 'backspace', 'l', 'u', 'space', 'n', 'e', 'e', 'p', 'return']","[0.891441499999928, 1.2154365999995207, 1.5553845999993428, 1.6874409999991258, 2.1853967999995803, 2.4735077999994246, 2.597879899999498, 2.835472399999162, 2.949497899999187, 3.0975095999992845, 3.2213679999995293, 3.4794011999993018]","[None, None, None, None, None, None, None, None, None, None, None, None]",29.936114999999518,29.945773599999484,29.945773599999484,29.945773599999484,29.945773599999484,30.941309299999375,,,,,,,,,,,,,,,,,,,,,,,1,001,1,2024-02-02_10h40.43.543,Memory and Syntax,2023.2.3,170.67030763446212,2024-02-02 10h40.55.233994 -0800,
1,0,0,0,0,0,0,0,0,1,0,lu troise,brocanto/stims/img/janitor.png,brocanto/stims/audio/lu_troise_1.,x.1,0,0,0,0,,,,,,,,,0,0,0,0,0,0,0,0,,,,,,,,,0,1,1,1,,,,,,,,,,,,,,,33.89247869999963,,,,,,,,,,,,,,,,,,,,,,,,,,,,,,,,,,,,,,,,,,,30.941683799999737,lu trose,"[0.6996970000000147, 0.2541374000002179, 0.8654563999998572, 0.6702180000002045, 1.043368200000259, 0.7842885999998543, 1.2534902000006696, 0.9041954999993322, 1.5314552000008916]",30.9529507999996,30.9529507999996,30.9529507999996,31.442347100000006,31.442347100000006,31.442347100000006,31.442347100000006,33.88092699999925,"['l', 'u', 'space', 't', 'r', 'o', 'i', 's', 'e', 'return']","[0.6996970000000147, 0.9538344000002326, 1.1195938000000751, 1.5356744000000617, 1.7135862000004636, 1.8276568000001134, 1.977764300000672, 2.037778800000524, 2.157685700000002, 2.435650700000224]","[None, None, None, None, None, None, None, None, None, None]",33.88148639999963,33.89247869999963,33.89247869999963,33.89247869999963,33.89247869999963,34.88665139999921,,,,,,,,,,,,,,,,,,,,,,,1,001,1,2024-02-02_10h40.43.543,Memory and Syntax,2023.2.3,170.67030763446212,2024-02-02 10h40.55.233994 -0800,
1,0,0,0,0,0,0,0,0,1,0,lu pleck,brocanto/stims/img/mechanic.png,brocanto/stims/audio/lu_pleck_2.,x.1,0,0,0,0,,,,,,,,,0,0,0,0,0,0,0,0,,,,,,,,,0,2,2,2,,,,,,,,,,,,,,,38.03148169999986,,,,,,,,,,,,,,,,,,,,,,,,,,,,,,,,,,,,,,,,,,,34.88700779999999,lu pleck,"[0.6546029000000999, 0.440036400000281, 0.9225936000002548, 0.6679895999996006, 1.0586230000008072, 0.7800853999997344, 1.1424863000002006, 0.8978132000002006, 1.3207848000001832, 0.9958208999996714, 1.6409492000002501]",34.89852029999929,34.89852029999929,34.89852029999929,35.38337159999992,35.38337159999992,35.38337159999992,35.38337159999992,38.02610699999968,"['k', 'backspace', 'l', 'u', 'space', 'p', 'l', 'e', 'c', 'k', 'return']","[0.6546029000000999, 1.094639300000381, 1.3626300000005358, 1.5905831999998554, 1.7266126000004078, 1.8387084000005416, 1.922571699999935, 2.040299500000401, 2.2185980000003838, 2.3166056999998546, 2.6367700999999215]","[None, None, None, None, None, None, None, None, None, None, None]",38.02671089999967,38.03148169999986,38.03148169999986,38.03148169999986,38.03148169999986,39.02590979999968,39.03637619999972,39.03637619999972,39.03637619999972,39.03637619999972,,,,,,,,,,,,,,,,,,,1,001,1,2024-02-02_10h40.43.543,Memory and Syntax,2023.2.3,170.67030763446212,2024-02-02 10h40.55.233994 -0800,
1,0,0,0,0,0,0,0,0,1,0,lu blom,brocanto/stims/img/firefighter.png,brocanto/stims/audio/lu_blom_2.,x.1,0,0,0,0,,,,,,,,,0,0,0,0,0,0,0,0,,,,,,,,,0,3,3,3,,,,,,,,,,,,,,,41.425478199999816,,,,,,,,,,,,,,,,,,,,,,,,,,,,,,,,,,,,,,,,,,,39.026241199999276,lu blom,"[0.7594173999996201, 0.23013979999996081, 0.8655175999992935, 0.4161063000001377, 0.935507699999107, 0.5980450000006385, 1.0735070999990057, 0.8161057000006622]",39.03637619999972,39.03637619999972,39.03637619999972,39.52845149999939,39.52845149999939,39.52845149999939,39.52845149999939,41.420033799999146,"['l', 'u', 'space', 'b', 'l', 'o', 'm', 'return']","[0.7594173999996201, 0.9895571999995809, 1.0956573999992543, 1.2816238999994312, 1.3516139999992447, 1.5335526999997455, 1.6715520999996443, 1.889612799999668]","[None, None, None, None, None, None, None, None]",41.42059119999976,41.425478199999816,41.425478199999816,41.425478199999816,41.425478199999816,42.41982269999971,42.430037499999344,42.430037499999344,42.430037499999344,42.430037499999344,,,,,,,,,,,,,,,,,,,1,001,1,2024-02-02_10h40.43.543,Memory and Syntax,2023.2.3,170.67030763446212,2024-02-02 10h40.55.233994 -0800,
1,0,0,0,0,0,0,0,0,1,0,lu neimo,brocanto/stims/img/pilot.png,brocanto/stims/audio/lu_neimo_2.,x.1,0,0,0,0,,,,,,,,,0,0,0,0,0,0,0,0,,,,,,,,,0,4,4,4,,,,,,,,,,,,,,,46.0134967999993,,,,,,,,,,,,,,,,,,,,,,,,,,,,,,,,,,,,,,,,,,,42.42022149999957,lu neimo,"[0.5196801000001869, 0.3781638999998904, 0.9375662000002194, 0.9300700000003417, 1.165641499999765, 1.0759374000008393, 1.2916915999994671, 1.1836846000005607, 1.4320643000000928, 1.3715228999999454, 1.712179300000571]",42.430037499999344,42.430037499999344,42.430037499999344,42.92235099999925,42.92235099999925,42.92235099999925,42.92235099999925,46.00779869999951,"['l', 'u', 'space', 'backspace', 'u', 'space', 'n', 'e', 'i', 'm', 'o', 'return']","[0.5196801000001869, 0.7516983000004984, 0.8978440000000774, 1.3157301000001098, 1.867636200000561, 2.0957115000001068, 2.2415789000006043, 2.3676290000003064, 2.475376200000028, 2.6157489000006535, 2.803587200000038, 3.0837022000005163]","[None, None, None, None, None, None, None, None, None, None, None, None]",46.008329199999935,46.0134967999993,46.0134967999993,46.0134967999993,46.0134967999993,47.007570299999315,47.01762669999971,47.01762669999971,47.01762669999971,47.01762669999971,,,,,,,,,,,,,,,,,,,1,001,1,2024-02-02_10h40.43.543,Memory and Syntax,2023.2.3,170.67030763446212,2024-02-02 10h40.55.233994 -0800,
1,0,0,0,0,0,0,0,0,1,0,lu vode,brocanto/stims/img/chef.png,brocanto/stims/audio/lu_vode_2.,x.1,0,0,0,0,,,,,,,,,0,0,0,0,0,0,0,0,,,,,,,,,0,5,5,5,,,,,,,,,,,,,,,52.14648489999945,,,,,,,,,,,,,,,,,,,,,,,,,,,,,,,,,,,,,,,,,,,47.007911599999716,lu vode,"[0.7498945999996067, 0.2759433999999601, 1.5879012999994302, 0.4039076999997633, 1.7138844000000972, 0.7019726999997147, 1.853874899999937, 0.8420218999999634, 1.9798407999996925, 1.0441499999997177, 2.2136859000002005, 1.1961543999996138, 2.495918900000106, 1.3221266999998988, 2.683783299999959, 1.5200975999996444, 2.8701186999996935, 1.7597439999999551]",47.01762669999971,47.01762669999971,47.01762669999971,47.51010939999924,47.51010939999924,47.51010939999924,47.51010939999924,52.14123429999927,"['l', 'u', 'space', 'v', 'o', 'd', 'backspace', 'backspace', 'backspace', 'space', 'v', 'd', 'o', 'backspace', 'backspace', 'o', 'd', 'e', 'return']","[0.7498945999996067, 1.0258379999995668, 1.3518841999994038, 1.8638446999993903, 1.9918089999991935, 2.1177920999998605, 2.415857099999812, 2.5558475999996517, 2.6958967999999004, 2.821862699999656, 3.0239907999994102, 3.257835899999918, 3.4098402999998143, 3.69207329999972, 3.818045600000005, 4.005909999999858, 4.203880899999604, 4.390216299999338, 4.629862699999649]","[None, None, None, None, None, None, None, None, None, None, None, None, None, None, None, None, None, None, None]",52.14167219999945,52.14648489999945,52.14648489999945,52.14648489999945,52.14648489999945,53.14082489999964,53.15220399999998,53.15220399999998,53.15220399999998,53.15220399999998,,,,,,,,,,,,,,,,,,,1,001,1,2024-02-02_10h40.43.543,Memory and Syntax,2023.2.3,170.67030763446212,2024-02-02 10h40.55.233994 -0800,
1,0,0,0,0,0,0,0,0,1,0,lu neep,brocanto/stims/img/doctor.png,brocanto/stims/audio/lu_neep_2.,x.1,0,0,0,0,,,,,,,,,0,0,0,0,0,0,0,0,,,,,,,,,0,6,6,6,,,,,,,,,,,,,,,60.001140499999565,,,,,,,,,,,,,,,,,,,,,,,,,,,,,,,,,,,,,,,,,,,53.1412221999999,lu neep,"[0.8902654000003167, 0.8900974999996834, 1.3164506000002802, 3.715863499999614, 1.7165372000008574, 3.8858644999991157, 1.906563700001243, 4.439679099999012]",53.15220399999998,53.15220399999998,53.15220399999998,53.64365549999911,53.64365549999911,53.64365549999911,53.64365549999911,59.995265099999415,"['l', 'u', 'u', 'space', 'n', 'e', 'e', 'p', 'return']","[0.8902654000003167, 1.2484230999998545, 1.7803629, 2.2065480999999636, 5.032314099999894, 5.432400700000471, 5.602401699999973, 5.792428200000359, 6.346242800000255]","[None, None, None, None, None, None, None, None, None]",59.99573519999922,60.001140499999565,60.001140499999565,60.001140499999565,60.001140499999565,60.99523549999958,61.00551739999992,61.00551739999992,61.00551739999992,61.00551739999992,,,,,,,,,,,,,,,,,,,1,001,1,2024-02-02_10h40.43.543,Memory and Syntax,2023.2.3,170.67030763446212,2024-02-02 10h40.55.233994 -0800,
1,0,0,0,0,0,0,0,0,1,0,lu troise,brocanto/stims/img/janitor.png,brocanto/stims/audio/lu_troise_1.,x.1,0,0,0,0,,,,,,,,,0,0,0,0,0,0,0,0,,,,,,,,,0,7,7,7,,,,,,,,,,,,,,,64.1341709999997,,,,,,,,,,,,,,,,,,,,,,,,,,,,,,,,,,,,,,,,,,,60.99560939999992,lu troise,"[0.7944251999997505, 0.36207850000027975, 0.956199000000197, 0.6041807999999946, 1.138110400000187, 0.7282922000003964, 1.339987100000144, 0.8502981999999975, 1.4979760000005626, 1.130381099999795]",61.00551739999992,61.00551739999992,61.00551739999992,61.49762219999957,61.49762219999957,61.49762219999957,61.49762219999957,64.12846569999965,"['l', 'u', 'space', 't', 'r', 'o', 'i', 's', 'e', 'return']","[0.7944251999997505, 1.1565037000000302, 1.3182775000004767, 1.5603798000001916, 1.7422912000001816, 1.8664026000005833, 2.0682793000005404, 2.1902853000001414, 2.34827420000056, 2.6283571000003576]","[None, None, None, None, None, None, None, None, None, None]",64.12899809999999,64.1341709999997,64.1341709999997,64.1341709999997,64.1341709999997,65.12833169999976,65.13856059999944,65.13856059999944,65.13856059999944,65.13856059999944,,,,,,,,,,,,,,,,,,,1,001,1,2024-02-02_10h40.43.543,Memory and Syntax,2023.2.3,170.67030763446212,2024-02-02 10h40.55.233994 -0800,
1,0,0,0,0,0,0,0,0,1,0,lu pleck,brocanto/stims/img/mechanic.png,brocanto/stims/audio/lu_pleck_2.,x.1,0,0,0,0,,,,,,,,,0,0,0,0,0,0,0,0,,,,,,,,,0,8,8,8,,,,,,,,,,,,,,,67.92194909999944,,,,,,,,,,,,,,,,,,,,,,,,,,,,,,,,,,,,,,,,,,,65.12868319999961,lu pleck,"[0.7568222999998397, 0.28204400000049645, 0.9367664000001241, 0.5639915000001565, 1.0168511000001672, 0.6779144000001907, 1.2089490999996997, 0.7617521000001943, 1.5211224000004222]",65.13856059999944,65.13856059999944,65.13856059999944,65.63119179999921,65.63119179999921,65.63119179999921,65.63119179999921,67.91634259999955,"['l', 'u', 'space', 'p', 'l', 'e', 'c', 'k', 'return']","[0.7568222999998397, 1.0388663000003362, 1.2188104000006206, 1.5007579000002806, 1.5808426000003237, 1.6947655000003579, 1.8868634999998903, 1.970701199999894, 2.2828745000006165]","[None, None, None, None, None, None, None, None, None]",67.91694949999965,67.92194909999944,67.92194909999944,67.92194909999944,67.92194909999944,68.91623069999969,68.92594309999913,68.92594309999913,68.92594309999913,68.92594309999913,,,,,,,,,,,,,,,,,,,1,001,1,2024-02-02_10h40.43.543,Memory and Syntax,2023.2.3,170.67030763446212,2024-02-02 10h40.55.233994 -0800,
1,0,0,0,0,0,0,0,0,1,0,lu blom,brocanto/stims/img/firefighter.png,brocanto/stims/audio/lu_blom_2.,x.1,0,0,0,0,,,,,,,,,0,0,0,0,0,0,0,0,,,,,,,,,0,9,9,9,,,,,,,,,,,,,,,71.95826389999911,,,,,,,,,,,,,,,,,,,,,,,,,,,,,,,,,,,,,,,,,,,68.91656559999956,lu blom,"[0.7752085000001898, 0.2278562999999849, 0.96132149999994, 0.7879289000002245, 1.1171673999997438, 0.9380792000001748, 1.276966800000082, 1.2542833000006794]",68.92594309999913,68.92594309999913,68.92594309999913,69.41882369999985,69.41882369999985,69.41882369999985,69.41882369999985,71.95273709999947,"['l', 'u', 'space', 'b', 'l', 'o', 'm', 'return']","[0.7752085000001898, 1.0030648000001747, 1.189177799999925, 1.7492504000001645, 1.9050962999999683, 2.0552465999999185, 2.2150460000002568, 2.5312501000007614]","[None, None, None, None, None, None, None, None]",71.9531393999996,71.95826389999911,71.95826389999911,71.95826389999911,71.95826389999911,72.95259859999987,72.96198069999991,72.96198069999991,72.96198069999991,72.96198069999991,,,,,,,,,,,,,,,,,,,1,001,1,2024-02-02_10h40.43.543,Memory and Syntax,2023.2.3,170.67030763446212,2024-02-02 10h40.55.233994 -0800,
1,0,0,0,0,0,0,0,0,1,0,lu neimo,brocanto/stims/img/pilot.png,brocanto/stims/audio/lu_neimo_2.,x.1,0,0,0,0,,,,,,,,,0,0,0,0,0,0,0,0,,,,,,,,,0,10,10,10,,,,,,,,,,,,,,,75.40662259999954,,,,,,,,,,,,,,,,,,,,,,,,,,,,,,,,,,,,,,,,,,,72.95295989999977,lu neimo,"[0.5066658999994615, 0.29594600000018545, 0.7186225999994349, 0.4000645000005534, 0.864547299998776, 0.4941842000007455, 1.0125148999986777, 0.6962278000009974, 1.2445222999986072]",72.96198069999991,72.96198069999991,72.96198069999991,73.4553223999992,73.4553223999992,73.4553223999992,73.4553223999992,75.40102619999925,"['l', 'u', 'space', 'n', 'e', 'i', 'm', 'o', 'return']","[0.5066658999994615, 0.802611899999647, 1.0145685999996203, 1.1186870999999883, 1.2646117999993294, 1.3587314999995215, 1.5066990999994232, 1.708742699999675, 1.9407500999996046]","[None, None, None, None, None, None, None, None, None]",75.40165569999954,75.40662259999954,75.40662259999954,75.40662259999954,75.40662259999954,76.40081859999918,76.41037929999948,76.41037929999948,76.41037929999948,76.41037929999948,,,,,,,,,,,,,,,,,,,1,001,1,2024-02-02_10h40.43.543,Memory and Syntax,2023.2.3,170.67030763446212,2024-02-02 10h40.55.233994 -0800,
1,0,0,0,0,0,0,0,0,1,0,lu vode,brocanto/stims/img/chef.png,brocanto/stims/audio/lu_vode_2.,x.1,0,0,0,0,,,,,,,,,0,0,0,0,0,0,0,0,,,,,,,,,0,11,11,11,,,,,,,,,,,,,,,78.94095509999988,,,,,,,,,,,,,,,,,,,,,,,,,,,,,,,,,,,,,,,,,,,76.40115999999944,lu vode,"[0.84035380000023, 0.2980600000000777, 1.008266900000308, 0.45419459999993705, 1.1121842000002289, 0.5722275999996782, 1.2780689999999595, 0.7523865000002843]",76.41037929999948,76.41037929999948,76.41037929999948,76.90357699999913,76.90357699999913,76.90357699999913,76.90357699999913,78.93781199999921,"['l', 'u', 'space', 'v', 'o', 'd', 'e', 'return']","[0.84035380000023, 1.1384138000003077, 1.3063269000003856, 1.462461500000245, 1.566378800000166, 1.684411799999907, 1.8502965999996377, 2.0304555000002438]","[None, None, None, None, None, None, None, None]",78.93835829999989,78.94095509999988,78.94095509999988,78.94095509999988,78.94095509999988,79.94009839999944,,,,,,,,,,,,,,,,,,,,,,,1,001,1,2024-02-02_10h40.43.543,Memory and Syntax,2023.2.3,170.67030763446212,2024-02-02 10h40.55.233994 -0800,
1,0,0,0,0,0,0,0,0,1,0,,,,,0,0,0,0,,,,,,,,,0,0,0,0,0,0,0,0,,,,,,,,,,,,,,,,,,,,,,,,,,,,,,,,,,,,,,,,,,,,,,,,,,,,,,,,,,,,,,,,,,,,,,,,,,,,,,,,,,,,,,,,,,,,,,79.94031149999955,79.95438709999962,79.95438709999962,79.95438709999962,79.95438709999962,79.95438709999962,86.3764369999999,space,6.419541499999468,None,,,,,,,,,1,001,1,2024-02-02_10h40.43.543,Memory and Syntax,2023.2.3,170.67030763446212,2024-02-02 10h40.55.233994 -0800,
,,,,,,,,,,,,,,,,,,,,,,,,,,,,,,,,,,,,,,,,,,,,,,,,,,,,,,,,,,,,,,,,,,,,,,,,,,,,,,,,,,,,,,,,,,,,,,,,,,,,,,,,,,,,,,,,,,,,,,,,,,,,,,,,,,,,,,,,,,86.3800612999994,86.38509299999987,86.38509299999987,86.38509299999987,86.38509299999987,86.38509299999987,88.47326069999963,88.48024289999921,,,,,,,,,
