﻿session,mem_test_reps,cvmt,cvmtP1_reps,cvmtP2_reps,asrt,crtt,cspan,english_ajt_reps,brocanto_learn_reps,brocanto_gjt_reps,sentence,img,audio_sent,experimentFlow.thisRepN,experimentFlow.thisTrialN,experimentFlow.thisN,experimentFlow.thisIndex,memoryTests.thisRepN,memoryTests.thisTrialN,memoryTests.thisN,memoryTests.thisIndex,engAJT_block.thisRepN,engAJT_block.thisTrialN,engAJT_block.thisN,engAJT_block.thisIndex,brocantoLearnPrax.thisRepN,brocantoLearnPrax.thisTrialN,brocantoLearnPrax.thisN,brocantoLearnPrax.thisIndex,vocabPhase.thisRepN,vocabPhase.thisTrialN,vocabPhase.thisN,vocabPhase.thisIndex,sentLearnPhase.thisRepN,sentLearnPhase.thisTrialN,sentLearnPhase.thisN,sentLearnPhase.thisIndex,sentLearnTrials.thisRepN,sentLearnTrials.thisTrialN,sentLearnTrials.thisN,sentLearnTrials.thisIndex,thisRow.t,notes,load.started,load.stopped,brocantoIntro.started,brocanto_story.started,start_brocanto.started,progress_bar1_3.started,progress_bar2_3.started,progress_bar_txt_3.started,brocantoIntro.stopped,sentLearnInstr.started,sent_learn_instr_text.started,sent_learn_begin.started,progress_bar1_11.started,progress_bar2_11.started,progress_bar_txt_11.started,sentLearnInstr.stopped,sentenceLearnTrial.started,progress_bar1_12.started,progress_bar2_12.started,progress_bar_txt_12.started,sentence_audio.started,sent_learn_img.started,sent_text.started,sent_learn_img.stopped,sent_text.stopped,progress_bar1_12.stopped,progress_bar2_12.stopped,progress_bar_txt_12.stopped,sentenceLearnTrial.stopped,attentionCheck.started,attention_check_text.started,attn_chk_key_resp.started,progress_bar1_23.started,progress_bar2_23.started,progress_bar_txt_23.started,attentionCheck.stopped,attn_chk_key_resp.keys,attn_chk_key_resp.corr,attn_chk_key_resp.rt,attn_chk_key_resp.duration,sentPraxInstr.started,sent_prax_instr_text.started,sent_prax_begin.started,progress_bar1_13.started,progress_bar2_13.started,progress_bar_txt_13.started,Sona ID,Participant ID,Session,date,expName,psychopyVersion,frameRate,expStart,
1,0,0,0,0,0,0,0,0,1,0,yab lu pleck lu blom,brocanto/stims/img/sentence38.png,brocanto/stims/audio/yab_lu_pleck_lu_blom_1.wav,0,0,0,0,,,,,,,,,0,0,0,0,,,,,0,0,0,0,0,0,0,0,9.245890599999257,,0.006040799999027513,0.006111200000304962,0.013104100002237828,0.02107619999878807,0.02107619999878807,0.02107619999878807,0.02107619999878807,0.02107619999878807,7.631131699999969,7.631414600000426,7.637003899999399,7.637003899999399,7.637003899999399,7.637003899999399,7.637003899999399,9.213479000001826,9.220757700000831,9.245890599999257,9.245890599999257,9.245890599999257,9.739878340000724,9.758310600002005,9.758310600002005,16.60066690000167,16.60066690000167,16.626920400001836,16.626920400001836,16.626920400001836,16.600867000001017,,,,,,,,,,,,,,,,,,1,001,1,2024-02-02_17h04.21.153,Memory and Syntax,2023.2.3,171.02115018778912,2024-02-02 17h04.28.576178 -0800,
1,0,0,0,0,0,0,0,0,1,0,gop lu blom lu vode,brocanto/stims/img/sentence127.png,brocanto/stims/audio/gop_lu_blom_lu_vode_2.wav,0,0,0,0,,,,,,,,,0,0,0,0,,,,,0,0,0,0,0,1,1,1,16.626920400001836,,,,,,,,,,,,,,,,,,16.601110300001892,16.626920400001836,16.626920400001836,16.626920400001836,17.121438540000234,17.140228399999614,17.140228399999614,23.98824450000029,23.98824450000029,24.003456099999312,24.003456099999312,24.003456099999312,23.988449899999978,,,,,,,,,,,,,,,,,,1,001,1,2024-02-02_17h04.21.153,Memory and Syntax,2023.2.3,171.02115018778912,2024-02-02 17h04.28.576178 -0800,
1,0,0,0,0,0,0,0,0,1,0,lu neimo zayma li,brocanto/stims/img/sentence108.png,brocanto/stims/audio/lu_neimo_zayma_li_2.wav,0,0,0,0,,,,,,,,,0,0,0,0,,,,,0,0,0,0,0,2,2,2,24.003456099999312,,,,,,,,,,,,,,,,,,23.988782299999002,24.003456099999312,24.003456099999312,24.003456099999312,24.49698944000047,24.51551610000024,24.51551610000024,31.375905500000954,31.375905500000954,31.389608400000725,31.389608400000725,31.389608400000725,31.37610710000081,,,,,,,,,,,,,,,,,,1,001,1,2024-02-02_17h04.21.153,Memory and Syntax,2023.2.3,171.02115018778912,2024-02-02 17h04.28.576178 -0800,
1,0,0,0,0,0,0,0,0,1,0,lu blom nim li,brocanto/stims/img/sentence33.png,brocanto/stims/audio/lu_blom_nim_li_1.wav,0,0,0,0,,,,,,,,,0,0,0,0,,,,,0,0,0,0,0,3,3,3,31.389608400000725,,,,,,,,,,,,,,,,,,31.37645640000119,31.389608400000725,31.389608400000725,31.389608400000725,31.884656939999694,31.903233900000487,31.903233900000487,38.74571080000169,38.74571080000169,38.7660094999992,38.7660094999992,38.7660094999992,38.745910300000105,,,,,,,,,,,,,,,,,,1,001,1,2024-02-02_17h04.21.153,Memory and Syntax,2023.2.3,171.02115018778912,2024-02-02 17h04.28.576178 -0800,
1,0,0,0,0,0,0,0,0,1,0,lu vode praz li,brocanto/stims/img/sentence70.png,brocanto/stims/audio/lu_vode_praz_li_2.wav,0,0,0,0,,,,,,,,,0,0,0,0,,,,,0,0,0,0,0,4,4,4,38.7660094999992,,,,,,,,,,,,,,,,,,38.74620380000124,38.7660094999992,38.7660094999992,38.7660094999992,39.26036263999995,39.27885370000149,39.27885370000149,46.12108050000097,46.12108050000097,46.139967300001445,46.139967300001445,46.139967300001445,46.121267099999386,,,,,,,,,,,,,,,,,,1,001,1,2024-02-02_17h04.21.153,Memory and Syntax,2023.2.3,171.02115018778912,2024-02-02 17h04.28.576178 -0800,
1,0,0,0,0,0,0,0,0,1,0,yab lu vode lu pleck,brocanto/stims/img/sentence52.png,brocanto/stims/audio/yab_lu_vode_lu_pleck_2.wav,0,0,0,0,,,,,,,,,0,0,0,0,,,,,0,0,0,0,0,5,5,5,46.139967300001445,,,,,,,,,,,,,,,,,,46.12158149999959,46.139967300001445,46.139967300001445,46.139967300001445,46.63608604000037,46.654300900001545,46.654300900001545,53.49665499999901,53.49665499999901,53.52245210000183,53.52245210000183,53.52245210000183,53.496842299999116,,,,,,,,,,,,,,,,,,1,001,1,2024-02-02_17h04.21.153,Memory and Syntax,2023.2.3,171.02115018778912,2024-02-02 17h04.28.576178 -0800,
1,0,0,0,0,0,0,0,0,1,0,noyka lu neep lu neimo,brocanto/stims/img/sentence82.png,brocanto/stims/audio/noyka_lu_neep_lu_neimo_2.wav,0,0,0,0,,,,,,,,,0,0,0,0,,,,,0,0,0,0,0,6,6,6,53.52245210000183,,,,,,,,,,,,,,,,,,53.49713569999949,53.52245210000183,53.52245210000183,53.52245210000183,54.01755524000182,54.03603800000201,54.03603800000201,60.87221890000001,60.87221890000001,60.88836760000049,60.88836760000049,60.88836760000049,60.87240609999935,,,,,,,,,,,,,,,,,,1,001,1,2024-02-02_17h04.21.153,Memory and Syntax,2023.2.3,171.02115018778912,2024-02-02 17h04.28.576178 -0800,
1,0,0,0,0,0,0,0,0,1,0,lu neimo praz li,brocanto/stims/img/sentence72.png,brocanto/stims/audio/lu_neimo_praz_li_1.wav,0,0,0,0,,,,,,,,,0,0,0,0,,,,,1,0,1,0,0,0,0,0,62.76275629999873,,,,,,,,,,,,,,,,,,62.73920999999973,62.76275629999873,62.76275629999873,62.76275629999873,63.25352674000023,63.27223679999952,63.27223679999952,70.120526900002,70.120526900002,70.13654580000002,70.13654580000002,70.13654580000002,70.12071220000144,60.872534000001906,60.88836760000049,60.88836760000049,60.88836760000049,60.88836760000049,60.88836760000049,62.733016599999246,r,1,1.8443326999986311,None,,,,,,,1,001,1,2024-02-02_17h04.21.153,Memory and Syntax,2023.2.3,171.02115018778912,2024-02-02 17h04.28.576178 -0800,
1,0,0,0,0,0,0,0,0,1,0,lu neep gop li,brocanto/stims/img/sentence110.png,brocanto/stims/audio/lu_neep_gop_li_1.wav,0,0,0,0,,,,,,,,,0,0,0,0,,,,,1,0,1,0,0,1,1,1,70.13654580000002,,,,,,,,,,,,,,,,,,70.12102149999919,70.13654580000002,70.13654580000002,70.13654580000002,70.62916184000133,70.64774509999916,70.64774509999916,77.48406859999886,77.48406859999886,77.49871369999892,77.49871369999892,77.49871369999892,77.48427549999906,,,,,,,,,,,,,,,,,,1,001,1,2024-02-02_17h04.21.153,Memory and Syntax,2023.2.3,171.02115018778912,2024-02-02 17h04.28.576178 -0800,
1,0,0,0,0,0,0,0,0,1,0,lu neep praz li,brocanto/stims/img/sentence68.png,brocanto/stims/audio/lu_neep_praz_li_1.wav,0,0,0,0,,,,,,,,,0,0,0,0,,,,,1,0,1,0,0,2,2,2,77.49871369999892,,,,,,,,,,,,,,,,,,77.48461820000011,77.49871369999892,77.49871369999892,77.49871369999892,77.99275823999997,78.01128289999906,78.01128289999906,84.87767650000023,84.87767650000023,84.89208789999975,84.89208789999975,84.89208789999975,84.8778784999995,,,,,,,,,,,,,,,,,,1,001,1,2024-02-02_17h04.21.153,Memory and Syntax,2023.2.3,171.02115018778912,2024-02-02 17h04.28.576178 -0800,
1,0,0,0,0,0,0,0,0,1,0,lu pleck gop li,brocanto/stims/img/sentence109.png,brocanto/stims/audio/lu_pleck_gop_li_1.wav,0,0,0,0,,,,,,,,,0,0,0,0,,,,,1,0,1,0,0,3,3,3,84.89208789999975,,,,,,,,,,,,,,,,,,84.87821339999937,84.89208789999975,84.89208789999975,84.89208789999975,85.38637094000151,85.40495360000205,85.40495360000205,92.2472983000007,92.2472983000007,92.27005180000197,92.27005180000197,92.27005180000197,92.24750290000156,,,,,,,,,,,,,,,,,,1,001,1,2024-02-02_17h04.21.153,Memory and Syntax,2023.2.3,171.02115018778912,2024-02-02 17h04.28.576178 -0800,
1,0,0,0,0,0,0,0,0,1,0,gop lu neimo lu troise,brocanto/stims/img/sentence144.png,brocanto/stims/audio/gop_lu_neimo_lu_troise_2.wav,0,0,0,0,,,,,,,,,0,0,0,0,,,,,1,0,1,0,0,4,4,4,92.27005180000197,,,,,,,,,,,,,,,,,,92.24778679999872,92.27005180000197,92.27005180000197,92.27005180000197,92.7619898399993,92.78054630000042,92.78054630000042,99.6227327000015,99.6227327000015,99.6414317000017,99.6414317000017,99.6414317000017,99.6229213000006,,,,,,,,,,,,,,,,,,1,001,1,2024-02-02_17h04.21.153,Memory and Syntax,2023.2.3,171.02115018778912,2024-02-02 17h04.28.576178 -0800,
1,0,0,0,0,0,0,0,0,1,0,yab lu troise lu neep,brocanto/stims/img/sentence58.png,brocanto/stims/audio/yab_lu_troise_lu_neep_2.wav,0,0,0,0,,,,,,,,,0,0,0,0,,,,,1,0,1,0,0,5,5,5,99.6414317000017,,,,,,,,,,,,,,,,,,99.62321470000097,99.6414317000017,99.6414317000017,99.6414317000017,100.13751054000241,100.15605620000133,100.15605620000133,106.99843730000066,106.99843730000066,107.01515080000172,107.01515080000172,107.01515080000172,106.99866610000026,,,,,,,,,,,,,,,,,,1,001,1,2024-02-02_17h04.21.153,Memory and Syntax,2023.2.3,171.02115018778912,2024-02-02 17h04.28.576178 -0800,
1,0,0,0,0,0,0,0,0,1,0,lu vode zayma li,brocanto/stims/img/sentence106.png,brocanto/stims/audio/lu_vode_zayma_li_2.wav,0,0,0,0,,,,,,,,,0,0,0,0,,,,,1,0,1,0,0,6,6,6,107.01515080000172,,,,,,,,,,,,,,,,,,106.99900030000208,107.01515080000172,107.01515080000172,107.01515080000172,107.50719124000025,107.52567710000221,107.52567710000221,114.36781780000092,114.36781780000092,114.37669610000012,114.37669610000012,114.37669610000012,114.3680134999995,,,,,,,,,,,,,,,,,,1,001,1,2024-02-02_17h04.21.153,Memory and Syntax,2023.2.3,171.02115018778912,2024-02-02 17h04.28.576178 -0800,
1,0,0,0,0,0,0,0,0,1,0,lu troise zayma li,brocanto/stims/img/sentence107.png,brocanto/stims/audio/lu_troise_zayma_li_2.wav,0,0,0,0,,,,,,,,,0,0,0,0,,,,,2,0,2,0,0,0,0,0,116.37095469999986,,,,,,,,,,,,,,,,,,116.35606869999901,116.37095469999986,116.37095469999986,116.37095469999986,116.86452434000094,116.88280410000152,116.88280410000152,123.72523880000153,123.72523880000153,123.75241330000063,123.75241330000063,123.75241330000063,123.72543890000088,114.36814270000104,114.37669610000012,114.37669610000012,114.37669610000012,114.37669610000012,114.37669610000012,116.3499238000004,b,1,1.9697773000007146,None,,,,,,,1,001,1,2024-02-02_17h04.21.153,Memory and Syntax,2023.2.3,171.02115018778912,2024-02-02 17h04.28.576178 -0800,
1,0,0,0,0,0,0,0,0,1,0,klin lu blom lu vode,brocanto/stims/img/sentence13.png,brocanto/stims/audio/klin_lu_blom_lu_vode_2.wav,0,0,0,0,,,,,,,,,0,0,0,0,,,,,2,0,2,0,0,1,1,1,123.75241330000063,,,,,,,,,,,,,,,,,,123.72574090000126,123.75241330000063,123.75241330000063,123.75241330000063,124.24613874000207,124.26458909999928,124.26458909999928,131.10683079999944,131.10683079999944,131.1337523000002,131.1337523000002,131.1337523000002,131.10702329999913,,,,,,,,,,,,,,,,,,1,001,1,2024-02-02_17h04.21.153,Memory and Syntax,2023.2.3,171.02115018778912,2024-02-02 17h04.28.576178 -0800,
1,0,0,0,0,0,0,0,0,1,0,klin lu neimo lu troise,brocanto/stims/img/sentence30.png,brocanto/stims/audio/klin_lu_neimo_lu_troise_1.wav,0,0,0,0,,,,,,,,,0,0,0,0,,,,,2,0,2,0,0,2,2,2,131.1337523000002,,,,,,,,,,,,,,,,,,131.10732260000077,131.1337523000002,131.1337523000002,131.1337523000002,131.62780763999982,131.64620840000134,131.64620840000134,138.48850250000032,138.48850250000032,138.50425199999881,138.50425199999881,138.50425199999881,138.48868890000085,,,,,,,,,,,,,,,,,,1,001,1,2024-02-02_17h04.21.153,Memory and Syntax,2023.2.3,171.02115018778912,2024-02-02 17h04.28.576178 -0800,
1,0,0,0,0,0,0,0,0,1,0,lu blom praz li,brocanto/stims/img/sentence69.png,brocanto/stims/audio/lu_blom_praz_li_1.wav,0,0,0,0,,,,,,,,,0,0,0,0,,,,,2,0,2,0,0,3,3,3,138.50425199999881,,,,,,,,,,,,,,,,,,138.48898149999877,138.50425199999881,138.50425199999881,138.50425199999881,138.99734324000238,139.01594750000004,139.01594750000004,145.87614160000157,145.87614160000157,145.88930130000153,145.88930130000153,145.88930130000153,145.87632379999923,,,,,,,,,,,,,,,,,,1,001,1,2024-02-02_17h04.21.153,Memory and Syntax,2023.2.3,171.02115018778912,2024-02-02 17h04.28.576178 -0800,
1,0,0,0,0,0,0,0,0,1,0,lu blom gop li,brocanto/stims/img/sentence111.png,brocanto/stims/audio/lu_blom_gop_li_2.wav,0,0,0,0,,,,,,,,,0,0,0,0,,,,,2,0,2,0,0,4,4,4,145.88930130000153,,,,,,,,,,,,,,,,,,145.8766370000012,145.88930130000153,145.88930130000153,145.88930130000153,146.38495123999965,146.40343969999958,146.40343969999958,153.2457925000017,153.2457925000017,153.2717259000019,153.2717259000019,153.2717259000019,153.24598390000028,,,,,,,,,,,,,,,,,,1,001,1,2024-02-02_17h04.21.153,Memory and Syntax,2023.2.3,171.02115018778912,2024-02-02 17h04.28.576178 -0800,
1,0,0,0,0,0,0,0,0,1,0,noyka lu blom lu vode,brocanto/stims/img/sentence85.png,brocanto/stims/audio/noyka_lu_blom_lu_vode_2.wav,0,0,0,0,,,,,,,,,0,0,0,0,,,,,2,0,2,0,0,5,5,5,153.2717259000019,,,,,,,,,,,,,,,,,,153.24627809999947,153.2717259000019,153.2717259000019,153.2717259000019,153.7728621400005,153.79092260000107,153.79092260000107,160.62739409999995,160.62739409999995,160.64095480000105,160.64095480000105,160.64095480000105,160.62758580000082,,,,,,,,,,,,,,,,,,1,001,1,2024-02-02_17h04.21.153,Memory and Syntax,2023.2.3,171.02115018778912,2024-02-02 17h04.28.576178 -0800,
1,0,0,0,0,0,0,0,0,1,0,lu neep nim li,brocanto/stims/img/sentence32.png,brocanto/stims/audio/lu_neep_nim_li_1.wav,0,0,0,0,,,,,,,,,0,0,0,0,,,,,2,0,2,0,0,6,6,6,160.64095480000105,,,,,,,,,,,,,,,,,,160.62803709999935,160.64095480000105,160.64095480000105,160.64095480000105,161.13606673999894,161.15454540000064,161.15454540000064,167.9908765,167.9908765,167.9984697,167.9984697,167.9984697,167.99107500000173,,,,,,,,,,,,,,,,,,1,001,1,2024-02-02_17h04.21.153,Memory and Syntax,2023.2.3,171.02115018778912,2024-02-02 17h04.28.576178 -0800,
,,,,,,,,,,,,,,,,,,,,,,,,,,,,,,,,,,,,,,,,,,,,,,,,,,,,,,,,,,,,,,,,,,,,,,,,,167.9912328999999,167.9984697,167.9984697,167.9984697,167.9984697,167.9984697,169.84567460000108,n,1,1.8439829999988433,None,169.8461356000007,169.8518675000014,169.8518675000014,169.8518675000014,169.8518675000014,169.8518675000014,,,,,,,,,
