﻿session,mem_test_reps,cvmt,cvmtP1_reps,cvmtP2_reps,asrt,crtt,cspan,english_ajt_reps,brocanto_learn_reps,brocanto_gjt_reps,task_instr,stimuli_list,delay,delay_reps,vis_disc_reps,cvmt_design,old_or_new,experimentFlow.thisRepN,experimentFlow.thisTrialN,experimentFlow.thisN,experimentFlow.thisIndex,memoryTests.thisRepN,memoryTests.thisTrialN,memoryTests.thisN,memoryTests.thisIndex,cvmtBlock.thisRepN,cvmtBlock.thisTrialN,cvmtBlock.thisN,cvmtBlock.thisIndex,cvmtTasks.thisRepN,cvmtTasks.thisTrialN,cvmtTasks.thisN,cvmtTasks.thisIndex,cvmtPart1.thisRepN,cvmtPart1.thisTrialN,cvmtPart1.thisN,cvmtPart1.thisIndex,cvmtTrials.thisRepN,cvmtTrials.thisTrialN,cvmtTrials.thisN,cvmtTrials.thisIndex,cvmtPart2.thisRepN,cvmtPart2.thisTrialN,cvmtPart2.thisN,cvmtPart2.thisIndex,thisRow.t,notes,load.started,load.stopped,cvmtInstr.started,cvmt_instr.started,cvmt_begin.started,cvmtInstr.stopped,cvmtTaskInstr.started,cvmt_task_instr.started,cvmt_task_begin.started,cvmtTaskInstr.stopped,presentDesign.started,cvmt_img.started,cvmt_key_resp.started,presentDesign.stopped,cvmt_key_resp.keys,cvmt_key_resp.corr,cvmt_key_resp.rt,cvmt_key_resp.duration,cvmtNoResp.started,cvmtNoResp.stopped,cvmt_key_resp2.keys,cvmt_key_resp2.corr,cvmtSampleFB.started,cvmtSampleFB.stopped,key_resp_15.keys,cvmtSampleFBFinal.started,cvmtSampleFBFinal.stopped,cvmt_final_samp_fb_key_resp.keys,cvmtDelay.started,cvmtDelay.stopped,cvmt_no_resp_prompt.started,cvmt_key_resp2.started,cvmt_key_resp2.rt,cvmt_key_resp2.duration,Sona ID,Participant ID,Session,date,expName,psychopyVersion,frameRate,expStart,
1,1,1,1,0,0,0,0,1,1,0,"You are going to be shown some sample designs. Before doing so, you are cautioned that some of the designs you will see in this test may look similar to one another. In order to be an old design, however, it must look exactly like one you’ve seen before. If it’s different in any way, it will be a new design, so please watch carefully. You’ll be shown the designs very quickly, so please respond as soon as you see the design.

When you’re ready, press any key to begin.",cvmt/sample_stims.xlsx,0,0,0,cvmt/sample/s1.jpg,n,0,0,0,0,0,0,0,0,0,0,0,0,0,0,0,0,0,0,0,0,0,0,0,0,,,,,15.698289700085297,,0.012591700069606304,0.012716300087049603,0.032552000135183334,0.04472060012631118,0.04472060012631118,14.240557600045577,14.24905960005708,14.327126200078055,14.327126200078055,15.638877600198612,15.647840900113806,15.698289700085297,15.698289700085297,17.643265000078827,n,1,1.258828500052914,None,17.643861200194806,17.6439106001053,None,0,17.64409690001048,17.6577488000039,None,17.657928300090134,17.657962900120765,None,,,,,,,1,001,pilot,2024-01-26_22h17.46.625,Memory and Syntax,2023.2.3,70.19238326173767,2024-01-26 22h18.01.939072 -0800,
1,1,1,1,0,0,0,0,1,1,0,"You are going to be shown some sample designs. Before doing so, you are cautioned that some of the designs you will see in this test may look similar to one another. In order to be an old design, however, it must look exactly like one you’ve seen before. If it’s different in any way, it will be a new design, so please watch carefully. You’ll be shown the designs very quickly, so please respond as soon as you see the design.

When you’re ready, press any key to begin.",cvmt/sample_stims.xlsx,0,0,0,cvmt/sample/s2.jpg,n,0,0,0,0,0,0,0,0,0,0,0,0,0,0,0,0,0,0,0,0,0,1,1,1,,,,,17.677449700189754,,,,,,,,,,,,17.665285000111908,17.677449700189754,17.677449700189754,19.66499950014986,n,1,0.6818200000561774,None,19.66539019998163,19.66543380008079,None,0,19.665561700006947,19.689294800162315,None,19.68941370001994,19.6894436001312,None,,,,,,,1,001,pilot,2024-01-26_22h17.46.625,Memory and Syntax,2023.2.3,70.19238326173767,2024-01-26 22h18.01.939072 -0800,
1,1,1,1,0,0,0,0,1,1,0,"You are going to be shown some sample designs. Before doing so, you are cautioned that some of the designs you will see in this test may look similar to one another. In order to be an old design, however, it must look exactly like one you’ve seen before. If it’s different in any way, it will be a new design, so please watch carefully. You’ll be shown the designs very quickly, so please respond as soon as you see the design.

When you’re ready, press any key to begin.",cvmt/sample_stims.xlsx,0,0,0,cvmt/sample/s3.jpg,o,0,0,0,0,0,0,0,0,0,0,0,0,0,0,0,0,0,0,0,0,0,2,2,2,,,,,19.709832000080496,,,,,,,,,,,,19.689640399999917,19.709832000080496,19.709832000080496,21.701085300184786,o,1,0.7228794998954982,None,21.701460000127554,21.701501700095832,None,0,21.701633400050923,21.70822979998775,None,21.7084659000393,21.70850530010648,None,,,,,,,1,001,pilot,2024-01-26_22h17.46.625,Memory and Syntax,2023.2.3,70.19238326173767,2024-01-26 22h18.01.939072 -0800,
1,1,1,1,0,0,0,0,1,1,0,"You are going to be shown some sample designs. Before doing so, you are cautioned that some of the designs you will see in this test may look similar to one another. In order to be an old design, however, it must look exactly like one you’ve seen before. If it’s different in any way, it will be a new design, so please watch carefully. You’ll be shown the designs very quickly, so please respond as soon as you see the design.

When you’re ready, press any key to begin.",cvmt/sample_stims.xlsx,0,0,0,cvmt/sample/s4.jpg,n,0,0,0,0,0,0,0,0,0,0,0,0,0,0,0,0,0,0,0,0,0,3,3,3,,,,,21.736743200104684,,,,,,,,,,,,21.70879640011117,21.736743200104684,21.736743200104684,23.709596800152212,n,1,0.27380329999141395,None,23.709899000125006,23.70992960012518,None,0,23.71001600008458,23.71406410005875,None,23.714173800079152,23.714199900161475,None,,,,,,,1,001,pilot,2024-01-26_22h17.46.625,Memory and Syntax,2023.2.3,70.19238326173767,2024-01-26 22h18.01.939072 -0800,
1,1,1,1,0,0,0,0,1,1,0,"You are going to be shown some sample designs. Before doing so, you are cautioned that some of the designs you will see in this test may look similar to one another. In order to be an old design, however, it must look exactly like one you’ve seen before. If it’s different in any way, it will be a new design, so please watch carefully. You’ll be shown the designs very quickly, so please respond as soon as you see the design.

When you’re ready, press any key to begin.",cvmt/sample_stims.xlsx,0,0,0,cvmt/sample/s5.jpg,n,0,0,0,0,0,0,0,0,0,0,0,0,0,0,0,0,0,0,0,0,0,4,4,4,,,,,23.727607800159603,,,,,,,,,,,,23.7143869001884,23.727607800159603,23.727607800159603,25.720155799994245,n,1,0.2705101000610739,None,25.720555500127375,25.720600600121543,None,0,25.72072200011462,25.72648760001175,None,25.726826700149104,25.726924300193787,None,,,,,,,1,001,pilot,2024-01-26_22h17.46.625,Memory and Syntax,2023.2.3,70.19238326173767,2024-01-26 22h18.01.939072 -0800,
1,1,1,1,0,0,0,0,1,1,0,"You are going to be shown some sample designs. Before doing so, you are cautioned that some of the designs you will see in this test may look similar to one another. In order to be an old design, however, it must look exactly like one you’ve seen before. If it’s different in any way, it will be a new design, so please watch carefully. You’ll be shown the designs very quickly, so please respond as soon as you see the design.

When you’re ready, press any key to begin.",cvmt/sample_stims.xlsx,0,0,0,cvmt/sample/s6.jpg,n,0,0,0,0,0,0,0,0,0,0,0,0,0,0,0,0,0,0,0,0,0,5,5,5,,,,,25.75518920016475,,,,,,,,,,,,25.72728530014865,25.75518920016475,25.75518920016475,27.74638870009221,n,1,0.19063069997355342,None,27.74696270003915,27.7470446000807,None,0,27.747314600041136,27.754624100169167,None,27.754761300049722,27.754795500077307,None,,,,,,,1,001,pilot,2024-01-26_22h17.46.625,Memory and Syntax,2023.2.3,70.19238326173767,2024-01-26 22h18.01.939072 -0800,
1,1,1,1,0,0,0,0,1,1,0,"You are going to be shown some sample designs. Before doing so, you are cautioned that some of the designs you will see in this test may look similar to one another. In order to be an old design, however, it must look exactly like one you’ve seen before. If it’s different in any way, it will be a new design, so please watch carefully. You’ll be shown the designs very quickly, so please respond as soon as you see the design.

When you’re ready, press any key to begin.",cvmt/sample_stims.xlsx,0,0,0,cvmt/sample/s7.jpg,o,0,0,0,0,0,0,0,0,0,0,0,0,0,0,0,0,0,0,0,0,0,6,6,6,,,,,27.781244200188667,,,,,,,,,,,,27.755064900033176,27.781244200188667,27.781244200188667,29.762793500209227,o,1,0.20315880002453923,None,29.76317790010944,29.763219500193372,None,0,29.763344200095162,29.768496700096875,None,29.768619100097567,29.768646500073373,None,,,,,,,1,001,pilot,2024-01-26_22h17.46.625,Memory and Syntax,2023.2.3,70.19238326173767,2024-01-26 22h18.01.939072 -0800,
1,1,1,1,0,0,0,0,1,1,0,"You are going to be shown some sample designs. Before doing so, you are cautioned that some of the designs you will see in this test may look similar to one another. In order to be an old design, however, it must look exactly like one you’ve seen before. If it’s different in any way, it will be a new design, so please watch carefully. You’ll be shown the designs very quickly, so please respond as soon as you see the design.

When you’re ready, press any key to begin.",cvmt/sample_stims.xlsx,0,0,0,cvmt/sample/s8.jpg,n,0,0,0,0,0,0,0,0,0,0,0,0,0,0,0,0,0,0,0,0,0,7,7,7,,,,,29.792482800083235,,,,,,,,,,,,29.768847400089726,29.792482800083235,29.792482800083235,31.783746600151062,n,1,0.3310334999114275,None,31.784066500142217,31.784097500145435,None,0,31.784188400022686,31.788077700184658,None,31.78821870009415,31.78825810016133,None,,,,,,,1,001,pilot,2024-01-26_22h17.46.625,Memory and Syntax,2023.2.3,70.19238326173767,2024-01-26 22h18.01.939072 -0800,
1,1,1,1,0,0,0,0,1,1,0,"You are going to be shown some sample designs. Before doing so, you are cautioned that some of the designs you will see in this test may look similar to one another. In order to be an old design, however, it must look exactly like one you’ve seen before. If it’s different in any way, it will be a new design, so please watch carefully. You’ll be shown the designs very quickly, so please respond as soon as you see the design.

When you’re ready, press any key to begin.",cvmt/sample_stims.xlsx,0,0,0,cvmt/sample/s9.jpg,n,0,0,0,0,0,0,0,0,0,0,0,0,0,0,0,0,0,0,0,0,0,8,8,8,,,,,31.810590000124648,,,,,,,,,,,,31.788546900032088,31.810590000124648,31.810590000124648,33.79021210013889,n,1,0.5707876000087708,None,33.79109610011801,33.791142400121316,None,0,33.79126830003224,33.79557070019655,None,33.795719400048256,33.79575950000435,None,,,,,,,1,001,pilot,2024-01-26_22h17.46.625,Memory and Syntax,2023.2.3,70.19238326173767,2024-01-26 22h18.01.939072 -0800,
1,1,1,1,0,0,0,0,1,1,0,"You are going to be shown some sample designs. Before doing so, you are cautioned that some of the designs you will see in this test may look similar to one another. In order to be an old design, however, it must look exactly like one you’ve seen before. If it’s different in any way, it will be a new design, so please watch carefully. You’ll be shown the designs very quickly, so please respond as soon as you see the design.

When you’re ready, press any key to begin.",cvmt/sample_stims.xlsx,0,0,0,cvmt/sample/s10.jpg,n,0,0,0,0,0,0,0,0,0,0,0,0,0,0,0,0,0,0,0,0,0,9,9,9,,,,,33.8150467001833,,,,,,,,,,,,33.79605560004711,33.8150467001833,33.8150467001833,35.798723600106314,n,1,0.7396939999889582,None,35.79915680014528,35.79920270014554,None,0,35.79952980019152,35.80376280006021,None,35.80390590010211,35.80394440004602,None,,,,,,,1,001,pilot,2024-01-26_22h17.46.625,Memory and Syntax,2023.2.3,70.19238326173767,2024-01-26 22h18.01.939072 -0800,
1,1,1,1,0,0,0,0,1,1,0,"You are going to be shown some sample designs. Before doing so, you are cautioned that some of the designs you will see in this test may look similar to one another. In order to be an old design, however, it must look exactly like one you’ve seen before. If it’s different in any way, it will be a new design, so please watch carefully. You’ll be shown the designs very quickly, so please respond as soon as you see the design.

When you’re ready, press any key to begin.",cvmt/sample_stims.xlsx,0,0,0,cvmt/sample/s11.jpg,o,0,0,0,0,0,0,0,0,0,0,0,0,0,0,0,0,0,0,0,0,0,10,10,10,,,,,35.819562500109896,,,,,,,,,,,,35.80423290003091,35.819562500109896,35.819562500109896,37.80481510004029,o,1,0.38386599998921156,None,37.80522730015218,37.80526870000176,None,0,37.805402900092304,37.8116398002021,None,37.81182280019857,37.811884300084785,None,,,,,,,1,001,pilot,2024-01-26_22h17.46.625,Memory and Syntax,2023.2.3,70.19238326173767,2024-01-26 22h18.01.939072 -0800,
1,1,1,1,0,0,0,0,1,1,0,"Now that we’ve completed the sample designs, we’ll begin the test. The test designs may be a little more complex, so watch closely. Remember to type ‘N’ if you’re seeing a design for the first time or ‘O’ if it’s one that is repeated.",cvmt/task_stims.xlsx,1,0,0,cvmt/test_items/t1.jpeg,n,0,0,0,0,0,0,0,0,0,0,0,0,0,1,1,1,0,0,0,0,0,0,0,0,,,,,42.66682739998214,,,,,,,,37.81350140017457,37.83996980008669,37.83996980008669,42.50292740017176,42.523865499999374,42.66682739998214,42.66682739998214,44.50993780000135,n,1,1.0027689998969436,None,44.511336900060996,44.511386200087145,None,0,44.51166690001264,44.517800600035116,None,44.51812860020436,44.51819000020623,None,37.81223350018263,37.81226490018889,,,,,1,001,pilot,2024-01-26_22h17.46.625,Memory and Syntax,2023.2.3,70.19238326173767,2024-01-26 22h18.01.939072 -0800,
1,1,1,1,0,0,0,0,1,1,0,"Now that we’ve completed the sample designs, we’ll begin the test. The test designs may be a little more complex, so watch closely. Remember to type ‘N’ if you’re seeing a design for the first time or ‘O’ if it’s one that is repeated.",cvmt/task_stims.xlsx,1,0,0,cvmt/test_items/t2.jpeg,n,0,0,0,0,0,0,0,0,0,0,0,0,0,1,1,1,0,0,0,0,0,1,1,1,,,,,44.713324500015005,,,,,,,,,,,,44.51883379998617,44.713324500015005,44.713324500015005,46.520404800074175,o,0,0.44416229985654354,None,46.520977900130674,46.52102169999853,None,0,46.521149300038815,46.5274716001004,None,46.527618300169706,46.52767620002851,None,,,,,,,1,001,pilot,2024-01-26_22h17.46.625,Memory and Syntax,2023.2.3,70.19238326173767,2024-01-26 22h18.01.939072 -0800,
1,1,1,1,0,0,0,0,1,1,0,"Now that we’ve completed the sample designs, we’ll begin the test. The test designs may be a little more complex, so watch closely. Remember to type ‘N’ if you’re seeing a design for the first time or ‘O’ if it’s one that is repeated.",cvmt/task_stims.xlsx,1,0,0,cvmt/test_items/t3.jpeg,o,0,0,0,0,0,0,0,0,0,0,0,0,0,1,1,1,0,0,0,0,0,2,2,2,,,,,46.69190520001575,,,,,,,,,,,,46.52812990010716,46.69190520001575,46.69190520001575,48.539309500018135,o,1,0.46590139996260405,None,48.54013149999082,48.54019229998812,None,0,48.54039580002427,48.546985500026494,None,48.54714320017956,48.547200800152496,None,,,,,,,1,001,pilot,2024-01-26_22h17.46.625,Memory and Syntax,2023.2.3,70.19238326173767,2024-01-26 22h18.01.939072 -0800,
1,1,1,1,0,0,0,0,1,1,0,"Now that we’ve completed the sample designs, we’ll begin the test. The test designs may be a little more complex, so watch closely. Remember to type ‘N’ if you’re seeing a design for the first time or ‘O’ if it’s one that is repeated.",cvmt/task_stims.xlsx,1,0,0,cvmt/test_items/t4.png,o,0,0,0,0,0,0,0,0,0,0,0,0,0,1,1,1,0,0,0,0,0,3,3,3,,,,,48.70773750008084,,,,,,,,,,,,48.547613700153306,48.70773750008084,48.70773750008084,50.54780300008133,n,0,1.2775659000035375,None,50.54824240016751,50.54828350013122,None,0,50.54841210017912,50.555968600092456,None,50.55612440011464,50.556181400083005,None,,,,,,,1,001,pilot,2024-01-26_22h17.46.625,Memory and Syntax,2023.2.3,70.19238326173767,2024-01-26 22h18.01.939072 -0800,
1,1,1,1,0,0,0,0,1,1,0,"Now that we’ve completed the sample designs, we’ll begin the test. The test designs may be a little more complex, so watch closely. Remember to type ‘N’ if you’re seeing a design for the first time or ‘O’ if it’s one that is repeated.",cvmt/task_stims.xlsx,1,0,0,cvmt/test_items/t5.jpeg,o,0,0,0,0,0,0,0,0,0,0,0,0,0,1,1,1,0,0,0,0,0,4,4,4,,,,,50.72875940008089,,,,,,,,,,,,50.55653390008956,50.72875940008089,50.72875940008089,52.56942720012739,n,0,1.76090530003421,None,52.56982300011441,52.56986730010249,None,0,52.56999240000732,52.57624060008675,None,52.57638910016976,52.57644630013965,None,,,,,,,1,001,pilot,2024-01-26_22h17.46.625,Memory and Syntax,2023.2.3,70.19238326173767,2024-01-26 22h18.01.939072 -0800,
1,1,1,1,0,0,0,0,1,1,0,"Now that we’ve completed the sample designs, we’ll begin the test. The test designs may be a little more complex, so watch closely. Remember to type ‘N’ if you’re seeing a design for the first time or ‘O’ if it’s one that is repeated.",cvmt/task_stims.xlsx,1,0,0,cvmt/test_items/t6.jpeg,o,0,0,0,0,0,0,0,0,0,0,0,0,0,1,1,1,0,0,0,0,0,5,5,5,,,,,52.77178609999828,,,,,,,,,,,,52.576887000119314,52.77178609999828,52.77178609999828,54.59068740019575,None,0,,,54.591001000022516,55.759012500057,n,0,55.75973500008695,55.7662173002027,None,55.766364300157875,55.76642860006541,None,,,54.6043943001423,54.6043943001423,1.151809300063178,None,1,001,pilot,2024-01-26_22h17.46.625,Memory and Syntax,2023.2.3,70.19238326173767,2024-01-26 22h18.01.939072 -0800,
1,1,1,1,0,0,0,0,1,1,0,"Now that we’ve completed the sample designs, we’ll begin the test. The test designs may be a little more complex, so watch closely. Remember to type ‘N’ if you’re seeing a design for the first time or ‘O’ if it’s one that is repeated.",cvmt/task_stims.xlsx,1,0,0,cvmt/test_items/t7.jpeg,o,0,0,0,0,0,0,0,0,0,0,0,0,0,1,1,1,0,0,0,0,0,6,6,6,,,,,55.90964339999482,,,,,,,,,,,,55.7668364001438,55.90964339999482,55.90964339999482,57.78011710010469,None,0,,,57.78046080004424,58.89117550011724,n,0,58.89165440015495,58.898447800194845,None,58.89863000018522,58.8986880001612,None,,,57.79393080016598,57.79393080016598,1.0856339000165462,None,1,001,pilot,2024-01-26_22h17.46.625,Memory and Syntax,2023.2.3,70.19238326173767,2024-01-26 22h18.01.939072 -0800,
1,1,1,1,0,0,0,0,1,1,0,"Now that we’ve completed the sample designs, we’ll begin the test. The test designs may be a little more complex, so watch closely. Remember to type ‘N’ if you’re seeing a design for the first time or ‘O’ if it’s one that is repeated.",cvmt/task_stims.xlsx,1,0,0,cvmt/test_items/t8.jpeg,o,0,0,0,0,0,0,0,0,0,0,0,0,0,1,1,1,0,0,0,0,0,7,7,7,,,,,59.054040200077,,,,,,,,,,,,58.89912450010888,59.054040200077,59.054040200077,60.91327070002444,o,1,1.2276624001096934,None,60.91363920015283,60.91368650016375,None,0,60.91381490021013,60.91959960013628,None,60.91975940018892,60.919818200170994,None,,,,,,,1,001,pilot,2024-01-26_22h17.46.625,Memory and Syntax,2023.2.3,70.19238326173767,2024-01-26 22h18.01.939072 -0800,
1,1,1,1,0,0,0,0,1,1,0,"Now that we’ve completed the sample designs, we’ll begin the test. The test designs may be a little more complex, so watch closely. Remember to type ‘N’ if you’re seeing a design for the first time or ‘O’ if it’s one that is repeated.",cvmt/task_stims.xlsx,1,0,0,cvmt/test_items/t9.png,o,0,0,0,0,0,0,0,0,0,0,0,0,0,1,1,1,0,0,0,0,0,8,8,8,,,,,61.15221540001221,,,,,,,,,,,,60.92022500000894,61.15221540001221,61.15221540001221,62.93426330015063,n,0,0.8753149998374283,None,62.93482610001229,62.93488650000654,None,0,62.93508319999091,62.941924300044775,None,62.94211780000478,62.94217490009032,None,,,,,,,1,001,pilot,2024-01-26_22h17.46.625,Memory and Syntax,2023.2.3,70.19238326173767,2024-01-26 22h18.01.939072 -0800,
1,1,1,1,0,0,0,0,1,1,0,"Now that we’ve completed the sample designs, we’ll begin the test. The test designs may be a little more complex, so watch closely. Remember to type ‘N’ if you’re seeing a design for the first time or ‘O’ if it’s one that is repeated.",cvmt/task_stims.xlsx,1,0,0,cvmt/test_items/t10.jpeg,o,0,0,0,0,0,0,0,0,0,0,0,0,0,1,1,1,0,0,0,0,0,9,9,9,,,,,63.10603170003742,,,,,,,,,,,,62.94277200009674,63.10603170003742,63.10603170003742,64.95639230008237,n,0,1.179095400031656,None,64.95673190010712,64.95676150009967,None,0,64.95685140020214,64.96173380012624,None,64.96186630008742,64.96190400002524,None,,,,,,,1,001,pilot,2024-01-26_22h17.46.625,Memory and Syntax,2023.2.3,70.19238326173767,2024-01-26 22h18.01.939072 -0800,
,,,,,,,,,,,,,,,,,,,,,,,,,,,,,,,,,,,,,,,,,,,,,,65.10159520013258,,,,,,,,,,,,64.96219089999795,65.10159520013258,65.10159520013258,,,,,,,,,,,,,,,,,,,,,,,,,,,,,,
