﻿load.started,load.stopped,Sona ID,Participant ID,Session,date,expName,psychopyVersion,OS,frameRate,cvmtInstr.started,cvmtInstr.stopped,cvmtTaskInstr.started,cvmtTaskInstr.stopped,presentDesign.started,presentDesign.stopped,cvmt_key_resp.keys,cvmt_key_resp.corr,cvmt_key_resp.rt,cvmt_key_resp.duration,cvmtNoResp.started,cvmtNoResp.stopped,cvmt_key_resp2.keys,cvmt_key_resp2.corr,cvmtSampleFB.started,cvmtSampleFB.stopped,key_resp_15.keys,cvmtSampleFBFinal.started,cvmtSampleFBFinal.stopped,cvmt_final_samp_fb_key_resp.keys,cvmtTrials.thisRepN,cvmtTrials.thisTrialN,cvmtTrials.thisN,cvmtTrials.thisIndex,cvmtTrials.ran,cvmt_design,old_or_new,key_resp_15.rt,key_resp_15.duration,cvmt_final_samp_fb_key_resp.rt,cvmt_final_samp_fb_key_resp.duration,experimentFlow.thisRepN,experimentFlow.thisTrialN,experimentFlow.thisN,experimentFlow.thisIndex,experimentFlow.ran,experimentFlow.order,session,mem_test_reps,cvmt,cvmtP1_reps,cvmtP2_reps,asrt,crtt,cspan,english_ajt_reps,brocanto_learn_reps,brocanto_gjt_reps,memoryTests.thisRepN,memoryTests.thisTrialN,memoryTests.thisN,memoryTests.thisIndex,memoryTests.ran,memoryTests.order,cvmtBlock.thisRepN,cvmtBlock.thisTrialN,cvmtBlock.thisN,cvmtBlock.thisIndex,cvmtBlock.ran,cvmtBlock.order,cvmtPart1.thisRepN,cvmtPart1.thisTrialN,cvmtPart1.thisN,cvmtPart1.thisIndex,cvmtPart1.ran,cvmtPart1.order,task_instr,stimuli_list,delay,delay_reps,vis_disc_reps,cvmtTrials.order
0,0.274,1,001,1,2024-02-21_16h28.42.652,Memory and Syntax,2023.2.3,Win32,165.0165017,,,,,,,,,,,,,,,,,,,,,,,,,,,,,,,,,,,,,,,,,,,,,,,,,,,,,,,,,,,,,,,,,,,,,,,,
,,1,001,1,2024-02-21_16h28.42.652,Memory and Syntax,2023.2.3,Win32,165.0165017,0.285,1.52,1.524,2.868,2.878,4.871,n,1,1.116,,4.871,4.875,,0,4.875,4.876,,4.876,4.876,,0,0,0,0,1,cvmt/sample/s1.jpg,n,,,,,,,,,,,,,,,,,,,,,,,,,,,,,,,,,,,,,,,,,,,,,
,,1,001,1,2024-02-21_16h28.42.652,Memory and Syntax,2023.2.3,Win32,165.0165017,,,,,4.876,6.876,n,1,1.123,,6.876,6.878,,0,6.878,6.878,,6.878,6.878,,0,1,1,1,1,cvmt/sample/s2.jpg,n,,,,,,,,,,,,,,,,,,,,,,,,,,,,,,,,,,,,,,,,,,,,,
,,1,001,1,2024-02-21_16h28.42.652,Memory and Syntax,2023.2.3,Win32,165.0165017,,,,,6.878,8.877,o,1,0.753,,8.877,8.877,,0,8.877,12.646,c,12.647,12.648,,0,2,2,2,1,cvmt/sample/s3.jpg,o,3.757,,,,,,,,,,,,,,,,,,,,,,,,,,,,,,,,,,,,,,,,,,,,
,,1,001,1,2024-02-21_16h28.42.652,Memory and Syntax,2023.2.3,Win32,165.0165017,,,,,12.648,14.646,n,1,1.386,,14.646,14.647,,0,14.647,14.648,,14.648,14.649,,0,3,3,3,1,cvmt/sample/s4.jpg,n,,,,,,,,,,,,,,,,,,,,,,,,,,,,,,,,,,,,,,,,,,,,,
,,1,001,1,2024-02-21_16h28.42.652,Memory and Syntax,2023.2.3,Win32,165.0165017,,,,,14.649,16.647,n,1,1.275,,16.647,16.647,,0,16.647,16.648,,16.648,16.648,,0,4,4,4,1,cvmt/sample/s5.jpg,n,,,,,,,,,,,,,,,,,,,,,,,,,,,,,,,,,,,,,,,,,,,,,
,,1,001,1,2024-02-21_16h28.42.652,Memory and Syntax,2023.2.3,Win32,165.0165017,,,,,16.648,18.647,n,1,0.889,,18.647,18.647,,0,18.647,18.647,,18.648,18.648,,0,5,5,5,1,cvmt/sample/s6.jpg,n,,,,,,,,,,,,,,,,,,,,,,,,,,,,,,,,,,,,,,,,,,,,,
,,1,001,1,2024-02-21_16h28.42.652,Memory and Syntax,2023.2.3,Win32,165.0165017,,,,,18.648,20.646,o,1,0.429,,20.646,20.646,,0,20.647,20.647,,20.647,20.647,,0,6,6,6,1,cvmt/sample/s7.jpg,o,,,,,,,,,,,,,,,,,,,,,,,,,,,,,,,,,,,,,,,,,,,,,
,,1,001,1,2024-02-21_16h28.42.652,Memory and Syntax,2023.2.3,Win32,165.0165017,,,,,20.647,22.646,n,1,0.543,,22.646,22.646,,0,22.646,22.646,,22.646,22.646,,0,7,7,7,1,cvmt/sample/s8.jpg,n,,,,,,,,,,,,,,,,,,,,,,,,,,,,,,,,,,,,,,,,,,,,,
,,1,001,1,2024-02-21_16h28.42.652,Memory and Syntax,2023.2.3,Win32,165.0165017,,,,,22.647,24.646,n,1,1.493,,24.646,24.647,,0,24.647,24.647,,24.647,24.647,,0,8,8,8,1,cvmt/sample/s9.jpg,n,,,,,,,,,,,,,,,,,,,,,,,,,,,,,,,,,,,,,,,,,,,,,
,,1,001,1,2024-02-21_16h28.42.652,Memory and Syntax,2023.2.3,Win32,165.0165017,,,,,24.648,26.646,o,0,1.465,,26.646,26.646,,0,26.646,29.615,c,29.615,29.616,,0,9,9,9,1,cvmt/sample/s10.jpg,n,2.953,,,,,,,,,,,,,,,,,,,,,,,,,,,,,,,,,,,,,,,,,,,,
,,1,001,1,2024-02-21_16h28.42.652,Memory and Syntax,2023.2.3,Win32,165.0165017,,,,,29.616,31.615,n,0,1.011,,31.615,31.616,,0,31.616,31.618,,31.618,36.926,r,0,10,10,10,1,cvmt/sample/s11.jpg,o,,,5.285,,,,,,,,,,,,,,,,,,,,,,,,,,,,,,,,,,,,,,,,,,
,,1,001,1,2024-02-21_16h28.42.652,Memory and Syntax,2023.2.3,Win32,165.0165017,,,36.927,45.537,45.553,,,,,,,,,,,,,,,,0,0,0,0,1,cvmt/test_items/t1.jpeg,n,,,,,0,0,0,0,1,1,1,1,1,1,0,0,0,0,1,1,0,0,0,0,0,1,0,0,0,0,0,1,0,0,1,1,1,1,1,"Now that we’ve completed the sample designs, we’ll begin the test. The test designs may be a little more complex, so watch closely. Remember to type ‘N’ if you’re seeing a design for the first time or ‘O’ if it’s one that is repeated.",cvmt/task_stims.xlsx,1,0,0,134