﻿session,mem_test_reps,cvmt,cvmtP1_reps,cvmtP2_reps,asrt,crtt,cspan,english_ajt_reps,brocanto_learn_reps,brocanto_gjt_reps,task_instr,stimuli_list,delay,delay_design,delay_ans,experimentFlow.thisRepN,experimentFlow.thisTrialN,experimentFlow.thisN,experimentFlow.thisIndex,memoryTests.thisRepN,memoryTests.thisTrialN,memoryTests.thisN,memoryTests.thisIndex,cvmtBlock.thisRepN,cvmtBlock.thisTrialN,cvmtBlock.thisN,cvmtBlock.thisIndex,cvmtTasks.thisRepN,cvmtTasks.thisTrialN,cvmtTasks.thisN,cvmtTasks.thisIndex,cvmtPart1.thisRepN,cvmtPart1.thisTrialN,cvmtPart1.thisN,cvmtPart1.thisIndex,cvmtPart2.thisRepN,cvmtPart2.thisTrialN,cvmtPart2.thisN,cvmtPart2.thisIndex,delayTrials.thisRepN,delayTrials.thisTrialN,delayTrials.thisN,delayTrials.thisIndex,thisRow.t,notes,load.started,load.stopped,cvmtInstr.started,cvmt_instr.started,cvmt_begin.started,cvmtInstr.stopped,cvmtDelay.started,cvmtDelay.stopped,cvmtDelayTest.started,cvmt_delay_test_instr.started,cvmt_delay_design.started,delay_key_resp.started,delay_T_targ.started,delay_Y_targ.started,delay_U_targ.started,delay_F_targ.started,delay_G_targ.started,delay_H_targ.started,delay_J_targ.started,cvmtDelayTest.stopped,delay_key_resp.keys,delay_key_resp.corr,delay_key_resp.rt,delay_key_resp.duration,Sona ID,Participant ID,Session,date,expName,psychopyVersion,frameRate,expStart,
1,1,1,0,1,0,0,0,1,1,0,"Earlier you saw some designs that looked like these. On the previous test, all of these designs appeared. However, six of these designs appeared only once; so after you saw them the first time, they never appeared again. *One* of these, however, repeated seven times on the test. Look at all seven designs and indicate which *one* design appeared more than once by pressing the corresponding key. Which one appeared seven times?",cvmt/delay_stims.xlsx,0,cvmt/delay/d1.jpg,h,0,0,0,0,0,0,0,0,0,0,0,0,0,0,0,0,,,,,0,0,0,0,0,0,0,0,1.2533106000628322,,0.005020700045861304,0.005082400050014257,0.011947400053031743,0.01652430009562522,0.01652430009562522,1.0974959000013769,1.1027668000897393,1.1027838001027703,1.1075641000643373,1.2533106000628322,1.2533106000628322,1.2533106000628322,1.2533106000628322,1.2533106000628322,1.2533106000628322,1.2533106000628322,1.2533106000628322,1.2533106000628322,1.2533106000628322,27.67041640006937,j,0,26.414134000078775,None,1,001,pilot,2024-01-24_17h47.32.592,Memory and Syntax,2023.2.3,156.73489854641542,2024-01-24 17h47.39.745682 -0800,
1,1,1,0,1,0,0,0,1,1,0,"Earlier you saw some designs that looked like these. On the previous test, all of these designs appeared. However, six of these designs appeared only once; so after you saw them the first time, they never appeared again. *One* of these, however, repeated seven times on the test. Look at all seven designs and indicate which *one* design appeared more than once by pressing the corresponding key. Which one appeared seven times?",cvmt/delay_stims.xlsx,0,cvmt/delay/d2.jpg,g,0,0,0,0,0,0,0,0,0,0,0,0,0,0,0,0,,,,,0,0,0,0,0,1,1,1,27.772368400008418,,,,,,,,,,27.672375800088048,27.772368400008418,27.772368400008418,27.772368400008418,27.772368400008418,27.772368400008418,27.772368400008418,27.772368400008418,27.772368400008418,27.772368400008418,27.772368400008418,33.852073100046255,t,0,6.079145200084895,None,1,001,pilot,2024-01-24_17h47.32.592,Memory and Syntax,2023.2.3,156.73489854641542,2024-01-24 17h47.39.745682 -0800,
1,1,1,0,1,0,0,0,1,1,0,"Earlier you saw some designs that looked like these. On the previous test, all of these designs appeared. However, six of these designs appeared only once; so after you saw them the first time, they never appeared again. *One* of these, however, repeated seven times on the test. Look at all seven designs and indicate which *one* design appeared more than once by pressing the corresponding key. Which one appeared seven times?",cvmt/delay_stims.xlsx,0,cvmt/delay/d3.jpg,u,0,0,0,0,0,0,0,0,0,0,0,0,0,0,0,0,,,,,0,0,0,0,0,2,2,2,33.935984400101006,,,,,,,,,,33.85260600002948,33.935984400101006,33.935984400101006,33.935984400101006,33.935984400101006,33.935984400101006,33.935984400101006,33.935984400101006,33.935984400101006,33.935984400101006,33.935984400101006,42.43367740011308,f,0,8.491713499999605,None,1,001,pilot,2024-01-24_17h47.32.592,Memory and Syntax,2023.2.3,156.73489854641542,2024-01-24 17h47.39.745682 -0800,
1,1,1,0,1,0,0,0,1,1,0,"Earlier you saw some designs that looked like these. On the previous test, all of these designs appeared. However, six of these designs appeared only once; so after you saw them the first time, they never appeared again. *One* of these, however, repeated seven times on the test. Look at all seven designs and indicate which *one* design appeared more than once by pressing the corresponding key. Which one appeared seven times?",cvmt/delay_stims.xlsx,0,cvmt/delay/d4.jpg,t,0,0,0,0,0,0,0,0,0,0,0,0,0,0,0,0,,,,,0,0,0,0,0,3,3,3,42.53184280009009,,,,,,,,,,42.4342098000925,42.53184280009009,42.53184280009009,42.53184280009009,42.53184280009009,42.53184280009009,42.53184280009009,42.53184280009009,42.53184280009009,42.53184280009009,42.53184280009009,47.93072620010935,t,0,5.395643700030632,None,1,001,pilot,2024-01-24_17h47.32.592,Memory and Syntax,2023.2.3,156.73489854641542,2024-01-24 17h47.39.745682 -0800,
1,1,1,0,1,0,0,0,1,1,0,"Earlier you saw some designs that looked like these. On the previous test, all of these designs appeared. However, six of these designs appeared only once; so after you saw them the first time, they never appeared again. *One* of these, however, repeated seven times on the test. Look at all seven designs and indicate which *one* design appeared more than once by pressing the corresponding key. Which one appeared seven times?",cvmt/delay_stims.xlsx,0,cvmt/delay/d5.jpg,f,0,0,0,0,0,0,0,0,0,0,0,0,0,0,0,0,,,,,0,0,0,0,0,4,4,4,48.038062900071964,,,,,,,,,,47.931473300093785,48.038062900071964,48.038062900071964,48.038062900071964,48.038062900071964,48.038062900071964,48.038062900071964,48.038062900071964,48.038062900071964,48.038062900071964,48.038062900071964,65.83937430009246,u,0,17.797460400033742,None,1,001,pilot,2024-01-24_17h47.32.592,Memory and Syntax,2023.2.3,156.73489854641542,2024-01-24 17h47.39.745682 -0800,
1,1,1,0,1,0,0,0,1,1,0,"Earlier you saw some designs that looked like these. On the previous test, all of these designs appeared. However, six of these designs appeared only once; so after you saw them the first time, they never appeared again. *One* of these, however, repeated seven times on the test. Look at all seven designs and indicate which *one* design appeared more than once by pressing the corresponding key. Which one appeared seven times?",cvmt/delay_stims.xlsx,0,cvmt/delay/d6.jpg,t,0,0,0,0,0,0,0,0,0,0,0,0,0,0,0,0,,,,,0,0,0,0,0,5,5,5,65.95780410000589,,,,,,,,,,65.83992180007044,65.95780410000589,65.95780410000589,65.95780410000589,65.95780410000589,65.95780410000589,65.95780410000589,65.95780410000589,65.95780410000589,65.95780410000589,65.95780410000589,68.881456800038,g,0,2.9217700000153854,None,1,001,pilot,2024-01-24_17h47.32.592,Memory and Syntax,2023.2.3,156.73489854641542,2024-01-24 17h47.39.745682 -0800,
