﻿session,mem_test_reps,cvmt,cvmtP1_reps,cvmtP2_reps,asrt,crtt,cspan,english_ajt_reps,brocanto_learn_reps,brocanto_gjt_reps,task_instr,stimuli_list,delay,delay_reps,vis_disc_reps,cvmt_design,old_or_new,delay_design,delay_ans,vd,vdrm,vd_ans,ajt_list,list_position,condition,item,testSent,experimentFlow.thisRepN,experimentFlow.thisTrialN,experimentFlow.thisN,experimentFlow.thisIndex,memoryTests.thisRepN,memoryTests.thisTrialN,memoryTests.thisN,memoryTests.thisIndex,cvmtBlock.thisRepN,cvmtBlock.thisTrialN,cvmtBlock.thisN,cvmtBlock.thisIndex,cvmtTasks.thisRepN,cvmtTasks.thisTrialN,cvmtTasks.thisN,cvmtTasks.thisIndex,cvmtPart1.thisRepN,cvmtPart1.thisTrialN,cvmtPart1.thisN,cvmtPart1.thisIndex,cvmtTrials.thisRepN,cvmtTrials.thisTrialN,cvmtTrials.thisN,cvmtTrials.thisIndex,cvmtPart2.thisRepN,cvmtPart2.thisTrialN,cvmtPart2.thisN,cvmtPart2.thisIndex,asrtBlock.thisRepN,asrtBlock.thisTrialN,asrtBlock.thisN,asrtBlock.thisIndex,crttBlock.thisRepN,crttBlock.thisTrialN,crttBlock.thisN,crttBlock.thisIndex,cspanBlock.thisRepN,cspanBlock.thisTrialN,cspanBlock.thisN,cspanBlock.thisIndex,engAJT_block.thisRepN,engAJT_block.thisTrialN,engAJT_block.thisN,engAJT_block.thisIndex,engAJT_trials.thisRepN,engAJT_trials.thisTrialN,engAJT_trials.thisN,engAJT_trials.thisIndex,brocantoLearnPrax.thisRepN,brocantoLearnPrax.thisTrialN,brocantoLearnPrax.thisN,brocantoLearnPrax.thisIndex,vocabPhase.thisRepN,vocabPhase.thisTrialN,vocabPhase.thisN,vocabPhase.thisIndex,vocabRep.thisRepN,vocabRep.thisTrialN,vocabRep.thisN,vocabRep.thisIndex,thisRow.t,notes,load.started,load.stopped,cvmtInstr.started,cvmt_instr.started,cvmt_begin.started,cvmtInstr.stopped,cvmtTaskInstr.started,cvmt_task_instr.started,cvmt_task_begin.started,cvmtTaskInstr.stopped,presentDesign.started,cvmt_img.started,cvmt_key_resp.started,presentDesign.stopped,cvmt_key_resp.keys,cvmt_key_resp.corr,cvmtNoResp.started,cvmt_no_resp_prompt.started,cvmt_key_resp2.started,cvmtNoResp.stopped,cvmt_key_resp2.keys,cvmt_key_resp2.corr,cvmt_key_resp2.rt,cvmt_key_resp2.duration,cvmtSampleFB.started,cvmtSampleFB.stopped,key_resp_15.keys,cvmtSampleFBFinal.started,cvmtSampleFBFinal.stopped,cvmt_final_samp_fb_key_resp.keys,cvmt_key_resp.rt,cvmt_key_resp.duration,cvmt_sample_fb_text.started,key_resp_15.started,prev_img.started,key_resp_15.rt,key_resp_15.duration,cvmt_final_samp_fb_key_resp.started,cvmt_sample_finalfb_text.started,cvmt_final_samp_fb_key_resp.rt,cvmt_final_samp_fb_key_resp.duration,cvmtDelay.started,cvmtDelay.stopped,cvmt timer,engAJT_instr.started,ajt_instr.started,start_ajt.started,progress_bar1.started,progress_bar2.started,progress_bar_txt.started,engAJT_instr.stopped,start_ajt.keys,start_ajt.rt,start_ajt.duration,engAJT.started,progress_bar1_2.started,progress_bar2_2.started,progress_bar_txt_2.started,eng_ajt_sent.started,acceptability.started,engAJT.stopped,acceptability.response,acceptability.rt,brocantoIntro.started,brocanto_story.started,start_brocanto.started,progress_bar1_3.started,progress_bar2_3.started,progress_bar_txt_3.started,brocantoIntro.stopped,vocabInstr.started,vocab_learn_begin.started,progress_bar1_4.started,progress_bar2_4.started,progress_bar_txt_4.started,Sona ID,Participant ID,Session,date,expName,psychopyVersion,frameRate,expStart,
1,1,1,1,0,0,0,0,1,1,0,"You are going to be shown some sample designs. Before doing so, you are cautioned that some of the designs you will see in this test may look similar to one another. In order to be an old design, however, it must look exactly like one you’ve seen before. If it’s different in any way, it will be a new design, so please watch carefully. You’ll be shown the designs very quickly, so please respond as soon as you see the design.

When you’re ready, press any key to begin.",cvmt/sample_stims.xlsx,0,0,0,cvmt/sample/s1.jpg,n,,,,,,,,,,,0,0,0,0,0,0,0,0,0,0,0,0,0,0,0,0,0,0,0,0,0,0,0,0,,,,,,,,,,,,,,,,,,,,,,,,,,,,,,,,,,,,,71.49806910008192,,0.004642400192096829,0.004712100140750408,0.013926600106060505,0.019547400064766407,0.019547400064766407,54.496900600148365,54.51706159999594,54.57512040017173,54.57512040017173,71.44005560013466,71.45962530001998,71.49806910008192,71.49806910008192,73.44804140017368,None,0,73.44846240011975,73.46247800020501,73.46247800020501,80.48131190007553,n,1,7.0129365001339465,None,80.48203300009482,80.49567370000295,None,80.49596720002592,80.4960243999958,None,,,,,,,,,,,,,,,,,,,,,,,,,,,,,,,,,,,,,,,,,,,,,,1,068,pilot,2024-01-26_17h33.03.587,Memory and Syntax,2023.2.3,70.23369554654884,2024-01-26 17h38.57.532579 -0800,
1,1,1,1,0,0,0,0,1,1,0,"You are going to be shown some sample designs. Before doing so, you are cautioned that some of the designs you will see in this test may look similar to one another. In order to be an old design, however, it must look exactly like one you’ve seen before. If it’s different in any way, it will be a new design, so please watch carefully. You’ll be shown the designs very quickly, so please respond as soon as you see the design.

When you’re ready, press any key to begin.",cvmt/sample_stims.xlsx,0,0,0,cvmt/sample/s2.jpg,n,,,,,,,,,,,0,0,0,0,0,0,0,0,0,0,0,0,0,0,0,0,0,0,0,0,0,1,1,1,,,,,,,,,,,,,,,,,,,,,,,,,,,,,,,,,,,,,80.50980840018019,,,,,,,,,,,,80.49653550004587,80.50980840018019,80.50980840018019,82.50329460017383,None,0,82.50378520018421,82.51744349999353,82.51744349999353,86.29025330021977,n,1,3.7641394999809563,None,86.2908030000981,86.32239880017005,None,86.32257500011474,86.32261790009215,None,,,,,,,,,,,,,,,,,,,,,,,,,,,,,,,,,,,,,,,,,,,,,,1,068,pilot,2024-01-26_17h33.03.587,Memory and Syntax,2023.2.3,70.23369554654884,2024-01-26 17h38.57.532579 -0800,
1,1,1,1,0,0,0,0,1,1,0,"You are going to be shown some sample designs. Before doing so, you are cautioned that some of the designs you will see in this test may look similar to one another. In order to be an old design, however, it must look exactly like one you’ve seen before. If it’s different in any way, it will be a new design, so please watch carefully. You’ll be shown the designs very quickly, so please respond as soon as you see the design.

When you’re ready, press any key to begin.",cvmt/sample_stims.xlsx,0,0,0,cvmt/sample/s3.jpg,o,,,,,,,,,,,0,0,0,0,0,0,0,0,0,0,0,0,0,0,0,0,0,0,0,0,0,2,2,2,,,,,,,,,,,,,,,,,,,,,,,,,,,,,,,,,,,,,86.34547649999149,,,,,,,,,,,,86.32291370001622,86.34547649999149,86.34547649999149,88.32673750002868,None,0,88.32705800002441,88.34072760003619,88.34072760003619,89.83604170009494,o,1,1.491201899945736,None,89.83658890007064,89.84311310015619,None,89.8432287001051,89.84326920006424,None,,,,,,,,,,,,,,,,,,,,,,,,,,,,,,,,,,,,,,,,,,,,,,1,068,pilot,2024-01-26_17h33.03.587,Memory and Syntax,2023.2.3,70.23369554654884,2024-01-26 17h38.57.532579 -0800,
1,1,1,1,0,0,0,0,1,1,0,"You are going to be shown some sample designs. Before doing so, you are cautioned that some of the designs you will see in this test may look similar to one another. In order to be an old design, however, it must look exactly like one you’ve seen before. If it’s different in any way, it will be a new design, so please watch carefully. You’ll be shown the designs very quickly, so please respond as soon as you see the design.

When you’re ready, press any key to begin.",cvmt/sample_stims.xlsx,0,0,0,cvmt/sample/s4.jpg,n,,,,,,,,,,,0,0,0,0,0,0,0,0,0,0,0,0,0,0,0,0,0,0,0,0,0,3,3,3,,,,,,,,,,,,,,,,,,,,,,,,,,,,,,,,,,,,,89.87172260018997,,,,,,,,,,,,89.84355460014194,89.87172260018997,89.87172260018997,91.85701840021648,None,0,91.85729680000804,91.87090219999664,91.87090219999664,93.6397040002048,n,1,1.7544664999004453,None,93.6401081001386,93.64628350012936,None,93.64663590001874,93.64667560020462,None,,,,,,,,,,,,,,,,,,,,,,,,,,,,,,,,,,,,,,,,,,,,,,1,068,pilot,2024-01-26_17h33.03.587,Memory and Syntax,2023.2.3,70.23369554654884,2024-01-26 17h38.57.532579 -0800,
1,1,1,1,0,0,0,0,1,1,0,"You are going to be shown some sample designs. Before doing so, you are cautioned that some of the designs you will see in this test may look similar to one another. In order to be an old design, however, it must look exactly like one you’ve seen before. If it’s different in any way, it will be a new design, so please watch carefully. You’ll be shown the designs very quickly, so please respond as soon as you see the design.

When you’re ready, press any key to begin.",cvmt/sample_stims.xlsx,0,0,0,cvmt/sample/s5.jpg,n,,,,,,,,,,,0,0,0,0,0,0,0,0,0,0,0,0,0,0,0,0,0,0,0,0,0,4,4,4,,,,,,,,,,,,,,,,,,,,,,,,,,,,,,,,,,,,,93.67154680006206,,,,,,,,,,,,93.64696060004644,93.67154680006206,93.67154680006206,95.65843180008233,None,0,95.65879050013609,95.67241780017503,95.67241780017503,96.11448690015823,n,1,0.44131639995612204,None,96.11573210009374,96.1221331001725,None,96.12225350015797,96.12229329999536,None,,,,,,,,,,,,,,,,,,,,,,,,,,,,,,,,,,,,,,,,,,,,,,1,068,pilot,2024-01-26_17h33.03.587,Memory and Syntax,2023.2.3,70.23369554654884,2024-01-26 17h38.57.532579 -0800,
1,1,1,1,0,0,0,0,1,1,0,"You are going to be shown some sample designs. Before doing so, you are cautioned that some of the designs you will see in this test may look similar to one another. In order to be an old design, however, it must look exactly like one you’ve seen before. If it’s different in any way, it will be a new design, so please watch carefully. You’ll be shown the designs very quickly, so please respond as soon as you see the design.

When you’re ready, press any key to begin.",cvmt/sample_stims.xlsx,0,0,0,cvmt/sample/s6.jpg,n,,,,,,,,,,,0,0,0,0,0,0,0,0,0,0,0,0,0,0,0,0,0,0,0,0,0,5,5,5,,,,,,,,,,,,,,,,,,,,,,,,,,,,,,,,,,,,,96.13688170001842,,,,,,,,,,,,96.12257560016587,96.13688170001842,96.13688170001842,98.12264150008559,None,0,98.12301910016686,98.13661130005494,98.13661130005494,98.63510270020925,n,1,0.4914052998647094,None,98.63558380003087,98.64164680009708,None,98.64178450009786,98.64182490017265,None,,,,,,,,,,,,,,,,,,,,,,,,,,,,,,,,,,,,,,,,,,,,,,1,068,pilot,2024-01-26_17h33.03.587,Memory and Syntax,2023.2.3,70.23369554654884,2024-01-26 17h38.57.532579 -0800,
1,1,1,1,0,0,0,0,1,1,0,"You are going to be shown some sample designs. Before doing so, you are cautioned that some of the designs you will see in this test may look similar to one another. In order to be an old design, however, it must look exactly like one you’ve seen before. If it’s different in any way, it will be a new design, so please watch carefully. You’ll be shown the designs very quickly, so please respond as soon as you see the design.

When you’re ready, press any key to begin.",cvmt/sample_stims.xlsx,0,0,0,cvmt/sample/s7.jpg,o,,,,,,,,,,,0,0,0,0,0,0,0,0,0,0,0,0,0,0,0,0,0,0,0,0,0,6,6,6,,,,,,,,,,,,,,,,,,,,,,,,,,,,,,,,,,,,,98.66671980009414,,,,,,,,,,,,98.64211960020475,98.66671980009414,98.66671980009414,100.6427062000148,o,1,100.6433212000411,,,100.64336880017072,None,0,,,100.64350380003452,100.64981430000626,None,100.64994930010289,100.64998960006051,None,0.9890237001236528,None,,,,,,,,,,,,,,,,,,,,,,,,,,,,,,,,,,,,,,,,,,,,1,068,pilot,2024-01-26_17h33.03.587,Memory and Syntax,2023.2.3,70.23369554654884,2024-01-26 17h38.57.532579 -0800,
1,1,1,1,0,0,0,0,1,1,0,"You are going to be shown some sample designs. Before doing so, you are cautioned that some of the designs you will see in this test may look similar to one another. In order to be an old design, however, it must look exactly like one you’ve seen before. If it’s different in any way, it will be a new design, so please watch carefully. You’ll be shown the designs very quickly, so please respond as soon as you see the design.

When you’re ready, press any key to begin.",cvmt/sample_stims.xlsx,0,0,0,cvmt/sample/s8.jpg,n,,,,,,,,,,,0,0,0,0,0,0,0,0,0,0,0,0,0,0,0,0,0,0,0,0,0,7,7,7,,,,,,,,,,,,,,,,,,,,,,,,,,,,,,,,,,,,,100.67484540003352,,,,,,,,,,,,100.65028699999675,100.67484540003352,100.67484540003352,102.6636387000326,n,1,102.66413790010847,,,102.66418550000526,None,0,,,102.66432550013997,102.6709897001274,None,102.67113880021498,102.67117780004628,None,1.8084460000973195,None,,,,,,,,,,,,,,,,,,,,,,,,,,,,,,,,,,,,,,,,,,,,1,068,pilot,2024-01-26_17h33.03.587,Memory and Syntax,2023.2.3,70.23369554654884,2024-01-26 17h38.57.532579 -0800,
1,1,1,1,0,0,0,0,1,1,0,"You are going to be shown some sample designs. Before doing so, you are cautioned that some of the designs you will see in this test may look similar to one another. In order to be an old design, however, it must look exactly like one you’ve seen before. If it’s different in any way, it will be a new design, so please watch carefully. You’ll be shown the designs very quickly, so please respond as soon as you see the design.

When you’re ready, press any key to begin.",cvmt/sample_stims.xlsx,0,0,0,cvmt/sample/s9.jpg,n,,,,,,,,,,,0,0,0,0,0,0,0,0,0,0,0,0,0,0,0,0,0,0,0,0,0,8,8,8,,,,,,,,,,,,,,,,,,,,,,,,,,,,,,,,,,,,,102.69459970016032,,,,,,,,,,,,102.67145970021375,102.69459970016032,102.69459970016032,104.6717211001087,o,0,104.67247200012207,,,104.67251920001581,None,0,,,104.6726523002144,112.80207370012067,c,112.80251680011861,112.80256860004738,None,0.9592042998410761,None,104.70632840017788,104.70632840017788,104.92793700005859,8.081382700009272,None,,,,,,,,,,,,,,,,,,,,,,,,,,,,,,,,,,,,,,,1,068,pilot,2024-01-26_17h33.03.587,Memory and Syntax,2023.2.3,70.23369554654884,2024-01-26 17h38.57.532579 -0800,
1,1,1,1,0,0,0,0,1,1,0,"You are going to be shown some sample designs. Before doing so, you are cautioned that some of the designs you will see in this test may look similar to one another. In order to be an old design, however, it must look exactly like one you’ve seen before. If it’s different in any way, it will be a new design, so please watch carefully. You’ll be shown the designs very quickly, so please respond as soon as you see the design.

When you’re ready, press any key to begin.",cvmt/sample_stims.xlsx,0,0,0,cvmt/sample/s10.jpg,n,,,,,,,,,,,0,0,0,0,0,0,0,0,0,0,0,0,0,0,0,0,0,0,0,0,0,9,9,9,,,,,,,,,,,,,,,,,,,,,,,,,,,,,,,,,,,,,112.8275406002067,,,,,,,,,,,,112.80284080002457,112.8275406002067,112.8275406002067,114.80841789999977,None,0,114.80873020016588,114.82248160010204,114.82248160010204,115.60881520016119,n,1,0.7749981000088155,None,115.60922470013611,115.6167733001057,None,115.61688470002264,115.61692100018263,None,,,,,,,,,,,,,,,,,,,,,,,,,,,,,,,,,,,,,,,,,,,,,,1,068,pilot,2024-01-26_17h33.03.587,Memory and Syntax,2023.2.3,70.23369554654884,2024-01-26 17h38.57.532579 -0800,
1,1,1,1,0,0,0,0,1,1,0,"You are going to be shown some sample designs. Before doing so, you are cautioned that some of the designs you will see in this test may look similar to one another. In order to be an old design, however, it must look exactly like one you’ve seen before. If it’s different in any way, it will be a new design, so please watch carefully. You’ll be shown the designs very quickly, so please respond as soon as you see the design.

When you’re ready, press any key to begin.",cvmt/sample_stims.xlsx,0,0,0,cvmt/sample/s11.jpg,o,,,,,,,,,,,0,0,0,0,0,0,0,0,0,0,0,0,0,0,0,0,0,0,0,0,0,10,10,10,,,,,,,,,,,,,,,,,,,,,,,,,,,,,,,,,,,,,115.64226990006864,,,,,,,,,,,,115.61719560017809,115.64226990006864,115.64226990006864,117.61775450012647,None,0,117.61807000008412,117.62892520008609,117.62892520008609,118.35497660003603,o,1,0.7244706000201404,None,118.35543240001425,118.36166880000383,None,118.36182500002906,128.26442410005257,r,,,,,,,,118.3988727000542,118.3988727000542,9.863022200064734,None,,,,,,,,,,,,,,,,,,,,,,,,,,,,,,,,,,,1,068,pilot,2024-01-26_17h33.03.587,Memory and Syntax,2023.2.3,70.23369554654884,2024-01-26 17h38.57.532579 -0800,
1,1,1,1,0,0,0,0,1,1,0,"Now that we’ve completed the sample designs, we’ll begin the test. The test designs may be a little more complex, so watch closely. Remember to type ‘N’ if you’re seeing a design for the first time or ‘O’ if it’s one that is repeated.",cvmt/task_stims.xlsx,1,0,0,cvmt/test_items/t1.jpeg,n,,,,,,,,,,,0,0,0,0,0,0,0,0,0,0,0,0,0,1,1,1,0,0,0,0,0,0,0,0,,,,,,,,,,,,,,,,,,,,,,,,,,,,,,,,,,,,,139.55425280006602,,,,,,,,128.26610560016707,128.29229830019176,128.29229830019176,139.38419650006108,139.41556270001456,139.55425280006602,139.55425280006602,141.39073560014367,None,0,141.39140730001964,141.40467980015092,141.40467980015092,144.3815668001771,n,1,2.9685643000993878,None,144.38228660007007,144.38777200016193,None,144.38797420007177,144.38861960009672,None,,,,,,,,,,,,128.26527780015022,128.2653024001047,,,,,,,,,,,,,,,,,,,,,,,,,,,,,,,,,1,068,pilot,2024-01-26_17h33.03.587,Memory and Syntax,2023.2.3,70.23369554654884,2024-01-26 17h38.57.532579 -0800,
1,1,1,1,0,0,0,0,1,1,0,"Now that we’ve completed the sample designs, we’ll begin the test. The test designs may be a little more complex, so watch closely. Remember to type ‘N’ if you’re seeing a design for the first time or ‘O’ if it’s one that is repeated.",cvmt/task_stims.xlsx,1,0,0,cvmt/test_items/t2.jpeg,n,,,,,,,,,,,0,0,0,0,0,0,0,0,0,0,0,0,0,1,1,1,0,0,0,0,0,1,1,1,,,,,,,,,,,,,,,,,,,,,,,,,,,,,,,,,,,,,144.59223330020905,,,,,,,,,,,,144.38898510020226,144.59223330020905,144.59223330020905,146.4022439001128,None,0,146.40262340009212,146.41656909999438,146.41656909999438,148.0403099001851,n,1,1.6106924000196159,None,148.04106320021674,148.1741764000617,None,148.17442850000225,148.17449500015937,None,,,,,,,,,,,,,,,,,,,,,,,,,,,,,,,,,,,,,,,,,,,,,,1,068,pilot,2024-01-26_17h33.03.587,Memory and Syntax,2023.2.3,70.23369554654884,2024-01-26 17h38.57.532579 -0800,
1,1,1,1,0,0,0,0,1,1,0,"Now that we’ve completed the sample designs, we’ll begin the test. The test designs may be a little more complex, so watch closely. Remember to type ‘N’ if you’re seeing a design for the first time or ‘O’ if it’s one that is repeated.",cvmt/task_stims.xlsx,1,0,0,cvmt/test_items/t3.jpeg,o,,,,,,,,,,,0,0,0,0,0,0,0,0,0,0,0,0,0,1,1,1,0,0,0,0,0,2,2,2,,,,,,,,,,,,,,,,,,,,,,,,,,,,,,,,,,,,,148.3507194002159,,,,,,,,,,,,148.17494570021518,148.3507194002159,148.3507194002159,150.17651200015098,None,0,150.17704600002617,150.19020450022072,150.19020450022072,152.02718920004554,n,0,1.8352356001269072,None,152.02758270013146,161.38206680002622,c,161.38279630010948,161.38285190006718,None,,,152.26378919999115,152.26378919999115,152.27087260014378,9.117729299934581,None,,,,,,,,,,,,,,,,,,,,,,,,,,,,,,,,,,,,,,,1,068,pilot,2024-01-26_17h33.03.587,Memory and Syntax,2023.2.3,70.23369554654884,2024-01-26 17h38.57.532579 -0800,
1,1,1,1,0,0,0,0,1,1,0,"Now that we’ve completed the sample designs, we’ll begin the test. The test designs may be a little more complex, so watch closely. Remember to type ‘N’ if you’re seeing a design for the first time or ‘O’ if it’s one that is repeated.",cvmt/task_stims.xlsx,1,0,0,cvmt/test_items/t4.png,o,,,,,,,,,,,0,0,0,0,0,0,0,0,0,0,0,0,0,1,1,1,0,0,0,0,0,3,3,3,,,,,,,,,,,,,,,,,,,,,,,,,,,,,,,,,,,,,161.54401990002953,,,,,,,,,,,,161.38314590021037,161.54401990002953,161.54401990002953,163.38896750006825,None,0,163.38931520003825,163.40293590002693,163.40293590002693,165.3389103000518,n,0,1.9226273000240326,None,165.33942870004103,173.55500420019962,c,173.55555819999427,173.55561220017262,None,,,165.5277834001463,165.5277834001463,165.5949511001818,8.015516099985689,None,,,,,,,,,,,,,,,,,,,,,,,,,,,,,,,,,,,,,,,1,068,pilot,2024-01-26_17h33.03.587,Memory and Syntax,2023.2.3,70.23369554654884,2024-01-26 17h38.57.532579 -0800,
1,1,1,1,0,0,0,0,1,1,0,"Now that we’ve completed the sample designs, we’ll begin the test. The test designs may be a little more complex, so watch closely. Remember to type ‘N’ if you’re seeing a design for the first time or ‘O’ if it’s one that is repeated.",cvmt/task_stims.xlsx,1,0,0,cvmt/test_items/t5.jpeg,o,,,,,,,,,,,0,0,0,0,0,0,0,0,0,0,0,0,0,1,1,1,0,0,0,0,0,4,4,4,,,,,,,,,,,,,,,,,,,,,,,,,,,,,,,,,,,,,173.733910900075,,,,,,,,,,,,173.55593290016986,173.733910900075,173.733910900075,175.56153200007975,None,0,175.5619101000484,175.5755303001497,175.5755303001497,176.94361060019583,n,0,1.3645619000308216,None,176.94397710007615,185.17329490021802,c,185.17375090019777,185.17380250012502,None,,,177.15714620007202,177.15714620007202,177.19951340020634,8.008349300129339,None,,,,,,,,,,,,,,,,,,,,,,,,,,,,,,,,,,,,,,,1,068,pilot,2024-01-26_17h33.03.587,Memory and Syntax,2023.2.3,70.23369554654884,2024-01-26 17h38.57.532579 -0800,
1,1,1,1,0,0,0,0,1,1,0,"Now that we’ve completed the sample designs, we’ll begin the test. The test designs may be a little more complex, so watch closely. Remember to type ‘N’ if you’re seeing a design for the first time or ‘O’ if it’s one that is repeated.",cvmt/task_stims.xlsx,1,0,0,cvmt/test_items/t6.jpeg,o,,,,,,,,,,,0,0,0,0,0,0,0,0,0,0,0,0,0,1,1,1,0,0,0,0,0,5,5,5,,,,,,,,,,,,,,,,,,,,,,,,,,,,,,,,,,,,,185.36815350013785,,,,,,,,,,,,185.17409910005517,185.36815350013785,185.36815350013785,187.18052830011584,None,0,187.18082210002467,187.19453970016912,187.19453970016912,189.67137630004436,n,0,2.4688151001464576,None,189.67203660006635,195.69513670005836,c,195.69554680003785,195.69561720010825,None,,,189.874245100189,189.874245100189,189.92735880007967,5.8194770000409335,None,,,,,,,,,,,,,,,,,,,,,,,,,,,,,,,,,,,,,,,1,068,pilot,2024-01-26_17h33.03.587,Memory and Syntax,2023.2.3,70.23369554654884,2024-01-26 17h38.57.532579 -0800,
1,1,1,1,0,0,0,0,1,1,0,"Now that we’ve completed the sample designs, we’ll begin the test. The test designs may be a little more complex, so watch closely. Remember to type ‘N’ if you’re seeing a design for the first time or ‘O’ if it’s one that is repeated.",cvmt/task_stims.xlsx,1,0,0,cvmt/test_items/t7.jpeg,o,,,,,,,,,,,0,0,0,0,0,0,0,0,0,0,0,0,0,1,1,1,0,0,0,0,0,6,6,6,,,,,,,,,,,,,,,,,,,,,,,,,,,,,,,,,,,,,195.83259310014546,,,,,,,,,,,,195.69593070005067,195.83259310014546,195.83259310014546,197.7031028000638,None,0,197.70364180020988,197.7165708001703,197.7165708001703,200.9923208002001,n,0,3.275166800012812,None,200.99288750020787,213.69237150019035,c,213.69269670010544,213.69274940015748,None,,,201.2228097000625,201.2228097000625,201.23930850019678,12.467063099844381,None,,,,,,,,,,,,,,,,,,,,,,,,,,,,,,,,,,,,,,,1,068,pilot,2024-01-26_17h33.03.587,Memory and Syntax,2023.2.3,70.23369554654884,2024-01-26 17h38.57.532579 -0800,
1,1,1,1,0,0,0,0,1,1,0,"Now that we’ve completed the sample designs, we’ll begin the test. The test designs may be a little more complex, so watch closely. Remember to type ‘N’ if you’re seeing a design for the first time or ‘O’ if it’s one that is repeated.",cvmt/task_stims.xlsx,1,0,0,cvmt/test_items/t8.jpeg,o,,,,,,,,,,,0,0,0,0,0,0,0,0,0,0,0,0,0,1,1,1,0,0,0,0,0,7,7,7,,,,,,,,,,,,,,,,,,,,,,,,,,,,,,,,,,,,,213.8369261000771,,,,,,,,,,,,213.69300890015438,213.8369261000771,213.8369261000771,215.69829390011728,None,0,215.69860760006122,215.71222840016708,215.71222840016708,216.61041170009412,o,1,0.8957209000363946,None,216.61077570007183,216.7333373001311,None,216.73353730002418,216.73359800013714,None,,,,,,,,,,,,,,,,,,,,,,,,,,,,,,,,,,,,,,,,,,,,,,1,068,pilot,2024-01-26_17h33.03.587,Memory and Syntax,2023.2.3,70.23369554654884,2024-01-26 17h38.57.532579 -0800,
1,1,1,1,0,0,0,0,1,1,0,"Now that we’ve completed the sample designs, we’ll begin the test. The test designs may be a little more complex, so watch closely. Remember to type ‘N’ if you’re seeing a design for the first time or ‘O’ if it’s one that is repeated.",cvmt/task_stims.xlsx,1,0,0,cvmt/test_items/t9.png,o,,,,,,,,,,,0,0,0,0,0,0,0,0,0,0,0,0,0,1,1,1,0,0,0,0,0,8,8,8,,,,,,,,,,,,,,,,,,,,,,,,,,,,,,,,,,,,,216.95944480015896,,,,,,,,,,,,216.734268900007,216.95944480015896,216.95944480015896,218.74525200016797,None,0,218.745604300173,218.7592200001236,218.7592200001236,219.47182750003412,n,0,0.7019354999065399,None,219.47246890002862,316.80179350008257,c,316.80227300012484,316.80234330007806,None,,,219.65336790005676,219.65336790005676,219.72764050005935,97.13784559979104,0.008295000065118074,,,,,,,,,,,,,,,,,,,,,,,,,,,,,,,,,,,,,,,1,068,pilot,2024-01-26_17h33.03.587,Memory and Syntax,2023.2.3,70.23369554654884,2024-01-26 17h38.57.532579 -0800,
1,1,1,1,0,0,0,0,1,1,0,"Now that we’ve completed the sample designs, we’ll begin the test. The test designs may be a little more complex, so watch closely. Remember to type ‘N’ if you’re seeing a design for the first time or ‘O’ if it’s one that is repeated.",cvmt/task_stims.xlsx,1,0,0,cvmt/test_items/t10.jpeg,o,,,,,,,,,,,0,0,0,0,0,0,0,0,0,0,0,0,0,1,1,1,0,0,0,0,0,9,9,9,,,,,,,,,,,,,,,,,,,,,,,,,,,,,,,,,,,,,316.9714638001751,,,,,,,,,,,,316.80268310010433,316.9714638001751,316.9714638001751,318.80996280000545,None,0,318.81040420010686,318.8240265001077,318.8240265001077,320.9459780000616,n,0,2.115942900069058,None,320.9466618001461,329.58780950005166,c,329.58816610020585,329.5882115000859,None,,,321.20661480003037,321.20661480003037,321.20661480003037,8.376935299951583,0.0034064999781548977,,,,,,,,,,,,,,,,,,,,,,,,,,,,,,,,,,,,,,,1,068,pilot,2024-01-26_17h33.03.587,Memory and Syntax,2023.2.3,70.23369554654884,2024-01-26 17h38.57.532579 -0800,
1,1,1,1,0,0,0,0,1,1,0,"Now that we’ve completed the sample designs, we’ll begin the test. The test designs may be a little more complex, so watch closely. Remember to type ‘N’ if you’re seeing a design for the first time or ‘O’ if it’s one that is repeated.",cvmt/task_stims.xlsx,1,0,0,cvmt/test_items/t11.png,n,,,,,,,,,,,0,0,0,0,0,0,0,0,0,0,0,0,0,1,1,1,0,0,0,0,0,10,10,10,,,,,,,,,,,,,,,,,,,,,,,,,,,,,,,,,,,,,329.7806722000241,,,,,,,,,,,,329.58847600012086,329.7806722000241,329.7806722000241,331.5957616001833,None,0,331.59615740017034,331.60964450007305,331.60964450007305,333.176257800078,n,1,1.5557742998935282,None,333.1767577000428,333.3175105000846,None,333.3177122999914,344.08197580021806,r,,,,,,,,333.3439986000303,333.3439986000303,10.731557600200176,None,,,,,,,,,,,,,,,,,,,,,,,,,,,,,,,,,,,1,068,pilot,2024-01-26_17h33.03.587,Memory and Syntax,2023.2.3,70.23369554654884,2024-01-26 17h38.57.532579 -0800,
1,1,1,1,0,0,0,0,1,1,0,"Now that we’ve completed the sample designs, we’ll begin the test. The test designs may be a little more complex, so watch closely. Remember to type ‘N’ if you’re seeing a design for the first time or ‘O’ if it’s one that is repeated.",cvmt/task_stims.xlsx,1,0,0,cvmt/test_items/t12.jpeg,o,,,,,,,,,,,0,0,0,0,0,0,0,0,0,0,0,0,0,1,1,1,0,0,0,0,0,11,11,11,,,,,,,,,,,,,,,,,,,,,,,,,,,,,,,,,,,,,344.2746168000158,,,,,,,,,,,,344.0832392000593,344.2746168000158,344.2746168000158,346.08991970005445,None,0,346.09022630006075,346.10387560003437,346.10387560003437,347.8832092001103,n,0,1.7693356000818312,None,347.88361340016127,360.5273482000921,c,360.5276763001457,360.52835530019365,None,,,347.9089080002159,347.9089080002159,348.1390445001889,12.60444699996151,0.010053900070488453,,,,,,,,,,,,,,,,,,,,,,,,,,,,,,,,,,,,,,,1,068,pilot,2024-01-26_17h33.03.587,Memory and Syntax,2023.2.3,70.23369554654884,2024-01-26 17h38.57.532579 -0800,
1,1,1,1,0,0,0,0,1,1,0,"Now that we’ve completed the sample designs, we’ll begin the test. The test designs may be a little more complex, so watch closely. Remember to type ‘N’ if you’re seeing a design for the first time or ‘O’ if it’s one that is repeated.",cvmt/task_stims.xlsx,1,0,0,cvmt/test_items/t13.png,o,,,,,,,,,,,0,0,0,0,0,0,0,0,0,0,0,0,0,1,1,1,0,0,0,0,0,12,12,12,,,,,,,,,,,,,,,,,,,,,,,,,,,,,,,,,,,,,360.7300722000655,,,,,,,,,,,,360.5286266000476,360.7300722000655,360.7300722000655,362.53422500006855,None,0,362.5346284999978,362.5478021001909,362.5478021001909,363.7298950001132,o,1,1.1779612000100315,None,363.73038120009005,363.8974417001009,None,363.897641699994,363.89770190021954,None,,,,,,,,,,,,,,,,,,,,,,,,,,,,,,,,,,,,,,,,,,,,,,1,068,pilot,2024-01-26_17h33.03.587,Memory and Syntax,2023.2.3,70.23369554654884,2024-01-26 17h38.57.532579 -0800,
1,1,1,1,0,0,0,0,1,1,0,"Now that we’ve completed the sample designs, we’ll begin the test. The test designs may be a little more complex, so watch closely. Remember to type ‘N’ if you’re seeing a design for the first time or ‘O’ if it’s one that is repeated.",cvmt/task_stims.xlsx,1,0,0,cvmt/test_items/t14.jpeg,o,,,,,,,,,,,0,0,0,0,0,0,0,0,0,0,0,0,0,1,1,1,0,0,0,0,0,13,13,13,,,,,,,,,,,,,,,,,,,,,,,,,,,,,,,,,,,,,364.05058940011077,,,,,,,,,,,,363.89811780001037,364.05058940011077,364.05058940011077,365.9122540000826,None,0,365.91255400003865,365.9232577001676,365.9232577001676,366.50754430005327,o,1,0.5739959001075476,None,366.5082706999965,366.6959206000902,None,366.6961641001981,366.6962240000721,None,,,,,,,,,,,,,,,,,,,,,,,,,,,,,,,,,,,,,,,,,,,,,,1,068,pilot,2024-01-26_17h33.03.587,Memory and Syntax,2023.2.3,70.23369554654884,2024-01-26 17h38.57.532579 -0800,
1,1,1,1,0,0,0,0,1,1,0,"Now that we’ve completed the sample designs, we’ll begin the test. The test designs may be a little more complex, so watch closely. Remember to type ‘N’ if you’re seeing a design for the first time or ‘O’ if it’s one that is repeated.",cvmt/task_stims.xlsx,1,0,0,cvmt/test_items/t15.png,o,,,,,,,,,,,0,0,0,0,0,0,0,0,0,0,0,0,0,1,1,1,0,0,0,0,0,14,14,14,,,,,,,,,,,,,,,,,,,,,,,,,,,,,,,,,,,,,366.90570870018564,,,,,,,,,,,,366.6968013001606,366.90570870018564,366.90570870018564,368.6988304001279,None,0,368.699180399999,368.7137374000158,368.7137374000158,369.1128220001701,o,1,0.39380490011535585,None,369.1133913001977,369.25183419999667,None,369.2523979002144,369.2528566000983,None,,,,,,,,,,,,,,,,,,,,,,,,,,,,,,,,,,,,,,,,,,,,,,1,068,pilot,2024-01-26_17h33.03.587,Memory and Syntax,2023.2.3,70.23369554654884,2024-01-26 17h38.57.532579 -0800,
1,1,1,1,0,0,0,0,1,1,0,"Now that we’ve completed the sample designs, we’ll begin the test. The test designs may be a little more complex, so watch closely. Remember to type ‘N’ if you’re seeing a design for the first time or ‘O’ if it’s one that is repeated.",cvmt/task_stims.xlsx,1,0,0,cvmt/test_items/t16.jpeg,o,,,,,,,,,,,0,0,0,0,0,0,0,0,0,0,0,0,0,1,1,1,0,0,0,0,0,15,15,15,,,,,,,,,,,,,,,,,,,,,,,,,,,,,,,,,,,,,369.38848060020246,,,,,,,,,,,,369.25333199999295,369.38848060020246,369.38848060020246,371.2624904999975,None,0,371.26286480017006,371.276487900177,371.276487900177,371.68988690013066,o,1,0.40269159991294146,None,371.69047890021466,371.854058700148,None,371.8543009001296,371.85436360002495,None,,,,,,,,,,,,,,,,,,,,,,,,,,,,,,,,,,,,,,,,,,,,,,1,068,pilot,2024-01-26_17h33.03.587,Memory and Syntax,2023.2.3,70.23369554654884,2024-01-26 17h38.57.532579 -0800,
1,1,1,1,0,0,0,0,1,1,0,"Now that we’ve completed the sample designs, we’ll begin the test. The test designs may be a little more complex, so watch closely. Remember to type ‘N’ if you’re seeing a design for the first time or ‘O’ if it’s one that is repeated.",cvmt/task_stims.xlsx,1,0,0,cvmt/test_items/t17.jpeg,o,,,,,,,,,,,0,0,0,0,0,0,0,0,0,0,0,0,0,1,1,1,0,0,0,0,0,16,16,16,,,,,,,,,,,,,,,,,,,,,,,,,,,,,,,,,,,,,371.99652190017514,,,,,,,,,,,,371.8547990000807,371.99652190017514,371.99652190017514,373.8672615000978,None,0,373.86786320013925,373.881330100121,373.881330100121,374.2667202001903,o,1,0.37389620020985603,None,374.2672079000622,374.3839356000535,None,374.38417950016446,374.3842524001375,None,,,,,,,,,,,,,,,,,,,,,,,,,,,,,,,,,,,,,,,,,,,,,,1,068,pilot,2024-01-26_17h33.03.587,Memory and Syntax,2023.2.3,70.23369554654884,2024-01-26 17h38.57.532579 -0800,
1,1,1,1,0,0,0,0,1,1,0,"Now that we’ve completed the sample designs, we’ll begin the test. The test designs may be a little more complex, so watch closely. Remember to type ‘N’ if you’re seeing a design for the first time or ‘O’ if it’s one that is repeated.",cvmt/task_stims.xlsx,1,0,0,cvmt/test_items/t18.jpeg,o,,,,,,,,,,,0,0,0,0,0,0,0,0,0,0,0,0,0,1,1,1,0,0,0,0,0,17,17,17,,,,,,,,,,,,,,,,,,,,,,,,,,,,,,,,,,,,,374.59505830006674,,,,,,,,,,,,374.38470030017197,374.59505830006674,374.59505830006674,376.38906280021183,None,0,376.3894212001469,376.40212079999037,376.40212079999037,376.8869630000554,o,1,0.48155870009213686,None,376.8874531001784,377.0057024001144,None,377.00594960013404,377.0060172001831,None,,,,,,,,,,,,,,,,,,,,,,,,,,,,,,,,,,,,,,,,,,,,,,1,068,pilot,2024-01-26_17h33.03.587,Memory and Syntax,2023.2.3,70.23369554654884,2024-01-26 17h38.57.532579 -0800,
1,1,1,1,0,0,0,0,1,1,0,"Now that we’ve completed the sample designs, we’ll begin the test. The test designs may be a little more complex, so watch closely. Remember to type ‘N’ if you’re seeing a design for the first time or ‘O’ if it’s one that is repeated.",cvmt/task_stims.xlsx,1,0,0,cvmt/test_items/t19.jpeg,n,,,,,,,,,,,0,0,0,0,0,0,0,0,0,0,0,0,0,1,1,1,0,0,0,0,0,18,18,18,,,,,,,,,,,,,,,,,,,,,,,,,,,,,,,,,,,,,377.17241440014914,,,,,,,,,,,,377.0067255999893,377.17241440014914,377.17241440014914,379.00706110009924,None,0,379.00733839999884,379.0210740000475,379.0210740000475,382.0259901001118,o,0,2.9904383001849055,None,382.02662570006214,387.2939313000534,c,387.2942862000782,387.29433240019716,None,,,382.2893781000748,382.2893781000748,382.2893781000748,4.996272099902853,None,,,,,,,,,,,,,,,,,,,,,,,,,,,,,,,,,,,,,,,1,068,pilot,2024-01-26_17h33.03.587,Memory and Syntax,2023.2.3,70.23369554654884,2024-01-26 17h38.57.532579 -0800,
1,1,1,1,0,0,0,0,1,1,0,"Now that we’ve completed the sample designs, we’ll begin the test. The test designs may be a little more complex, so watch closely. Remember to type ‘N’ if you’re seeing a design for the first time or ‘O’ if it’s one that is repeated.",cvmt/task_stims.xlsx,1,0,0,cvmt/test_items/t20.jpeg,o,,,,,,,,,,,0,0,0,0,0,0,0,0,0,0,0,0,0,1,1,1,0,0,0,0,0,19,19,19,,,,,,,,,,,,,,,,,,,,,,,,,,,,,,,,,,,,,387.45368870021775,,,,,,,,,,,,387.29459480009973,387.45368870021775,387.45368870021775,389.30180960008875,None,0,389.302355900174,389.3159566000104,389.3159566000104,389.772003200138,o,1,0.4479439998976886,None,389.772381399991,389.90780260018073,None,389.9080072999932,389.9080684001092,None,,,,,,,,,,,,,,,,,,,,,,,,,,,,,,,,,,,,,,,,,,,,,,1,068,pilot,2024-01-26_17h33.03.587,Memory and Syntax,2023.2.3,70.23369554654884,2024-01-26 17h38.57.532579 -0800,
1,1,1,1,0,0,0,0,1,1,0,"Now that we’ve completed the sample designs, we’ll begin the test. The test designs may be a little more complex, so watch closely. Remember to type ‘N’ if you’re seeing a design for the first time or ‘O’ if it’s one that is repeated.",cvmt/task_stims.xlsx,1,0,0,cvmt/test_items/t21.jpeg,o,,,,,,,,,,,0,0,0,0,0,0,0,0,0,0,0,0,0,1,1,1,0,0,0,0,0,20,20,20,,,,,,,,,,,,,,,,,,,,,,,,,,,,,,,,,,,,,390.04013820015825,,,,,,,,,,,,389.90849310019985,390.04013820015825,390.04013820015825,391.9208766000811,None,0,391.9215565000195,391.9348444000352,391.9348444000352,392.34908690000884,o,1,0.40521789994090796,None,392.3498076000251,392.4822366000153,None,392.48249500012025,392.48255910002626,None,,,,,,,,,,,,,,,,,,,,,,,,,,,,,,,,,,,,,,,,,,,,,,1,068,pilot,2024-01-26_17h33.03.587,Memory and Syntax,2023.2.3,70.23369554654884,2024-01-26 17h38.57.532579 -0800,
1,1,1,1,0,0,0,0,1,1,0,"Now that we’ve completed the sample designs, we’ll begin the test. The test designs may be a little more complex, so watch closely. Remember to type ‘N’ if you’re seeing a design for the first time or ‘O’ if it’s one that is repeated.",cvmt/task_stims.xlsx,1,0,0,cvmt/test_items/t22.jpeg,o,,,,,,,,,,,0,0,0,0,0,0,0,0,0,0,0,0,0,1,1,1,0,0,0,0,0,21,21,21,,,,,,,,,,,,,,,,,,,,,,,,,,,,,,,,,,,,,392.67457180004567,,,,,,,,,,,,392.48299360019155,392.67457180004567,392.67457180004567,394.48437340022065,None,0,394.4847223001998,394.4976632001344,394.4976632001344,394.94170340010896,o,1,0.43150650011375546,None,394.9420855999924,395.0487565000076,None,395.04900370002724,403.0982977000531,c,,,,,,,,395.0845904001035,395.0845904001035,8.008895400213078,None,,,,,,,,,,,,,,,,,,,,,,,,,,,,,,,,,,,1,068,pilot,2024-01-26_17h33.03.587,Memory and Syntax,2023.2.3,70.23369554654884,2024-01-26 17h38.57.532579 -0800,
1,1,1,1,0,0,0,0,1,1,0,"Earlier you saw some designs that looked like these. On the previous test, all of these designs appeared. However, six of these designs appeared only once; so after you saw them the first time, they never appeared again. *One* of these, however, repeated seven times on the test. Look at all seven designs and indicate which *one* design appeared more than once by pressing the corresponding key. Which one appeared seven times?",cvmt/delay_stims.xlsx,0,1,0,,,cvmt/delay/d1.jpg,h,,,,,,,,,0,0,0,0,0,0,0,0,0,0,0,0,0,2,2,2,0,0,0,0,0,0,0,0,,,,,,,,,,,,,,,,,,,,,,,,,,,,,,,,,,,,,423.50385110010393,,,,,,,,403.10044990014285,403.15179260005243,403.15179260005243,423.44471240020357,423.46430390002206,423.50385110010393,423.50385110010393,425.4550428001676,None,0,425.4555865000002,425.4655608001631,425.4655608001631,429.6099597001448,o,1,4.131589600117877,None,429.6105341000948,429.63759830011986,None,429.6379138000775,429.6388038001023,None,,,,,,,,,,,,403.09907970018685,403.0991888002027,9.900005534291267e-05,,,,,,,,,,,,,,,,,,,,,,,,,,,,,,,,1,068,pilot,2024-01-26_17h33.03.587,Memory and Syntax,2023.2.3,70.23369554654884,2024-01-26 17h38.57.532579 -0800,
1,1,1,1,0,0,0,0,1,1,0,"Earlier you saw some designs that looked like these. On the previous test, all of these designs appeared. However, six of these designs appeared only once; so after you saw them the first time, they never appeared again. *One* of these, however, repeated seven times on the test. Look at all seven designs and indicate which *one* design appeared more than once by pressing the corresponding key. Which one appeared seven times?",cvmt/delay_stims.xlsx,0,1,0,,,cvmt/delay/d2.jpg,g,,,,,,,,,0,0,0,0,0,0,0,0,0,0,0,0,0,2,2,2,0,0,0,0,0,1,1,1,,,,,,,,,,,,,,,,,,,,,,,,,,,,,,,,,,,,,429.6870962001849,,,,,,,,,,,,429.6392549001612,429.6870962001849,429.6870962001849,431.6447882000357,None,0,431.6452176000457,431.65918880002573,431.65918880002573,432.3858780001756,o,1,0.7159649999812245,None,432.3864743001759,432.4160788001027,None,432.4165134001523,432.4165872000158,None,,,,,,,,,,,,,,,,,,,,,,,,,,,,,,,,,,,,,,,,,,,,,,1,068,pilot,2024-01-26_17h33.03.587,Memory and Syntax,2023.2.3,70.23369554654884,2024-01-26 17h38.57.532579 -0800,
1,1,1,1,0,0,0,0,1,1,0,"Earlier you saw some designs that looked like these. On the previous test, all of these designs appeared. However, six of these designs appeared only once; so after you saw them the first time, they never appeared again. *One* of these, however, repeated seven times on the test. Look at all seven designs and indicate which *one* design appeared more than once by pressing the corresponding key. Which one appeared seven times?",cvmt/delay_stims.xlsx,0,1,0,,,cvmt/delay/d3.jpg,u,,,,,,,,,0,0,0,0,0,0,0,0,0,0,0,0,0,2,2,2,0,0,0,0,0,2,2,2,,,,,,,,,,,,,,,,,,,,,,,,,,,,,,,,,,,,,432.46504490007646,,,,,,,,,,,,432.41702510020696,432.46504490007646,432.46504490007646,434.4211296001449,None,0,434.4215654002037,434.4350078999996,434.4350078999996,434.93405989999883,o,1,0.4881959001068026,None,434.9344900001306,434.9600470000878,None,434.96029170020483,434.96035450021736,None,,,,,,,,,,,,,,,,,,,,,,,,,,,,,,,,,,,,,,,,,,,,,,1,068,pilot,2024-01-26_17h33.03.587,Memory and Syntax,2023.2.3,70.23369554654884,2024-01-26 17h38.57.532579 -0800,
1,1,1,1,0,0,0,0,1,1,0,"Earlier you saw some designs that looked like these. On the previous test, all of these designs appeared. However, six of these designs appeared only once; so after you saw them the first time, they never appeared again. *One* of these, however, repeated seven times on the test. Look at all seven designs and indicate which *one* design appeared more than once by pressing the corresponding key. Which one appeared seven times?",cvmt/delay_stims.xlsx,0,1,0,,,cvmt/delay/d4.jpg,t,,,,,,,,,0,0,0,0,0,0,0,0,0,0,0,0,0,2,2,2,0,0,0,0,0,3,3,3,,,,,,,,,,,,,,,,,,,,,,,,,,,,,,,,,,,,,434.9995080002118,,,,,,,,,,,,434.9612084000837,434.9995080002118,434.9995080002118,436.9695176000241,None,0,436.9699304001406,436.98388920002617,436.98388920002617,437.6391933001578,o,1,0.6535835000686347,None,437.63988910010085,437.66510189999826,None,437.66532650007866,437.6653875000775,None,,,,,,,,,,,,,,,,,,,,,,,,,,,,,,,,,,,,,,,,,,,,,,1,068,pilot,2024-01-26_17h33.03.587,Memory and Syntax,2023.2.3,70.23369554654884,2024-01-26 17h38.57.532579 -0800,
1,1,1,1,0,0,0,0,1,1,0,"Earlier you saw some designs that looked like these. On the previous test, all of these designs appeared. However, six of these designs appeared only once; so after you saw them the first time, they never appeared again. *One* of these, however, repeated seven times on the test. Look at all seven designs and indicate which *one* design appeared more than once by pressing the corresponding key. Which one appeared seven times?",cvmt/delay_stims.xlsx,0,1,0,,,cvmt/delay/d5.jpg,f,,,,,,,,,0,0,0,0,0,0,0,0,0,0,0,0,0,2,2,2,0,0,0,0,0,4,4,4,,,,,,,,,,,,,,,,,,,,,,,,,,,,,,,,,,,,,437.7064308000263,,,,,,,,,,,,437.6661127000116,437.7064308000263,437.7064308000263,439.67585910018533,None,0,439.67626680014655,439.6897551000584,439.6897551000584,440.1324685001746,o,1,0.440798900090158,None,440.1328712000977,440.15973030007444,None,440.15995670016855,440.16001850017346,None,,,,,,,,,,,,,,,,,,,,,,,,,,,,,,,,,,,,,,,,,,,,,,1,068,pilot,2024-01-26_17h33.03.587,Memory and Syntax,2023.2.3,70.23369554654884,2024-01-26 17h38.57.532579 -0800,
1,1,1,1,0,0,0,0,1,1,0,"Earlier you saw some designs that looked like these. On the previous test, all of these designs appeared. However, six of these designs appeared only once; so after you saw them the first time, they never appeared again. *One* of these, however, repeated seven times on the test. Look at all seven designs and indicate which *one* design appeared more than once by pressing the corresponding key. Which one appeared seven times?",cvmt/delay_stims.xlsx,0,1,0,,,cvmt/delay/d6.jpg,t,,,,,,,,,0,0,0,0,0,0,0,0,0,0,0,0,0,2,2,2,0,0,0,0,0,5,5,5,,,,,,,,,,,,,,,,,,,,,,,,,,,,,,,,,,,,,440.1979900000151,,,,,,,,,,,,440.160618300084,440.1979900000151,440.1979900000151,442.16744500002824,None,0,442.16774050006643,442.18129000021145,442.18129000021145,442.6800187001936,o,1,0.4925865000113845,None,442.68039210001007,442.7078201000113,None,442.708038700046,442.7080993000418,None,,,,,,,,,,,,,,,,,,,,,,,,,,,,,,,,,,,,,,,,,,,,,,1,068,pilot,2024-01-26_17h33.03.587,Memory and Syntax,2023.2.3,70.23369554654884,2024-01-26 17h38.57.532579 -0800,
1,1,1,1,0,0,0,0,1,1,0,"Earlier you saw some designs that looked like these. On the previous test, all of these designs appeared. However, six of these designs appeared only once; so after you saw them the first time, they never appeared again. *One* of these, however, repeated seven times on the test. Look at all seven designs and indicate which *one* design appeared more than once by pressing the corresponding key. Which one appeared seven times?",cvmt/delay_stims.xlsx,0,1,0,,,cvmt/delay/d7.jpg,j,,,,,,,,,0,0,0,0,0,0,0,0,0,0,0,0,0,2,2,2,0,0,0,0,0,6,6,6,,,,,,,,,,,,,,,,,,,,,,,,,,,,,,,,,,,,,442.75358200003393,,,,,,,,,,,,442.70852500014007,442.75358200003393,442.75358200003393,444.716048900038,None,0,444.71654920000583,444.7298493999988,444.7298493999988,445.2145255000796,o,1,0.4823560998775065,None,445.2149154001381,445.2406991000753,None,445.2415924000088,445.2416605001781,None,,,,,,,,,,,,,,,,,,,,,,,,,,,,,,,,,,,,,,,,,,,,,,1,068,pilot,2024-01-26_17h33.03.587,Memory and Syntax,2023.2.3,70.23369554654884,2024-01-26 17h38.57.532579 -0800,
1,1,1,1,0,0,0,0,1,1,0,"This time, look at the design on the card at the top of the screen. Then look at the seven designs on the card at the bottom of the screen. By pressing the corresponding key, indicate which design on the bottom of the screen is exactly like the one on the top of the screen.",cvmt/vis_disc_stims.xlsx,0,0,1,,,,,cvmt/discrimination_items/vd1.jpg,cvmt/discrimination_items/vdrm1.jpg,h,,,,,,0,0,0,0,0,0,0,0,0,0,0,0,0,3,3,3,0,0,0,0,0,0,0,0,,,,,,,,,,,,,,,,,,,,,,,,,,,,,,,,,,,,,455.0128621000331,,,,,,,,445.2432297000196,445.27163900015876,445.27163900015876,454.95272080018185,454.97357230004855,455.0128621000331,455.0128621000331,456.9606035000179,o,1,456.96136660012417,,,456.9614680001978,None,0,,,456.9617719000671,456.9880092001986,None,456.9883514000103,456.988415800035,None,1.8327070998493582,None,,,,,,,,,,445.24203810002655,445.2420760001987,,,,,,,,,,,,,,,,,,,,,,,,,,,,,,,,,1,068,pilot,2024-01-26_17h33.03.587,Memory and Syntax,2023.2.3,70.23369554654884,2024-01-26 17h38.57.532579 -0800,
1,1,1,1,0,0,0,0,1,1,0,"This time, look at the design on the card at the top of the screen. Then look at the seven designs on the card at the bottom of the screen. By pressing the corresponding key, indicate which design on the bottom of the screen is exactly like the one on the top of the screen.",cvmt/vis_disc_stims.xlsx,0,0,1,,,,,cvmt/discrimination_items/vd2.jpg,cvmt/discrimination_items/vdrm2.jpg,g,,,,,,0,0,0,0,0,0,0,0,0,0,0,0,0,3,3,3,0,0,0,0,0,1,1,1,,,,,,,,,,,,,,,,,,,,,,,,,,,,,,,,,,,,,457.03694520005956,,,,,,,,,,,,456.9889048000332,457.03694520005956,457.03694520005956,458.9957303002011,o,1,458.99640280008316,,,458.9964537001215,None,0,,,458.99670860008337,459.02280280017294,None,459.0230911001563,459.023157000076,None,1.9308782999869436,None,,,,,,,,,,,,,,,,,,,,,,,,,,,,,,,,,,,,,,,,,,,,1,068,pilot,2024-01-26_17h33.03.587,Memory and Syntax,2023.2.3,70.23369554654884,2024-01-26 17h38.57.532579 -0800,
1,1,1,1,0,0,0,0,1,1,0,"This time, look at the design on the card at the top of the screen. Then look at the seven designs on the card at the bottom of the screen. By pressing the corresponding key, indicate which design on the bottom of the screen is exactly like the one on the top of the screen.",cvmt/vis_disc_stims.xlsx,0,0,1,,,,,cvmt/discrimination_items/vd3.jpg,cvmt/discrimination_items/vdrm3.jpg,u,,,,,,0,0,0,0,0,0,0,0,0,0,0,0,0,3,3,3,0,0,0,0,0,2,2,2,,,,,,,,,,,,,,,,,,,,,,,,,,,,,,,,,,,,,459.0615614000708,,,,,,,,,,,,459.02358670020476,459.0615614000708,459.0615614000708,461.03183540003374,None,0,461.03219190007076,461.04579420015216,461.04579420015216,467.5821930000093,o,1,6.5232687999960035,None,467.58272870001383,467.60942090000026,None,467.6096596000716,467.609721200075,None,,,,,,,,,,,,,,,,,,,,,,,,,,,,,,,,,,,,,,,,,,,,,,1,068,pilot,2024-01-26_17h33.03.587,Memory and Syntax,2023.2.3,70.23369554654884,2024-01-26 17h38.57.532579 -0800,
1,1,1,1,0,0,0,0,1,1,0,"This time, look at the design on the card at the top of the screen. Then look at the seven designs on the card at the bottom of the screen. By pressing the corresponding key, indicate which design on the bottom of the screen is exactly like the one on the top of the screen.",cvmt/vis_disc_stims.xlsx,0,0,1,,,,,cvmt/discrimination_items/vd4.jpg,cvmt/discrimination_items/vdrm4.jpg,t,,,,,,0,0,0,0,0,0,0,0,0,0,0,0,0,3,3,3,0,0,0,0,0,3,3,3,,,,,,,,,,,,,,,,,,,,,,,,,,,,,,,,,,,,,467.64983920007944,,,,,,,,,,,,467.61014910019003,467.64983920007944,467.64983920007944,469.61807800014503,None,0,469.6183899000753,469.63199270004407,469.63199270004407,470.1592310999986,o,1,0.5190357998944819,None,470.1596212000586,470.1853677001782,None,470.18561970000155,470.1856853000354,None,,,,,,,,,,,,,,,,,,,,,,,,,,,,,,,,,,,,,,,,,,,,,,1,068,pilot,2024-01-26_17h33.03.587,Memory and Syntax,2023.2.3,70.23369554654884,2024-01-26 17h38.57.532579 -0800,
1,1,1,1,0,0,0,0,1,1,0,"This time, look at the design on the card at the top of the screen. Then look at the seven designs on the card at the bottom of the screen. By pressing the corresponding key, indicate which design on the bottom of the screen is exactly like the one on the top of the screen.",cvmt/vis_disc_stims.xlsx,0,0,1,,,,,cvmt/discrimination_items/vd5.jpg,cvmt/discrimination_items/vdrm5.jpg,f,,,,,,0,0,0,0,0,0,0,0,0,0,0,0,0,3,3,3,0,0,0,0,0,4,4,4,,,,,,,,,,,,,,,,,,,,,,,,,,,,,,,,,,,,,470.2332599000074,,,,,,,,,,,,470.1861221001018,470.2332599000074,470.2332599000074,472.1941848001443,None,0,472.19457920012064,472.21092520002276,472.21092520002276,472.70802370016463,o,1,0.48820320004597306,None,472.7084359000437,472.73450240003876,None,472.7347370001953,472.73480000020936,None,,,,,,,,,,,,,,,,,,,,,,,,,,,,,,,,,,,,,,,,,,,,,,1,068,pilot,2024-01-26_17h33.03.587,Memory and Syntax,2023.2.3,70.23369554654884,2024-01-26 17h38.57.532579 -0800,
1,1,1,1,0,0,0,0,1,1,0,"This time, look at the design on the card at the top of the screen. Then look at the seven designs on the card at the bottom of the screen. By pressing the corresponding key, indicate which design on the bottom of the screen is exactly like the one on the top of the screen.",cvmt/vis_disc_stims.xlsx,0,0,1,,,,,cvmt/discrimination_items/vd6.jpg,cvmt/discrimination_items/vdrm6.jpg,t,,,,,,0,0,0,0,0,0,0,0,0,0,0,0,0,3,3,3,0,0,0,0,0,5,5,5,,,,,,,,,,,,,,,,,,,,,,,,,,,,,,,,,,,,,472.7801946999971,,,,,,,,,,,,472.73522360017523,472.7801946999971,472.7801946999971,474.7438234000001,None,0,474.7441722000949,474.756774000125,474.756774000125,475.6115662001539,o,1,0.8531508999876678,None,475.61223820014857,475.6379925000947,None,475.6384877001401,475.638555200072,None,,,,,,,,,,,,,,,,,,,,,,,,,,,,,,,,,,,,,,,,,,,,,,1,068,pilot,2024-01-26_17h33.03.587,Memory and Syntax,2023.2.3,70.23369554654884,2024-01-26 17h38.57.532579 -0800,
1,1,1,1,0,0,0,0,1,1,0,"This time, look at the design on the card at the top of the screen. Then look at the seven designs on the card at the bottom of the screen. By pressing the corresponding key, indicate which design on the bottom of the screen is exactly like the one on the top of the screen.",cvmt/vis_disc_stims.xlsx,0,0,1,,,,,cvmt/discrimination_items/vd7.jpg,cvmt/discrimination_items/vdrm7.jpg,j,,,,,,0,0,0,0,0,0,0,0,0,0,0,0,0,3,3,3,0,0,0,0,0,6,6,6,,,,,,,,,,,,,,,,,,,,,,,,,,,,,,,,,,,,,475.67946020001546,,,,,,,,,,,,475.6390152000822,475.67946020001546,475.67946020001546,477.6474611000158,None,0,477.64780690008774,477.66130960010923,477.66130960010923,478.4022551001981,o,1,0.7392150999512523,None,478.4027846001554,478.43012620019726,None,478.43037250009365,478.43043410009705,None,,,,,,,,,,,,,,,,,,,,,,,,,,,,,,,,,,,,,,,,,,,,,,1,068,pilot,2024-01-26_17h33.03.587,Memory and Syntax,2023.2.3,70.23369554654884,2024-01-26 17h38.57.532579 -0800,
1,1,1,1,0,0,0,0,1,1,0,,,,,,,,,,,,,1,1,WOV,11B,Wrote she her boyfriend a poem.,0,0,0,0,,,,,,,,,,,,,,,,,,,,,,,,,,,,,,,,,,,,,0,0,0,0,0,0,0,0,,,,,,,,,,,,,490.6841774000786,,,,,,,,,,,,,,,,,,,,,,,,,,,,,,,,,,,,,,,,,,,478.4308999001514,478.43093940010294,,478.43284070002846,478.445324400207,478.445324400207,478.445324400207,478.445324400207,478.445324400207,490.6182789001614,space,12.16204490000382,0.001579799922183156,490.6556492000818,490.6841774000786,490.6841774000786,490.6841774000786,490.73181410017423,492.6286647000816,499.2766595000867,2.0,8.586897199973464,,,,,,,,,,,,,1,068,pilot,2024-01-26_17h33.03.587,Memory and Syntax,2023.2.3,70.23369554654884,2024-01-26 17h38.57.532579 -0800,
1,1,1,1,0,0,0,0,1,1,0,,,,,,,,,,,,,1,2,filler,3A,Brittany attempted to touch the porcupine.,0,0,0,0,,,,,,,,,,,,,,,,,,,,,,,,,,,,,,,,,,,,,0,0,0,0,0,1,1,1,,,,,,,,,,,,,499.29536370001733,,,,,,,,,,,,,,,,,,,,,,,,,,,,,,,,,,,,,,,,,,,,,,,,,,,,,,,,499.2771498002112,499.29536370001733,499.29536370001733,499.29536370001733,499.3883547000587,501.2829240001738,509.44250760017894,6.1,10.13771319994703,,,,,,,,,,,,,1,068,pilot,2024-01-26_17h33.03.587,Memory and Syntax,2023.2.3,70.23369554654884,2024-01-26 17h38.57.532579 -0800,
1,1,1,1,0,0,0,0,1,1,0,,,,,,,,,,,,,1,3,control,10B,There might fossils seem to be several miles underground.,0,0,0,0,,,,,,,,,,,,,,,,,,,,,,,,,,,,,,,,,,,,,0,0,0,0,0,2,2,2,,,,,,,,,,,,,509.45996510004625,,,,,,,,,,,,,,,,,,,,,,,,,,,,,,,,,,,,,,,,,,,,,,,,,,,,,,,,509.44286410021596,509.45996510004625,509.45996510004625,509.45996510004625,509.5542224000674,511.45154720009305,515.8348881001584,2.0,6.365878599928692,,,,,,,,,,,,,1,068,pilot,2024-01-26_17h33.03.587,Memory and Syntax,2023.2.3,70.23369554654884,2024-01-26 17h38.57.532579 -0800,
1,1,1,1,0,0,0,0,1,1,0,,,,,,,,,,,,,1,4,ASV,12B,The swimmers shaved themselves.,0,0,0,0,,,,,,,,,,,,,,,,,,,,,,,,,,,,,,,,,,,,,0,0,0,0,0,3,3,3,,,,,,,,,,,,,515.8483128000516,,,,,,,,,,,,,,,,,,,,,,,,,,,,,,,,,,,,,,,,,,,,,,,,,,,,,,,,515.8352403000463,515.8483128000516,515.8483128000516,515.8483128000516,515.9490494001657,517.8415048001334,533.4480580000672,4.0,17.59028880018741,,,,,,,,,,,,,1,068,pilot,2024-01-26_17h33.03.587,Memory and Syntax,2023.2.3,70.23369554654884,2024-01-26 17h38.57.532579 -0800,
1,1,1,1,0,0,0,0,1,1,0,,,,,,,,,,,,,1,5,ASV,9B,The prime minister confessed herself to bribery.,0,0,0,0,,,,,,,,,,,,,,,,,,,,,,,,,,,,,,,,,,,,,0,0,0,0,0,4,4,4,,,,,,,,,,,,,533.4603999000974,,,,,,,,,,,,,,,,,,,,,,,,,,,,,,,,,,,,,,,,,,,,,,,,,,,,,,,,533.4485993001144,533.4603999000974,533.4603999000974,533.4603999000974,533.5594421999995,535.4556287000887,541.8896283002105,4.1,8.417736900039017,,,,,,,,,,,,,1,068,pilot,2024-01-26_17h33.03.587,Memory and Syntax,2023.2.3,70.23369554654884,2024-01-26 17h38.57.532579 -0800,
1,1,1,1,0,0,0,0,1,1,0,,,,,,,,,,,,,1,6,AS,6A,The rickety old boat sank.,0,0,0,0,,,,,,,,,,,,,,,,,,,,,,,,,,,,,,,,,,,,,0,0,0,0,0,5,5,5,,,,,,,,,,,,,541.9045030002017,,,,,,,,,,,,,,,,,,,,,,,,,,,,,,,,,,,,,,,,,,,,,,,,,,,,,,,,541.8900431999937,541.9045030002017,541.9045030002017,541.9045030002017,542.0032593000215,543.8973873001523,549.2087832000107,6.0,7.297697599977255,,,,,,,,,,,,,1,068,pilot,2024-01-26_17h33.03.587,Memory and Syntax,2023.2.3,70.23369554654884,2024-01-26 17h38.57.532579 -0800,
1,1,1,1,0,0,0,0,1,1,0,,,,,,,,,,,,,1,7,filler,6A,It is important for one to sleep regularly.,0,0,0,0,,,,,,,,,,,,,,,,,,,,,,,,,,,,,,,,,,,,,0,0,0,0,0,6,6,6,,,,,,,,,,,,,549.2224146001972,,,,,,,,,,,,,,,,,,,,,,,,,,,,,,,,,,,,,,,,,,,,,,,,,,,,,,,,549.2092411001213,549.2224146001972,549.2224146001972,549.2224146001972,549.3206769002136,551.2293540001847,554.0645839001518,5.0,4.833025099942461,,,,,,,,,,,,,1,068,pilot,2024-01-26_17h33.03.587,Memory and Syntax,2023.2.3,70.23369554654884,2024-01-26 17h38.57.532579 -0800,
1,1,1,1,0,0,0,0,1,1,0,,,,,,,,,,,,,1,8,AS,2A,Taylor subscribed to the channel.,0,0,0,0,,,,,,,,,,,,,,,,,,,,,,,,,,,,,,,,,,,,,0,0,0,0,0,7,7,7,,,,,,,,,,,,,554.0761887000408,,,,,,,,,,,,,,,,,,,,,,,,,,,,,,,,,,,,,,,,,,,,,,,,,,,,,,,,554.0649449001066,554.0761887000408,554.0761887000408,554.0761887000408,554.1768477000296,556.0732647001278,561.8244494001847,6.0,7.739465899998322,,,,,,,,,,,,,1,068,pilot,2024-01-26_17h33.03.587,Memory and Syntax,2023.2.3,70.23369554654884,2024-01-26 17h38.57.532579 -0800,
1,1,1,1,0,0,0,0,1,1,0,,,,,,,,,,,,,1,9,WOV,7B,Frightened the eerie sound Seth.,0,0,0,0,,,,,,,,,,,,,,,,,,,,,,,,,,,,,,,,,,,,,0,0,0,0,0,8,8,8,,,,,,,,,,,,,561.8401397000998,,,,,,,,,,,,,,,,,,,,,,,,,,,,,,,,,,,,,,,,,,,,,,,,,,,,,,,,561.8248680001125,561.8401397000998,561.8401397000998,561.8401397000998,561.9357641001698,563.8300230000168,573.0879834000953,1.0,11.2366203002166,,,,,,,,,,,,,1,068,pilot,2024-01-26_17h33.03.587,Memory and Syntax,2023.2.3,70.23369554654884,2024-01-26 17h38.57.532579 -0800,
1,1,1,1,0,0,0,0,1,1,0,,,,,,,,,,,,,1,10,WO,5A,My sibling expected a good grade.,0,0,0,0,,,,,,,,,,,,,,,,,,,,,,,,,,,,,,,,,,,,,0,0,0,0,0,9,9,9,,,,,,,,,,,,,573.1035035999957,,,,,,,,,,,,,,,,,,,,,,,,,,,,,,,,,,,,,,,,,,,,,,,,,,,,,,,,573.0883479001932,573.1035035999957,573.1035035999957,573.1035035999957,573.1979440001305,575.0913132000715,580.4184623002075,4.9,7.30542859993875,,,,,,,,,,,,,1,068,pilot,2024-01-26_17h33.03.587,Memory and Syntax,2023.2.3,70.23369554654884,2024-01-26 17h38.57.532579 -0800,
1,1,1,1,0,0,0,0,1,1,0,,,,,,,,,,,,,1,11,AS,5A,The professor cried about the article.,0,0,0,0,,,,,,,,,,,,,,,,,,,,,,,,,,,,,,,,,,,,,0,0,0,0,0,10,10,10,,,,,,,,,,,,,580.4304434000514,,,,,,,,,,,,,,,,,,,,,,,,,,,,,,,,,,,,,,,,,,,,,,,,,,,,,,,,580.4188202000223,580.4304434000514,580.4304434000514,580.4304434000514,580.5301708001643,582.4291758001782,585.7288856001105,6.9,5.2898185001686215,,,,,,,,,,,,,1,068,pilot,2024-01-26_17h33.03.587,Memory and Syntax,2023.2.3,70.23369554654884,2024-01-26 17h38.57.532579 -0800,
1,1,1,1,0,0,0,0,1,1,0,,,,,,,,,,,,,1,12,control,7B,Olivia told Gregory when to exonerate herself.,0,0,0,0,,,,,,,,,,,,,,,,,,,,,,,,,,,,,,,,,,,,,0,0,0,0,0,11,11,11,,,,,,,,,,,,,585.7450439000968,,,,,,,,,,,,,,,,,,,,,,,,,,,,,,,,,,,,,,,,,,,,,,,,,,,,,,,,585.7292467001826,585.7450439000968,585.7450439000968,585.7450439000968,585.8411094001494,587.7354369000532,594.7276283001993,4.1,8.974092800170183,,,,,,,,,,,,,1,068,pilot,2024-01-26_17h33.03.587,Memory and Syntax,2023.2.3,70.23369554654884,2024-01-26 17h38.57.532579 -0800,
1,1,1,1,0,0,0,0,1,1,0,,,,,,,,,,,,,1,13,WOV,8B,Practiced the virtuoso many pieces.,0,0,0,0,,,,,,,,,,,,,,,,,,,,,,,,,,,,,,,,,,,,,0,0,0,0,0,12,12,12,,,,,,,,,,,,,594.7421800000593,,,,,,,,,,,,,,,,,,,,,,,,,,,,,,,,,,,,,,,,,,,,,,,,,,,,,,,,594.7279857001267,594.7421800000593,594.7421800000593,594.7421800000593,594.8417236001696,596.7338360000867,599.8391201000195,3.0,5.088896699948236,,,,,,,,,,,,,1,068,pilot,2024-01-26_17h33.03.587,Memory and Syntax,2023.2.3,70.23369554654884,2024-01-26 17h38.57.532579 -0800,
1,1,1,1,0,0,0,0,1,1,0,,,,,,,,,,,,,1,14,ASV,8B,Esperanza sighed herself at the desk.,0,0,0,0,,,,,,,,,,,,,,,,,,,,,,,,,,,,,,,,,,,,,0,0,0,0,0,13,13,13,,,,,,,,,,,,,599.8528977001552,,,,,,,,,,,,,,,,,,,,,,,,,,,,,,,,,,,,,,,,,,,,,,,,,,,,,,,,599.8394900001585,599.8528977001552,599.8528977001552,599.8528977001552,599.9506644001231,601.8452268000692,604.9922728000674,2.7,5.129780000075698,,,,,,,,,,,,,1,068,pilot,2024-01-26_17h33.03.587,Memory and Syntax,2023.2.3,70.23369554654884,2024-01-26 17h38.57.532579 -0800,
1,1,1,1,0,0,0,0,1,1,0,,,,,,,,,,,,,1,15,AS,4A,Tomas drank from the water pitcher.,0,0,0,0,,,,,,,,,,,,,,,,,,,,,,,,,,,,,,,,,,,,,0,0,0,0,0,14,14,14,,,,,,,,,,,,,605.0051432000473,,,,,,,,,,,,,,,,,,,,,,,,,,,,,,,,,,,,,,,,,,,,,,,,,,,,,,,,604.9928806000389,605.0051432000473,605.0051432000473,605.0051432000473,605.1048695000354,606.9984426000156,611.816704200115,6.6,6.801792500074953,,,,,,,,,,,,,1,068,pilot,2024-01-26_17h33.03.587,Memory and Syntax,2023.2.3,70.23369554654884,2024-01-26 17h38.57.532579 -0800,
1,1,1,1,0,0,0,0,1,1,0,,,,,,,,,,,,,1,16,control,8B,She called Victor and yelled at.,0,0,0,0,,,,,,,,,,,,,,,,,,,,,,,,,,,,,,,,,,,,,0,0,0,0,0,15,15,15,,,,,,,,,,,,,611.8305171001703,,,,,,,,,,,,,,,,,,,,,,,,,,,,,,,,,,,,,,,,,,,,,,,,,,,,,,,,611.8170682000928,611.8305171001703,611.8305171001703,611.8305171001703,611.9249927001074,613.8183979000896,616.4039861999918,2.9,4.566157300025225,,,,,,,,,,,,,1,068,pilot,2024-01-26_17h33.03.587,Memory and Syntax,2023.2.3,70.23369554654884,2024-01-26 17h38.57.532579 -0800,
1,1,1,1,0,0,0,0,1,1,0,,,,,,,,,,,,,1,17,AS,1A,They fidgeted in their chairs.,0,0,0,0,,,,,,,,,,,,,,,,,,,,,,,,,,,,,,,,,,,,,0,0,0,0,0,16,16,16,,,,,,,,,,,,,616.4163484000601,,,,,,,,,,,,,,,,,,,,,,,,,,,,,,,,,,,,,,,,,,,,,,,,,,,,,,,,616.4043435000349,616.4163484000601,616.4163484000601,616.4163484000601,616.509360200027,618.4041799001861,620.898490200052,6.4,4.473203199915588,,,,,,,,,,,,,1,068,pilot,2024-01-26_17h33.03.587,Memory and Syntax,2023.2.3,70.23369554654884,2024-01-26 17h38.57.532579 -0800,
1,1,1,1,0,0,0,0,1,1,0,,,,,,,,,,,,,1,18,ASV,11B,The cat moved himself away.,0,0,0,0,,,,,,,,,,,,,,,,,,,,,,,,,,,,,,,,,,,,,0,0,0,0,0,17,17,17,,,,,,,,,,,,,620.9106741000433,,,,,,,,,,,,,,,,,,,,,,,,,,,,,,,,,,,,,,,,,,,,,,,,,,,,,,,,620.898856200045,620.9106741000433,620.9106741000433,620.9106741000433,621.0085563000757,622.9030568001326,624.3988750001881,3.2,3.479162799892947,,,,,,,,,,,,,1,068,pilot,2024-01-26_17h33.03.587,Memory and Syntax,2023.2.3,70.23369554654884,2024-01-26 17h38.57.532579 -0800,
1,1,1,1,0,0,0,0,1,1,0,,,,,,,,,,,,,1,19,filler,1A,There has been a man considered violent.,0,0,0,0,,,,,,,,,,,,,,,,,,,,,,,,,,,,,,,,,,,,,0,0,0,0,0,18,18,18,,,,,,,,,,,,,624.41133550019,,,,,,,,,,,,,,,,,,,,,,,,,,,,,,,,,,,,,,,,,,,,,,,,,,,,,,,,624.3992343000136,624.41133550019,624.41133550019,624.41133550019,624.5110870001372,626.4068136001006,630.0371644000988,2.9,5.617329400032759,,,,,,,,,,,,,1,068,pilot,2024-01-26_17h33.03.587,Memory and Syntax,2023.2.3,70.23369554654884,2024-01-26 17h38.57.532579 -0800,
1,1,1,1,0,0,0,0,1,1,0,,,,,,,,,,,,,1,20,WO,4A,The bully pushed every student.,0,0,0,0,,,,,,,,,,,,,,,,,,,,,,,,,,,,,,,,,,,,,0,0,0,0,0,19,19,19,,,,,,,,,,,,,630.0495987001341,,,,,,,,,,,,,,,,,,,,,,,,,,,,,,,,,,,,,,,,,,,,,,,,,,,,,,,,630.0375284000766,630.0495987001341,630.0495987001341,630.0495987001341,630.1500924001448,632.0429379001725,634.9446047001984,6.0,4.888731500133872,,,,,,,,,,,,,1,068,pilot,2024-01-26_17h33.03.587,Memory and Syntax,2023.2.3,70.23369554654884,2024-01-26 17h38.57.532579 -0800,
1,1,1,1,0,0,0,0,1,1,0,,,,,,,,,,,,,1,21,control,9B,We consider there three problems.,0,0,0,0,,,,,,,,,,,,,,,,,,,,,,,,,,,,,,,,,,,,,0,0,0,0,0,20,20,20,,,,,,,,,,,,,634.9587254000362,,,,,,,,,,,,,,,,,,,,,,,,,,,,,,,,,,,,,,,,,,,,,,,,,,,,,,,,634.9449582002126,634.9587254000362,634.9587254000362,634.9587254000362,635.0480090000201,636.9549658000469,640.94354080013,1.7,5.977198400069028,,,,,,,,,,,,,1,068,pilot,2024-01-26_17h33.03.587,Memory and Syntax,2023.2.3,70.23369554654884,2024-01-26 17h38.57.532579 -0800,
1,1,1,1,0,0,0,0,1,1,0,,,,,,,,,,,,,1,22,filler,4A,It seems to him that Kim solved the problem.,0,0,0,0,,,,,,,,,,,,,,,,,,,,,,,,,,,,,,,,,,,,,0,0,0,0,0,21,21,21,,,,,,,,,,,,,640.9582087001763,,,,,,,,,,,,,,,,,,,,,,,,,,,,,,,,,,,,,,,,,,,,,,,,,,,,,,,,640.9439002000727,640.9582087001763,640.9582087001763,640.9582087001763,641.0555465000216,642.9501110001002,646.9659102000296,3.4,6.000169400125742,,,,,,,,,,,,,1,068,pilot,2024-01-26_17h33.03.587,Memory and Syntax,2023.2.3,70.23369554654884,2024-01-26 17h38.57.532579 -0800,
1,1,1,1,0,0,0,0,1,1,0,,,,,,,,,,,,,1,23,WOV,9B,Read we five pages each night.,0,0,0,0,,,,,,,,,,,,,,,,,,,,,,,,,,,,,,,,,,,,,0,0,0,0,0,22,22,22,,,,,,,,,,,,,646.9795328001492,,,,,,,,,,,,,,,,,,,,,,,,,,,,,,,,,,,,,,,,,,,,,,,,,,,,,,,,646.9664847000968,646.9795328001492,646.9795328001492,646.9795328001492,647.0790333000477,649.0755034000613,651.1957158001605,2.9,4.206089899875224,,,,,,,,,,,,,1,068,pilot,2024-01-26_17h33.03.587,Memory and Syntax,2023.2.3,70.23369554654884,2024-01-26 17h38.57.532579 -0800,
1,1,1,1,0,0,0,0,1,1,0,,,,,,,,,,,,,1,24,WOV,12B,Watched Lilly a movie.,0,0,0,0,,,,,,,,,,,,,,,,,,,,,,,,,,,,,,,,,,,,,0,0,0,0,0,23,23,23,,,,,,,,,,,,,651.2108682000544,,,,,,,,,,,,,,,,,,,,,,,,,,,,,,,,,,,,,,,,,,,,,,,,,,,,,,,,651.1961501000915,651.2108682000544,651.2108682000544,651.2108682000544,651.2927166000009,653.2004169002175,654.9628735000733,1.3,3.7405251001473516,,,,,,,,,,,,,1,068,pilot,2024-01-26_17h33.03.587,Memory and Syntax,2023.2.3,70.23369554654884,2024-01-26 17h38.57.532579 -0800,
1,1,1,1,0,0,0,0,1,1,0,,,,,,,,,,,,,1,25,ASV,10B,The children quieted themselves.,0,0,0,0,,,,,,,,,,,,,,,,,,,,,,,,,,,,,,,,,,,,,0,0,0,0,0,24,24,24,,,,,,,,,,,,,654.9805219001137,,,,,,,,,,,,,,,,,,,,,,,,,,,,,,,,,,,,,,,,,,,,,,,,,,,,,,,,654.9634710000828,654.9805219001137,654.9805219001137,654.9805219001137,655.0664896999951,656.9735740001779,658.9263974002097,2.6,3.938291900092736,,,,,,,,,,,,,1,068,pilot,2024-01-26_17h33.03.587,Memory and Syntax,2023.2.3,70.23369554654884,2024-01-26 17h38.57.532579 -0800,
1,1,1,1,0,0,0,0,1,1,0,,,,,,,,,,,,,1,26,filler,2A,"Arty is sick, and Mark is too.",0,0,0,0,,,,,,,,,,,,,,,,,,,,,,,,,,,,,,,,,,,,,0,0,0,0,0,25,25,25,,,,,,,,,,,,,658.9416722999886,,,,,,,,,,,,,,,,,,,,,,,,,,,,,,,,,,,,,,,,,,,,,,,,,,,,,,,,658.926827999996,658.9416722999886,658.9416722999886,658.9416722999886,659.0385899001267,660.9364063001703,662.7853060001507,3.3,3.8336873000953346,,,,,,,,,,,,,1,068,pilot,2024-01-26_17h33.03.587,Memory and Syntax,2023.2.3,70.23369554654884,2024-01-26 17h38.57.532579 -0800,
1,1,1,1,0,0,0,0,1,1,0,,,,,,,,,,,,,1,27,WOV,10B,Kissed Kareem his boyfriend.,0,0,0,0,,,,,,,,,,,,,,,,,,,,,,,,,,,,,,,,,,,,,0,0,0,0,0,26,26,26,,,,,,,,,,,,,662.7974539001007,,,,,,,,,,,,,,,,,,,,,,,,,,,,,,,,,,,,,,,,,,,,,,,,,,,,,,,,662.7857227001805,662.7974539001007,662.7974539001007,662.7974539001007,662.8964905000757,664.790195700014,666.0826626000926,2.1,3.277290399884805,,,,,,,,,,,,,1,068,pilot,2024-01-26_17h33.03.587,Memory and Syntax,2023.2.3,70.23369554654884,2024-01-26 17h38.57.532579 -0800,
1,1,1,1,0,0,0,0,1,1,0,,,,,,,,,,,,,1,28,control,12B,They anticipate that everybody you do will contact Megan.,0,0,0,0,,,,,,,,,,,,,,,,,,,,,,,,,,,,,,,,,,,,,0,0,0,0,0,27,27,27,,,,,,,,,,,,,666.0997689000797,,,,,,,,,,,,,,,,,,,,,,,,,,,,,,,,,,,,,,,,,,,,,,,,,,,,,,,,666.0831467001699,666.0997689000797,666.0997689000797,666.0997689000797,666.1854338000994,668.0964087999891,670.0431923000142,2.7,3.935473599936813,,,,,,,,,,,,,1,068,pilot,2024-01-26_17h33.03.587,Memory and Syntax,2023.2.3,70.23369554654884,2024-01-26 17h38.57.532579 -0800,
1,1,1,1,0,0,0,0,1,1,0,,,,,,,,,,,,,1,29,filler,5A,I told Mandy who would win the election.,0,0,0,0,,,,,,,,,,,,,,,,,,,,,,,,,,,,,,,,,,,,,0,0,0,0,0,28,28,28,,,,,,,,,,,,,670.0591141001787,,,,,,,,,,,,,,,,,,,,,,,,,,,,,,,,,,,,,,,,,,,,,,,,,,,,,,,,670.0436246001627,670.0591141001787,670.0591141001787,670.0591141001787,670.1435634000227,672.0526201000903,673.6301089001354,3.4,3.564910100074485,,,,,,,,,,,,,1,068,pilot,2024-01-26_17h33.03.587,Memory and Syntax,2023.2.3,70.23369554654884,2024-01-26 17h38.57.532579 -0800,
1,1,1,1,0,0,0,0,1,1,0,,,,,,,,,,,,,1,30,AS,3A,Gracie stayed by the window.,0,0,0,0,,,,,,,,,,,,,,,,,,,,,,,,,,,,,,,,,,,,,0,0,0,0,0,29,29,29,,,,,,,,,,,,,673.6435231000651,,,,,,,,,,,,,,,,,,,,,,,,,,,,,,,,,,,,,,,,,,,,,,,,,,,,,,,,673.6307564000599,673.6435231000651,673.6435231000651,673.6435231000651,673.7315387001727,675.6432339001913,679.4318742000032,5.8,5.781402799999341,,,,,,,,,,,,,1,068,pilot,2024-01-26_17h33.03.587,Memory and Syntax,2023.2.3,70.23369554654884,2024-01-26 17h38.57.532579 -0800,
1,1,1,1,0,0,0,0,1,1,0,,,,,,,,,,,,,1,31,control,11B,There are likely students to be in the library.,0,0,0,0,,,,,,,,,,,,,,,,,,,,,,,,,,,,,,,,,,,,,0,0,0,0,0,30,30,30,,,,,,,,,,,,,679.445866700029,,,,,,,,,,,,,,,,,,,,,,,,,,,,,,,,,,,,,,,,,,,,,,,,,,,,,,,,679.4322854999918,679.445866700029,679.445866700029,679.445866700029,679.5408193001058,681.4366176000331,683.6613040000666,3.7,4.208244199864566,,,,,,,,,,,,,1,068,pilot,2024-01-26_17h33.03.587,Memory and Syntax,2023.2.3,70.23369554654884,2024-01-26 17h38.57.532579 -0800,
1,1,1,1,0,0,0,0,1,1,0,,,,,,,,,,,,,1,32,WO,2A,Jackie won the close race.,0,0,0,0,,,,,,,,,,,,,,,,,,,,,,,,,,,,,,,,,,,,,0,0,0,0,0,31,31,31,,,,,,,,,,,,,683.6758493001107,,,,,,,,,,,,,,,,,,,,,,,,,,,,,,,,,,,,,,,,,,,,,,,,,,,,,,,,683.6616891000886,683.6758493001107,683.6758493001107,683.6758493001107,683.7692340000067,685.6645883000456,690.1925310001243,5.9,6.50878299982287,,,,,,,,,,,,,1,068,pilot,2024-01-26_17h33.03.587,Memory and Syntax,2023.2.3,70.23369554654884,2024-01-26 17h38.57.532579 -0800,
1,1,1,1,0,0,0,0,1,1,0,,,,,,,,,,,,,1,33,WO,1A,Abby answered the question.,0,0,0,0,,,,,,,,,,,,,,,,,,,,,,,,,,,,,,,,,,,,,0,0,0,0,0,32,32,32,,,,,,,,,,,,,690.2071935001295,,,,,,,,,,,,,,,,,,,,,,,,,,,,,,,,,,,,,,,,,,,,,,,,,,,,,,,,690.1929249002133,690.2071935001295,690.2071935001295,690.2071935001295,690.3053101000842,692.2026256001554,693.1480120001361,6.5,2.936519800219685,,,,,,,,,,,,,1,068,pilot,2024-01-26_17h33.03.587,Memory and Syntax,2023.2.3,70.23369554654884,2024-01-26 17h38.57.532579 -0800,
1,1,1,1,0,0,0,0,1,1,0,,,,,,,,,,,,,1,34,WO,6A,The waiter set the table promptly.,0,0,0,0,,,,,,,,,,,,,,,,,,,,,,,,,,,,,,,,,,,,,0,0,0,0,0,33,33,33,,,,,,,,,,,,,693.1605400000699,,,,,,,,,,,,,,,,,,,,,,,,,,,,,,,,,,,,,,,,,,,,,,,,,,,,,,,,693.1484827999957,693.1605400000699,693.1605400000699,693.1605400000699,693.2528902001213,695.15970570012,698.6073673001956,5.1,5.437179999891669,,,,,,,,,,,,,1,068,pilot,2024-01-26_17h33.03.587,Memory and Syntax,2023.2.3,70.23369554654884,2024-01-26 17h38.57.532579 -0800,
1,1,1,1,0,0,0,0,1,1,0,,,,,,,,,,,,,1,35,ASV,7B,She laughed herself at the dog.,0,0,0,0,,,,,,,,,,,,,,,,,,,,,,,,,,,,,,,,,,,,,0,0,0,0,0,34,34,34,,,,,,,,,,,,,698.6233102001715,,,,,,,,,,,,,,,,,,,,,,,,,,,,,,,,,,,,,,,,,,,,,,,,,,,,,,,,698.6077595001552,698.6233102001715,698.6233102001715,698.6233102001715,698.7228400001768,700.6137498000171,702.1680800002068,2.6,3.5388108999468386,,,,,,,,,,,,,1,068,pilot,2024-01-26_17h33.03.587,Memory and Syntax,2023.2.3,70.23369554654884,2024-01-26 17h38.57.532579 -0800,
,,,,,,,,,,,,,,,,,,,,,,,,,,,,,,,,,,,,,,,,,,,,,,,,,,,,,,,,,,,,,,,,,,,,,,,,,,,,,,,,,,,,,,,,723.0268484000117,,,,,,,,,,,,,,,,,,,,,,,,,,,,,,,,,,,,,,,,,,,,,,,,,,,,,,,,,,,,,,,,,702.168966300087,702.1817338000983,702.1817338000983,702.1817338000983,702.1817338000983,702.1817338000983,723.0095193001907,723.0177068000194,723.0268484000117,723.0268484000117,723.0268484000117,723.0268484000117,,,,,,,,,
