﻿session,mem_test_reps,cvmt,cvmtP1_reps,cvmtP2_reps,asrt,crtt,cspan,english_ajt_reps,brocanto_learn_reps,brocanto_gjt_reps,task_instr,stimuli_list,delay,delay_reps,vis_disc_reps,cvmt_design,old_or_new,ajt_list,list_position,condition,item,testSent,experimentFlow.thisRepN,experimentFlow.thisTrialN,experimentFlow.thisN,experimentFlow.thisIndex,memoryTests.thisRepN,memoryTests.thisTrialN,memoryTests.thisN,memoryTests.thisIndex,cvmtBlock.thisRepN,cvmtBlock.thisTrialN,cvmtBlock.thisN,cvmtBlock.thisIndex,cvmtPart1.thisRepN,cvmtPart1.thisTrialN,cvmtPart1.thisN,cvmtPart1.thisIndex,cvmtTrials.thisRepN,cvmtTrials.thisTrialN,cvmtTrials.thisN,cvmtTrials.thisIndex,cvmtPart2.thisRepN,cvmtPart2.thisTrialN,cvmtPart2.thisN,cvmtPart2.thisIndex,asrtBlock.thisRepN,asrtBlock.thisTrialN,asrtBlock.thisN,asrtBlock.thisIndex,crttBlock.thisRepN,crttBlock.thisTrialN,crttBlock.thisN,crttBlock.thisIndex,cspanBlock.thisRepN,cspanBlock.thisTrialN,cspanBlock.thisN,cspanBlock.thisIndex,engAJT_block.thisRepN,engAJT_block.thisTrialN,engAJT_block.thisN,engAJT_block.thisIndex,engAJT_trials.thisRepN,engAJT_trials.thisTrialN,engAJT_trials.thisN,engAJT_trials.thisIndex,brocantoLearnPrax.thisRepN,brocantoLearnPrax.thisTrialN,brocantoLearnPrax.thisN,brocantoLearnPrax.thisIndex,vocabPhase.thisRepN,vocabPhase.thisTrialN,vocabPhase.thisN,vocabPhase.thisIndex,vocabRep.thisRepN,vocabRep.thisTrialN,vocabRep.thisN,vocabRep.thisIndex,vocabLearnTrials.thisRepN,vocabLearnTrials.thisTrialN,vocabLearnTrials.thisN,vocabLearnTrials.thisIndex,word,img,audio,version,thisRow.t,notes,load.started,load.stopped,cvmtInstr.started,cvmt_instr.started,cvmt_begin.started,cvmtInstr.stopped,cvmtTaskInstr.started,cvmt_task_instr.started,cvmt_task_begin.started,cvmtTaskInstr.stopped,presentDesign.started,cvmt_img.started,cvmt_key_resp.started,presentDesign.stopped,cvmt_key_resp.keys,cvmt_key_resp.corr,cvmtNoResp.started,cvmt_no_resp_prompt.started,cvmt_key_resp2.started,cvmtNoResp.stopped,cvmt_key_resp2.keys,cvmt_key_resp2.corr,cvmt_key_resp2.rt,cvmt_key_resp2.duration,cvmtSampleFB.started,cvmtSampleFB.stopped,key_resp_15.keys,cvmtSampleFBFinal.started,cvmtSampleFBFinal.stopped,cvmt_final_samp_fb_key_resp.keys,cvmt_key_resp.rt,cvmt_key_resp.duration,cvmt_sample_fb_text.started,key_resp_15.started,prev_img.started,key_resp_15.rt,key_resp_15.duration,cvmt_final_samp_fb_key_resp.started,cvmt_sample_finalfb_text.started,cvmt_final_samp_fb_key_resp.rt,cvmt_final_samp_fb_key_resp.duration,cvmtDelay.started,cvmtDelay.stopped,cvmt timer,engAJT_instr.started,ajt_instr.started,start_ajt.started,progress_bar1.started,progress_bar2.started,progress_bar_txt.started,engAJT_instr.stopped,start_ajt.keys,start_ajt.rt,start_ajt.duration,engAJT.started,progress_bar1_2.started,progress_bar2_2.started,progress_bar_txt_2.started,eng_ajt_sent.started,acceptability.started,engAJT.stopped,acceptability.response,acceptability.rt,brocantoIntro.started,brocanto_story.started,start_brocanto.started,progress_bar1_3.started,progress_bar2_3.started,progress_bar_txt_3.started,brocantoIntro.stopped,vocabInstr.started,vocab_learn_begin.started,progress_bar1_4.started,progress_bar2_4.started,progress_bar_txt_4.started,vocabInstr.stopped,vocabLearnTrial.started,Sona ID,Participant ID,Session,date,expName,psychopyVersion,frameRate,expStart,
1,1,1,1,0,0,0,0,1,1,0,"You are going to be shown some sample designs. Before doing so, you are cautioned that some of the designs you will see in this test may look similar to one another. In order to be an old design, however, it must look exactly like one you’ve seen before. If it’s different in any way, it will be a new design, so please watch carefully. You’ll be shown the designs very quickly, so please respond as soon as you see the design.

When you’re ready, press any key to begin.",cvmt/sample_stims.xlsx,0,0,0,cvmt/sample/s1.jpg,n,,,,,,0,0,0,0,0,0,0,0,0,0,0,0,0,0,0,0,0,0,0,0,,,,,,,,,,,,,,,,,,,,,,,,,,,,,,,,,,,,,,,,,,,,,92.63137510000001,,0.006563099999993938,0.006819399999926645,0.02752659999998741,0.034993600000007063,0.034993600000007063,77.72040199999992,77.7403683,77.77141239999992,77.77141239999992,92.56849519999992,92.59208439999998,92.63137510000001,92.63137510000001,94.570065,None,0,94.5711417,94.58659279999995,94.58659279999995,100.6263477,n,1,6.034215000000017,None,100.62772269999994,100.64147170000001,None,100.64195050000001,100.6420564,None,,,,,,,,,,,,,,,,,,,,,,,,,,,,,,,,,,,,,,,,,,,,,,,,1,134,1,2024-02-01_14h36.49.221,Memory and Syntax,2023.2.3,59.92189779844457,2024-02-01 14h45.42.155130 -0800,
1,1,1,1,0,0,0,0,1,1,0,"You are going to be shown some sample designs. Before doing so, you are cautioned that some of the designs you will see in this test may look similar to one another. In order to be an old design, however, it must look exactly like one you’ve seen before. If it’s different in any way, it will be a new design, so please watch carefully. You’ll be shown the designs very quickly, so please respond as soon as you see the design.

When you’re ready, press any key to begin.",cvmt/sample_stims.xlsx,0,0,0,cvmt/sample/s2.jpg,n,,,,,,0,0,0,0,0,0,0,0,0,0,0,0,0,0,0,0,0,1,1,1,,,,,,,,,,,,,,,,,,,,,,,,,,,,,,,,,,,,,,,,,,,,,100.67771059999995,,,,,,,,,,,,100.64296459999991,100.67771059999995,100.67771059999995,102.64381270000001,None,0,102.64402189999998,102.66041689999997,102.66041689999997,103.04572789999997,n,1,0.36867260000008173,None,103.04678849999993,103.06314329999998,None,103.06325040000002,103.06328129999997,None,,,,,,,,,,,,,,,,,,,,,,,,,,,,,,,,,,,,,,,,,,,,,,,,1,134,1,2024-02-01_14h36.49.221,Memory and Syntax,2023.2.3,59.92189779844457,2024-02-01 14h45.42.155130 -0800,
1,1,1,1,0,0,0,0,1,1,0,"You are going to be shown some sample designs. Before doing so, you are cautioned that some of the designs you will see in this test may look similar to one another. In order to be an old design, however, it must look exactly like one you’ve seen before. If it’s different in any way, it will be a new design, so please watch carefully. You’ll be shown the designs very quickly, so please respond as soon as you see the design.

When you’re ready, press any key to begin.",cvmt/sample_stims.xlsx,0,0,0,cvmt/sample/s3.jpg,o,,,,,,0,0,0,0,0,0,0,0,0,0,0,0,0,0,0,0,0,2,2,2,,,,,,,,,,,,,,,,,,,,,,,,,,,,,,,,,,,,,,,,,,,,,103.08599329999993,,,,,,,,,,,,103.06351669999992,103.08599329999993,103.08599329999993,105.07944439999994,o,1,105.0799174,,,105.07995599999992,None,0,,,105.0800964,105.09283929999992,None,105.09295929999996,105.092985,None,1.710894000000053,None,,,,,,,,,,,,,,,,,,,,,,,,,,,,,,,,,,,,,,,,,,,,,,1,134,1,2024-02-01_14h36.49.221,Memory and Syntax,2023.2.3,59.92189779844457,2024-02-01 14h45.42.155130 -0800,
1,1,1,1,0,0,0,0,1,1,0,"You are going to be shown some sample designs. Before doing so, you are cautioned that some of the designs you will see in this test may look similar to one another. In order to be an old design, however, it must look exactly like one you’ve seen before. If it’s different in any way, it will be a new design, so please watch carefully. You’ll be shown the designs very quickly, so please respond as soon as you see the design.

When you’re ready, press any key to begin.",cvmt/sample_stims.xlsx,0,0,0,cvmt/sample/s4.jpg,n,,,,,,0,0,0,0,0,0,0,0,0,0,0,0,0,0,0,0,0,3,3,3,,,,,,,,,,,,,,,,,,,,,,,,,,,,,,,,,,,,,,,,,,,,,105.11298799999997,,,,,,,,,,,,105.09320589999993,105.11298799999997,105.11298799999997,107.09826549999991,n,1,107.09862679999992,,,107.09866209999996,None,0,,,107.09879809999995,107.1069369999999,None,107.1070608,107.10709109999993,None,1.084306799999922,None,,,,,,,,,,,,,,,,,,,,,,,,,,,,,,,,,,,,,,,,,,,,,,1,134,1,2024-02-01_14h36.49.221,Memory and Syntax,2023.2.3,59.92189779844457,2024-02-01 14h45.42.155130 -0800,
1,1,1,1,0,0,0,0,1,1,0,"You are going to be shown some sample designs. Before doing so, you are cautioned that some of the designs you will see in this test may look similar to one another. In order to be an old design, however, it must look exactly like one you’ve seen before. If it’s different in any way, it will be a new design, so please watch carefully. You’ll be shown the designs very quickly, so please respond as soon as you see the design.

When you’re ready, press any key to begin.",cvmt/sample_stims.xlsx,0,0,0,cvmt/sample/s5.jpg,n,,,,,,0,0,0,0,0,0,0,0,0,0,0,0,0,0,0,0,0,4,4,4,,,,,,,,,,,,,,,,,,,,,,,,,,,,,,,,,,,,,,,,,,,,,107.12866359999998,,,,,,,,,,,,107.10735049999994,107.12866359999998,107.12866359999998,109.11696399999994,None,0,109.11719799999992,109.13365429999999,109.13365429999999,110.50313289999997,n,1,1.3592462999999952,None,110.50417599999992,110.5253267999999,None,110.52549109999995,110.5255449,None,,,,,,,,,,,,,,,,,,,,,,,,,,,,,,,,,,,,,,,,,,,,,,,,1,134,1,2024-02-01_14h36.49.221,Memory and Syntax,2023.2.3,59.92189779844457,2024-02-01 14h45.42.155130 -0800,
1,1,1,1,0,0,0,0,1,1,0,"You are going to be shown some sample designs. Before doing so, you are cautioned that some of the designs you will see in this test may look similar to one another. In order to be an old design, however, it must look exactly like one you’ve seen before. If it’s different in any way, it will be a new design, so please watch carefully. You’ll be shown the designs very quickly, so please respond as soon as you see the design.

When you’re ready, press any key to begin.",cvmt/sample_stims.xlsx,0,0,0,cvmt/sample/s6.jpg,n,,,,,,0,0,0,0,0,0,0,0,0,0,0,0,0,0,0,0,0,5,5,5,,,,,,,,,,,,,,,,,,,,,,,,,,,,,,,,,,,,,,,,,,,,,110.54865480000001,,,,,,,,,,,,110.52595259999998,110.54865480000001,110.54865480000001,112.53801109999995,n,1,112.53912479999997,,,112.53923689999999,None,0,,,112.53968069999996,112.55908139999997,None,112.55924799999991,112.55930189999992,None,0.9603908000000274,None,,,,,,,,,,,,,,,,,,,,,,,,,,,,,,,,,,,,,,,,,,,,,,1,134,1,2024-02-01_14h36.49.221,Memory and Syntax,2023.2.3,59.92189779844457,2024-02-01 14h45.42.155130 -0800,
1,1,1,1,0,0,0,0,1,1,0,"You are going to be shown some sample designs. Before doing so, you are cautioned that some of the designs you will see in this test may look similar to one another. In order to be an old design, however, it must look exactly like one you’ve seen before. If it’s different in any way, it will be a new design, so please watch carefully. You’ll be shown the designs very quickly, so please respond as soon as you see the design.

When you’re ready, press any key to begin.",cvmt/sample_stims.xlsx,0,0,0,cvmt/sample/s7.jpg,o,,,,,,0,0,0,0,0,0,0,0,0,0,0,0,0,0,0,0,0,6,6,6,,,,,,,,,,,,,,,,,,,,,,,,,,,,,,,,,,,,,,,,,,,,,112.57977099999994,,,,,,,,,,,,112.55970689999992,112.57977099999994,112.57977099999994,114.57335349999994,n,0,114.5744264,,,114.57453629999998,None,0,,,114.57496609999998,121.4806499,c,121.4818027,121.4819483,None,0.9852148999999599,None,114.63100909999991,114.63100909999991,114.84003519999999,6.845678099999986,None,,,,,,,,,,,,,,,,,,,,,,,,,,,,,,,,,,,,,,,,,1,134,1,2024-02-01_14h36.49.221,Memory and Syntax,2023.2.3,59.92189779844457,2024-02-01 14h45.42.155130 -0800,
1,1,1,1,0,0,0,0,1,1,0,"You are going to be shown some sample designs. Before doing so, you are cautioned that some of the designs you will see in this test may look similar to one another. In order to be an old design, however, it must look exactly like one you’ve seen before. If it’s different in any way, it will be a new design, so please watch carefully. You’ll be shown the designs very quickly, so please respond as soon as you see the design.

When you’re ready, press any key to begin.",cvmt/sample_stims.xlsx,0,0,0,cvmt/sample/s8.jpg,n,,,,,,0,0,0,0,0,0,0,0,0,0,0,0,0,0,0,0,0,7,7,7,,,,,,,,,,,,,,,,,,,,,,,,,,,,,,,,,,,,,,,,,,,,,121.51189699999998,,,,,,,,,,,,121.48279619999994,121.51189699999998,121.51189699999998,123.49908619999997,n,1,123.5001608,,,123.50026919999993,None,0,,,123.50069739999992,123.52256009999996,None,123.52271299999995,123.52276610000001,None,1.7332183000000896,None,,,,,,,,,,,,,,,,,,,,,,,,,,,,,,,,,,,,,,,,,,,,,,1,134,1,2024-02-01_14h36.49.221,Memory and Syntax,2023.2.3,59.92189779844457,2024-02-01 14h45.42.155130 -0800,
1,1,1,1,0,0,0,0,1,1,0,"You are going to be shown some sample designs. Before doing so, you are cautioned that some of the designs you will see in this test may look similar to one another. In order to be an old design, however, it must look exactly like one you’ve seen before. If it’s different in any way, it will be a new design, so please watch carefully. You’ll be shown the designs very quickly, so please respond as soon as you see the design.

When you’re ready, press any key to begin.",cvmt/sample_stims.xlsx,0,0,0,cvmt/sample/s9.jpg,n,,,,,,0,0,0,0,0,0,0,0,0,0,0,0,0,0,0,0,0,8,8,8,,,,,,,,,,,,,,,,,,,,,,,,,,,,,,,,,,,,,,,,,,,,,123.54510929999992,,,,,,,,,,,,123.52315169999997,123.54510929999992,123.54510929999992,125.53438569999992,n,1,125.53556389999994,,,125.53567609999993,None,0,,,125.53612299999998,125.55687219999993,None,125.55704270000001,125.55709679999995,None,0.9399086999999327,None,,,,,,,,,,,,,,,,,,,,,,,,,,,,,,,,,,,,,,,,,,,,,,1,134,1,2024-02-01_14h36.49.221,Memory and Syntax,2023.2.3,59.92189779844457,2024-02-01 14h45.42.155130 -0800,
1,1,1,1,0,0,0,0,1,1,0,"You are going to be shown some sample designs. Before doing so, you are cautioned that some of the designs you will see in this test may look similar to one another. In order to be an old design, however, it must look exactly like one you’ve seen before. If it’s different in any way, it will be a new design, so please watch carefully. You’ll be shown the designs very quickly, so please respond as soon as you see the design.

When you’re ready, press any key to begin.",cvmt/sample_stims.xlsx,0,0,0,cvmt/sample/s10.jpg,n,,,,,,0,0,0,0,0,0,0,0,0,0,0,0,0,0,0,0,0,9,9,9,,,,,,,,,,,,,,,,,,,,,,,,,,,,,,,,,,,,,,,,,,,,,125.58012559999997,,,,,,,,,,,,125.5574881,125.58012559999997,125.58012559999997,127.56974759999991,n,1,127.57080589999998,,,127.57091559999992,None,0,,,127.57134689999998,127.59315519999996,None,127.5933594999999,127.59342709999999,None,0.7848098000000618,None,,,,,,,,,,,,,,,,,,,,,,,,,,,,,,,,,,,,,,,,,,,,,,1,134,1,2024-02-01_14h36.49.221,Memory and Syntax,2023.2.3,59.92189779844457,2024-02-01 14h45.42.155130 -0800,
1,1,1,1,0,0,0,0,1,1,0,"You are going to be shown some sample designs. Before doing so, you are cautioned that some of the designs you will see in this test may look similar to one another. In order to be an old design, however, it must look exactly like one you’ve seen before. If it’s different in any way, it will be a new design, so please watch carefully. You’ll be shown the designs very quickly, so please respond as soon as you see the design.

When you’re ready, press any key to begin.",cvmt/sample_stims.xlsx,0,0,0,cvmt/sample/s11.jpg,o,,,,,,0,0,0,0,0,0,0,0,0,0,0,0,0,0,0,0,0,10,10,10,,,,,,,,,,,,,,,,,,,,,,,,,,,,,,,,,,,,,,,,,,,,,127.61612129999992,,,,,,,,,,,,127.59392759999992,127.61612129999992,127.61612129999992,129.60521089999997,o,1,129.60626639999998,,,129.60637699999995,None,0,,,129.6068062999999,129.63094869999998,None,129.6311470999999,137.81380839999997,r,1.3247221999999965,None,,,,,,129.66030809999995,129.66030809999995,8.144647599999985,None,,,,,,,,,,,,,,,,,,,,,,,,,,,,,,,,,,,,,1,134,1,2024-02-01_14h36.49.221,Memory and Syntax,2023.2.3,59.92189779844457,2024-02-01 14h45.42.155130 -0800,
1,1,1,1,0,0,0,0,1,1,0,"Now that we’ve completed the sample designs, we’ll begin the test. The test designs may be a little more complex, so watch closely. Remember to type ‘N’ if you’re seeing a design for the first time or ‘O’ if it’s one that is repeated.",cvmt/task_stims.xlsx,1,0,0,cvmt/test_items/t1.jpeg,n,,,,,,0,0,0,0,0,0,0,0,0,0,0,0,0,1,1,1,0,0,0,0,,,,,,,,,,,,,,,,,,,,,,,,,,,,,,,,,,,,,,,,,,,,,148.09106329999997,,,,,,,,137.8158077999999,137.8556931999999,137.8556931999999,147.9739164,148.0073225,148.09106329999997,148.09106329999997,149.97543109999992,n,1,149.9774610999999,,,149.9775818999999,None,0,,,149.9784325999999,149.9855066,None,149.9856803,149.9861583999999,None,1.0253490999999713,None,,,,,,,,,,,,,,,,,,,,,,,,,,,,,,,,,,,,,,,,,,,,,,1,134,1,2024-02-01_14h36.49.221,Memory and Syntax,2023.2.3,59.92189779844457,2024-02-01 14h45.42.155130 -0800,
1,1,1,1,0,0,0,0,1,1,0,"Now that we’ve completed the sample designs, we’ll begin the test. The test designs may be a little more complex, so watch closely. Remember to type ‘N’ if you’re seeing a design for the first time or ‘O’ if it’s one that is repeated.",cvmt/task_stims.xlsx,1,0,0,cvmt/test_items/t2.jpeg,n,,,,,,0,0,0,0,0,0,0,0,0,0,0,0,0,1,1,1,0,1,1,1,,,,,,,,,,,,,,,,,,,,,,,,,,,,,,,,,,,,,,,,,,,,,150.0730906,,,,,,,,,,,,149.98649619999992,150.0730906,150.0730906,151.99418079999998,n,1,151.99524739999993,,,151.99535779999997,None,0,,,151.99579689999996,152.0605893999999,None,152.06069159999993,152.0607200999999,None,1.003926999999976,None,,,,,,,,,,,,,,,,,,,,,,,,,,,,,,,,,,,,,,,,,,,,,,1,134,1,2024-02-01_14h36.49.221,Memory and Syntax,2023.2.3,59.92189779844457,2024-02-01 14h45.42.155130 -0800,
1,1,1,1,0,0,0,0,1,1,0,"Now that we’ve completed the sample designs, we’ll begin the test. The test designs may be a little more complex, so watch closely. Remember to type ‘N’ if you’re seeing a design for the first time or ‘O’ if it’s one that is repeated.",cvmt/task_stims.xlsx,1,0,0,cvmt/test_items/t3.jpeg,o,,,,,,0,0,0,0,0,0,0,0,0,0,0,0,0,1,1,1,0,2,2,2,,,,,,,,,,,,,,,,,,,,,,,,,,,,,,,,,,,,,,,,,,,,,152.13977089999992,,,,,,,,,,,,152.06093529999998,152.13977089999992,152.13977089999992,154.06185659999994,n,0,154.0621855999999,,,154.0622166999999,None,0,,,154.06233139999995,157.83375019999994,c,157.83518589999994,157.83532619999994,None,0.7374937999999247,None,154.18503179999993,154.18503179999993,154.31291399999998,3.635914400000047,None,,,,,,,,,,,,,,,,,,,,,,,,,,,,,,,,,,,,,,,,,1,134,1,2024-02-01_14h36.49.221,Memory and Syntax,2023.2.3,59.92189779844457,2024-02-01 14h45.42.155130 -0800,
1,1,1,1,0,0,0,0,1,1,0,"Now that we’ve completed the sample designs, we’ll begin the test. The test designs may be a little more complex, so watch closely. Remember to type ‘N’ if you’re seeing a design for the first time or ‘O’ if it’s one that is repeated.",cvmt/task_stims.xlsx,1,0,0,cvmt/test_items/t4.jpeg,o,,,,,,0,0,0,0,0,0,0,0,0,0,0,0,0,1,1,1,0,3,3,3,,,,,,,,,,,,,,,,,,,,,,,,,,,,,,,,,,,,,,,,,,,,,157.93032859999994,,,,,,,,,,,,157.8362146999999,157.93032859999994,157.93032859999994,159.8514182,n,0,159.85212689999992,,,159.85220659999993,None,0,,,159.8524916,167.61012879999998,c,167.61097759999996,167.61111089999997,None,1.5784927999999354,None,159.9551715,159.9551715,160.10170819999996,7.64985589999992,None,,,,,,,,,,,,,,,,,,,,,,,,,,,,,,,,,,,,,,,,,1,134,1,2024-02-01_14h36.49.221,Memory and Syntax,2023.2.3,59.92189779844457,2024-02-01 14h45.42.155130 -0800,
1,1,1,1,0,0,0,0,1,1,0,"Now that we’ve completed the sample designs, we’ll begin the test. The test designs may be a little more complex, so watch closely. Remember to type ‘N’ if you’re seeing a design for the first time or ‘O’ if it’s one that is repeated.",cvmt/task_stims.xlsx,1,0,0,cvmt/test_items/t5.jpeg,o,,,,,,0,0,0,0,0,0,0,0,0,0,0,0,0,1,1,1,0,4,4,4,,,,,,,,,,,,,,,,,,,,,,,,,,,,,,,,,,,,,,,,,,,,,167.6914213,,,,,,,,,,,,167.61193819999994,167.6914213,167.6914213,169.6285062999999,None,0,169.6291847,169.6449366999999,169.6449366999999,170.88021679999997,n,0,1.2239201999999523,None,170.88181409999993,176.18381239999997,c,176.1840669999999,176.18410289999997,None,,,171.01122809999993,171.01122809999993,171.14517389999992,5.169228500000031,None,,,,,,,,,,,,,,,,,,,,,,,,,,,,,,,,,,,,,,,,,1,134,1,2024-02-01_14h36.49.221,Memory and Syntax,2023.2.3,59.92189779844457,2024-02-01 14h45.42.155130 -0800,
1,1,1,1,0,0,0,0,1,1,0,"Now that we’ve completed the sample designs, we’ll begin the test. The test designs may be a little more complex, so watch closely. Remember to type ‘N’ if you’re seeing a design for the first time or ‘O’ if it’s one that is repeated.",cvmt/task_stims.xlsx,1,0,0,cvmt/test_items/t6.jpeg,o,,,,,,0,0,0,0,0,0,0,0,0,0,0,0,0,1,1,1,0,5,5,5,,,,,,,,,,,,,,,,,,,,,,,,,,,,,,,,,,,,,,,,,,,,,176.23439929999995,,,,,,,,,,,,176.18432819999998,176.23439929999995,176.23439929999995,178.18567969999992,n,0,178.18599319999998,,,178.1860378,None,0,,,178.18615069999998,183.92651449999994,c,183.9273624,183.9274957,None,1.2901077000000214,None,178.29032180000002,178.29032180000002,178.4358593999999,5.626647399999911,None,,,,,,,,,,,,,,,,,,,,,,,,,,,,,,,,,,,,,,,,,1,134,1,2024-02-01_14h36.49.221,Memory and Syntax,2023.2.3,59.92189779844457,2024-02-01 14h45.42.155130 -0800,
1,1,1,1,0,0,0,0,1,1,0,"Now that we’ve completed the sample designs, we’ll begin the test. The test designs may be a little more complex, so watch closely. Remember to type ‘N’ if you’re seeing a design for the first time or ‘O’ if it’s one that is repeated.",cvmt/task_stims.xlsx,1,0,0,cvmt/test_items/t7.jpeg,o,,,,,,0,0,0,0,0,0,0,0,0,0,0,0,0,1,1,1,0,6,6,6,,,,,,,,,,,,,,,,,,,,,,,,,,,,,,,,,,,,,,,,,,,,,183.99149579999994,,,,,,,,,,,,183.92832929999997,183.99149579999994,183.99149579999994,185.9281062,n,0,185.92916259999993,,,185.92927269999996,None,0,,,185.92969989999995,214.1888308,c,214.18908009999996,214.18911949999995,None,1.3813210000000709,None,186.03150369999992,186.03150369999992,186.19480299999998,28.15703880000001,None,,,,,,,,,,,,,,,,,,,,,,,,,,,,,,,,,,,,,,,,,1,134,1,2024-02-01_14h36.49.221,Memory and Syntax,2023.2.3,59.92189779844457,2024-02-01 14h45.42.155130 -0800,
1,1,1,1,0,0,0,0,1,1,0,"Now that we’ve completed the sample designs, we’ll begin the test. The test designs may be a little more complex, so watch closely. Remember to type ‘N’ if you’re seeing a design for the first time or ‘O’ if it’s one that is repeated.",cvmt/task_stims.xlsx,1,0,0,cvmt/test_items/t8.jpeg,o,,,,,,0,0,0,0,0,0,0,0,0,0,0,0,0,1,1,1,0,7,7,7,,,,,,,,,,,,,,,,,,,,,,,,,,,,,,,,,,,,,,,,,,,,,214.26717929999995,,,,,,,,,,,,214.18954529999996,214.26717929999995,214.26717929999995,216.19161439999993,None,0,216.1923281999999,216.20835149999994,216.20835149999994,220.47984529999997,n,0,4.268492199999969,None,220.4808948,263.055706,c,263.0565765,263.05670839999993,None,,,220.59985829999994,220.59985829999994,220.74603789999992,42.445049400000016,None,,,,,,,,,,,,,,,,,,,,,,,,,,,,,,,,,,,,,,,,,1,134,1,2024-02-01_14h36.49.221,Memory and Syntax,2023.2.3,59.92189779844457,2024-02-01 14h45.42.155130 -0800,
1,1,1,1,0,0,0,0,1,1,0,"Now that we’ve completed the sample designs, we’ll begin the test. The test designs may be a little more complex, so watch closely. Remember to type ‘N’ if you’re seeing a design for the first time or ‘O’ if it’s one that is repeated.",cvmt/task_stims.xlsx,1,0,0,cvmt/test_items/t9.jpeg,o,,,,,,0,0,0,0,0,0,0,0,0,0,0,0,0,1,1,1,0,8,8,8,,,,,,,,,,,,,,,,,,,,,,,,,,,,,,,,,,,,,,,,,,,,,263.16723649999994,,,,,,,,,,,,263.05754609999997,263.16723649999994,263.16723649999994,265.0572303,o,1,265.0582866,,,265.05840019999994,None,0,,,265.05884159999994,265.13602089999995,None,265.13610959999994,265.13613799999996,None,1.781785300000024,None,,,,,,,,,,,,,,,,,,,,,,,,,,,,,,,,,,,,,,,,,,,,,,1,134,1,2024-02-01_14h36.49.221,Memory and Syntax,2023.2.3,59.92189779844457,2024-02-01 14h45.42.155130 -0800,
1,1,1,1,0,0,0,0,1,1,0,"Now that we’ve completed the sample designs, we’ll begin the test. The test designs may be a little more complex, so watch closely. Remember to type ‘N’ if you’re seeing a design for the first time or ‘O’ if it’s one that is repeated.",cvmt/task_stims.xlsx,1,0,0,cvmt/test_items/t10.jpeg,o,,,,,,0,0,0,0,0,0,0,0,0,0,0,0,0,1,1,1,0,9,9,9,,,,,,,,,,,,,,,,,,,,,,,,,,,,,,,,,,,,,,,,,,,,,265.21804869999994,,,,,,,,,,,,265.1363556,265.21804869999994,265.21804869999994,267.14158539999994,None,0,267.14180439999996,267.1582159999999,267.1582159999999,267.2750053,n,0,0.1101814999999533,None,267.27531669999996,271.79736349999996,c,271.7980894,271.7981996,None,,,267.4132861999999,267.4132861999999,267.52584679999995,4.3754864,None,,,,,,,,,,,,,,,,,,,,,,,,,,,,,,,,,,,,,,,,,1,134,1,2024-02-01_14h36.49.221,Memory and Syntax,2023.2.3,59.92189779844457,2024-02-01 14h45.42.155130 -0800,
1,1,1,1,0,0,0,0,1,1,0,"Now that we’ve completed the sample designs, we’ll begin the test. The test designs may be a little more complex, so watch closely. Remember to type ‘N’ if you’re seeing a design for the first time or ‘O’ if it’s one that is repeated.",cvmt/task_stims.xlsx,1,0,0,cvmt/test_items/t11.jpeg,n,,,,,,0,0,0,0,0,0,0,0,0,0,0,0,0,1,1,1,0,10,10,10,,,,,,,,,,,,,,,,,,,,,,,,,,,,,,,,,,,,,,,,,,,,,271.86467659999994,,,,,,,,,,,,271.798909,271.86467659999994,271.86467659999994,273.7991698999999,None,0,273.7998465999999,273.81581929999993,273.81581929999993,274.53424829999994,n,1,0.7169829999999138,None,274.53529159999994,274.59430729999997,None,274.59439639999994,279.271888,r,,,,,,,,274.6100672,274.6100672,4.6507248000000345,None,,,,,,,,,,,,,,,,,,,,,,,,,,,,,,,,,,,,,1,134,1,2024-02-01_14h36.49.221,Memory and Syntax,2023.2.3,59.92189779844457,2024-02-01 14h45.42.155130 -0800,
1,1,1,1,0,0,0,0,1,1,0,"Now that we’ve completed the sample designs, we’ll begin the test. The test designs may be a little more complex, so watch closely. Remember to type ‘N’ if you’re seeing a design for the first time or ‘O’ if it’s one that is repeated.",cvmt/task_stims.xlsx,1,0,0,cvmt/test_items/t12.jpeg,o,,,,,,0,0,0,0,0,0,0,0,0,0,0,0,0,1,1,1,0,11,11,11,,,,,,,,,,,,,,,,,,,,,,,,,,,,,,,,,,,,,,,,,,,,,279.3284180999999,,,,,,,,,,,,279.2738453999999,279.3284180999999,279.3284180999999,281.2734762,n,0,281.2746695999999,,,281.2748406999999,None,0,,,281.27530089999993,284.42705979999994,c,284.4279229,284.4295601,None,1.5484261999999944,None,281.3054949,281.3054949,281.5393032999999,3.115517299999965,None,,,,,,,,,,,,,,,,,,,,,,,,,,,,,,,,,,,,,,,,,1,134,1,2024-02-01_14h36.49.221,Memory and Syntax,2023.2.3,59.92189779844457,2024-02-01 14h45.42.155130 -0800,
1,1,1,1,0,0,0,0,1,1,0,"Now that we’ve completed the sample designs, we’ll begin the test. The test designs may be a little more complex, so watch closely. Remember to type ‘N’ if you’re seeing a design for the first time or ‘O’ if it’s one that is repeated.",cvmt/task_stims.xlsx,1,0,0,cvmt/test_items/t13.jpeg,o,,,,,,0,0,0,0,0,0,0,0,0,0,0,0,0,1,1,1,0,12,12,12,,,,,,,,,,,,,,,,,,,,,,,,,,,,,,,,,,,,,,,,,,,,,284.51874039999996,,,,,,,,,,,,284.43048539999995,284.51874039999996,284.51874039999996,286.44529339999997,n,0,286.44635619999997,,,286.446469,None,0,,,286.44689719999997,290.49981519999994,c,290.5006658,290.50080149999997,None,1.246008399999937,None,286.56872139999996,286.56872139999996,286.711951,3.915956299999948,None,,,,,,,,,,,,,,,,,,,,,,,,,,,,,,,,,,,,,,,,,1,134,1,2024-02-01_14h36.49.221,Memory and Syntax,2023.2.3,59.92189779844457,2024-02-01 14h45.42.155130 -0800,
1,1,1,1,0,0,0,0,1,1,0,"Now that we’ve completed the sample designs, we’ll begin the test. The test designs may be a little more complex, so watch closely. Remember to type ‘N’ if you’re seeing a design for the first time or ‘O’ if it’s one that is repeated.",cvmt/task_stims.xlsx,1,0,0,cvmt/test_items/t14.jpeg,o,,,,,,0,0,0,0,0,0,0,0,0,0,0,0,0,1,1,1,0,13,13,13,,,,,,,,,,,,,,,,,,,,,,,,,,,,,,,,,,,,,,,,,,,,,290.59577289999993,,,,,,,,,,,,290.50162249999994,290.59577289999993,290.59577289999993,292.50170619999994,n,0,292.5027761,,,292.50288909999995,None,0,,,292.50331829999993,294.7862199,c,294.7865531,294.78660449999995,None,1.1849662000000762,None,292.6375521,292.6375521,292.7681344,2.134965100000045,None,,,,,,,,,,,,,,,,,,,,,,,,,,,,,,,,,,,,,,,,,1,134,1,2024-02-01_14h36.49.221,Memory and Syntax,2023.2.3,59.92189779844457,2024-02-01 14h45.42.155130 -0800,
1,1,1,1,0,0,0,0,1,1,0,"Now that we’ve completed the sample designs, we’ll begin the test. The test designs may be a little more complex, so watch closely. Remember to type ‘N’ if you’re seeing a design for the first time or ‘O’ if it’s one that is repeated.",cvmt/task_stims.xlsx,1,0,0,cvmt/test_items/t15.jpeg,o,,,,,,0,0,0,0,0,0,0,0,0,0,0,0,0,1,1,1,0,14,14,14,,,,,,,,,,,,,,,,,,,,,,,,,,,,,,,,,,,,,,,,,,,,,294.8582775,,,,,,,,,,,,294.786924,294.8582775,294.8582775,296.7890405999999,o,1,296.7901071,,,296.79021869999997,None,0,,,296.79064659999995,296.8328557,None,296.8329559,296.8329867,None,1.7625660999999582,None,,,,,,,,,,,,,,,,,,,,,,,,,,,,,,,,,,,,,,,,,,,,,,1,134,1,2024-02-01_14h36.49.221,Memory and Syntax,2023.2.3,59.92189779844457,2024-02-01 14h45.42.155130 -0800,
1,1,1,1,0,0,0,0,1,1,0,"Now that we’ve completed the sample designs, we’ll begin the test. The test designs may be a little more complex, so watch closely. Remember to type ‘N’ if you’re seeing a design for the first time or ‘O’ if it’s one that is repeated.",cvmt/task_stims.xlsx,1,0,0,cvmt/test_items/t16.jpeg,o,,,,,,0,0,0,0,0,0,0,0,0,0,0,0,0,1,1,1,0,15,15,15,,,,,,,,,,,,,,,,,,,,,,,,,,,,,,,,,,,,,,,,,,,,,296.8828195,,,,,,,,,,,,296.8332037,296.8828195,296.8828195,298.8409273,o,1,298.8419911,,,298.8421027999999,None,0,,,298.84253379999996,298.9060318999999,None,298.9061340999999,298.9061641999999,None,0.9858831999999893,None,,,,,,,,,,,,,,,,,,,,,,,,,,,,,,,,,,,,,,,,,,,,,,1,134,1,2024-02-01_14h36.49.221,Memory and Syntax,2023.2.3,59.92189779844457,2024-02-01 14h45.42.155130 -0800,
1,1,1,1,0,0,0,0,1,1,0,"Now that we’ve completed the sample designs, we’ll begin the test. The test designs may be a little more complex, so watch closely. Remember to type ‘N’ if you’re seeing a design for the first time or ‘O’ if it’s one that is repeated.",cvmt/task_stims.xlsx,1,0,0,cvmt/test_items/t17.jpeg,o,,,,,,0,0,0,0,0,0,0,0,0,0,0,0,0,1,1,1,0,16,16,16,,,,,,,,,,,,,,,,,,,,,,,,,,,,,,,,,,,,,,,,,,,,,298.96597999999994,,,,,,,,,,,,298.9063834,298.96597999999994,298.96597999999994,300.90970519999996,o,1,300.91076709999993,,,300.91087759999994,None,0,,,300.9113090999999,300.9676913999999,None,300.9677931,300.9678222,None,0.6628756000000067,None,,,,,,,,,,,,,,,,,,,,,,,,,,,,,,,,,,,,,,,,,,,,,,1,134,1,2024-02-01_14h36.49.221,Memory and Syntax,2023.2.3,59.92189779844457,2024-02-01 14h45.42.155130 -0800,
1,1,1,1,0,0,0,0,1,1,0,"Now that we’ve completed the sample designs, we’ll begin the test. The test designs may be a little more complex, so watch closely. Remember to type ‘N’ if you’re seeing a design for the first time or ‘O’ if it’s one that is repeated.",cvmt/task_stims.xlsx,1,0,0,cvmt/test_items/t18.jpeg,o,,,,,,0,0,0,0,0,0,0,0,0,0,0,0,0,1,1,1,0,17,17,17,,,,,,,,,,,,,,,,,,,,,,,,,,,,,,,,,,,,,,,,,,,,,301.0403604999999,,,,,,,,,,,,300.968038,301.0403604999999,301.0403604999999,302.9785438,o,1,302.97960409999996,,,302.9797160999999,None,0,,,302.9801557999999,303.0335543,None,303.03365729999996,303.0336873,None,0.8845554999999194,None,,,,,,,,,,,,,,,,,,,,,,,,,,,,,,,,,,,,,,,,,,,,,,1,134,1,2024-02-01_14h36.49.221,Memory and Syntax,2023.2.3,59.92189779844457,2024-02-01 14h45.42.155130 -0800,
1,1,1,1,0,0,0,0,1,1,0,"Now that we’ve completed the sample designs, we’ll begin the test. The test designs may be a little more complex, so watch closely. Remember to type ‘N’ if you’re seeing a design for the first time or ‘O’ if it’s one that is repeated.",cvmt/task_stims.xlsx,1,0,0,cvmt/test_items/t19.jpeg,n,,,,,,0,0,0,0,0,0,0,0,0,0,0,0,0,1,1,1,0,18,18,18,,,,,,,,,,,,,,,,,,,,,,,,,,,,,,,,,,,,,,,,,,,,,303.0899859,,,,,,,,,,,,303.0339053,303.0899859,303.0899859,305.0463343,n,1,305.0467570999999,,,305.0467997999999,None,0,,,305.04696319999994,305.0974263999999,None,305.0975285999999,305.0975578,None,1.0587355999999772,None,,,,,,,,,,,,,,,,,,,,,,,,,,,,,,,,,,,,,,,,,,,,,,1,134,1,2024-02-01_14h36.49.221,Memory and Syntax,2023.2.3,59.92189779844457,2024-02-01 14h45.42.155130 -0800,
1,1,1,1,0,0,0,0,1,1,0,"Now that we’ve completed the sample designs, we’ll begin the test. The test designs may be a little more complex, so watch closely. Remember to type ‘N’ if you’re seeing a design for the first time or ‘O’ if it’s one that is repeated.",cvmt/task_stims.xlsx,1,0,0,cvmt/test_items/t20.jpeg,o,,,,,,0,0,0,0,0,0,0,0,0,0,0,0,0,1,1,1,0,19,19,19,,,,,,,,,,,,,,,,,,,,,,,,,,,,,,,,,,,,,,,,,,,,,305.1625279,,,,,,,,,,,,305.09777569999994,305.1625279,305.1625279,307.0988587999999,o,1,307.09917299999995,,,307.099205,None,0,,,307.0993191,307.1231206,None,307.12322659999995,307.1232584999999,None,1.3222191000000976,None,,,,,,,,,,,,,,,,,,,,,,,,,,,,,,,,,,,,,,,,,,,,,,1,134,1,2024-02-01_14h36.49.221,Memory and Syntax,2023.2.3,59.92189779844457,2024-02-01 14h45.42.155130 -0800,
1,1,1,1,0,0,0,0,1,1,0,"Now that we’ve completed the sample designs, we’ll begin the test. The test designs may be a little more complex, so watch closely. Remember to type ‘N’ if you’re seeing a design for the first time or ‘O’ if it’s one that is repeated.",cvmt/task_stims.xlsx,1,0,0,cvmt/test_items/t21.jpeg,o,,,,,,0,0,0,0,0,0,0,0,0,0,0,0,0,1,1,1,0,20,20,20,,,,,,,,,,,,,,,,,,,,,,,,,,,,,,,,,,,,,,,,,,,,,307.1687707,,,,,,,,,,,,307.12348339999994,307.1687707,307.1687707,309.13459509999996,n,0,309.1356634,,,309.13577399999997,None,0,,,309.13620059999994,311.33740349999994,c,311.33825319999994,311.338388,None,1.8841599999999517,None,309.2542431999999,309.2542431999999,309.40128859999993,2.0705897000000277,None,,,,,,,,,,,,,,,,,,,,,,,,,,,,,,,,,,,,,,,,,1,134,1,2024-02-01_14h36.49.221,Memory and Syntax,2023.2.3,59.92189779844457,2024-02-01 14h45.42.155130 -0800,
1,1,1,1,0,0,0,0,1,1,0,"Now that we’ve completed the sample designs, we’ll begin the test. The test designs may be a little more complex, so watch closely. Remember to type ‘N’ if you’re seeing a design for the first time or ‘O’ if it’s one that is repeated.",cvmt/task_stims.xlsx,1,0,0,cvmt/test_items/t22.jpeg,o,,,,,,0,0,0,0,0,0,0,0,0,0,0,0,0,1,1,1,0,21,21,21,,,,,,,,,,,,,,,,,,,,,,,,,,,,,,,,,,,,,,,,,,,,,311.4005214,,,,,,,,,,,,311.33922199999995,311.4005214,311.4005214,313.3387931,o,1,313.3398592,,,313.33996849999994,None,0,,,313.3403952,313.3927764,None,313.3928654,315.9919238,r,1.8920417000000498,None,,,,,,313.4076275,313.4076275,2.581257599999958,None,,,,,,,,,,,,,,,,,,,,,,,,,,,,,,,,,,,,,1,134,1,2024-02-01_14h36.49.221,Memory and Syntax,2023.2.3,59.92189779844457,2024-02-01 14h45.42.155130 -0800,
1,1,1,1,0,0,0,0,1,1,0,"Now that we’ve completed the sample designs, we’ll begin the test. The test designs may be a little more complex, so watch closely. Remember to type ‘N’ if you’re seeing a design for the first time or ‘O’ if it’s one that is repeated.",cvmt/task_stims.xlsx,1,0,0,cvmt/test_items/t23.jpeg,n,,,,,,0,0,0,0,0,0,0,0,0,0,0,0,0,1,1,1,0,22,22,22,,,,,,,,,,,,,,,,,,,,,,,,,,,,,,,,,,,,,,,,,,,,,316.04057149999994,,,,,,,,,,,,315.99338119999993,316.04057149999994,316.04057149999994,317.99363860000005,o,0,317.99470029999986,,,317.99480959999994,None,0,,,317.99524069999995,320.2295097,c,320.2303619999999,320.2320309999999,None,1.4523191999999199,None,318.0275714999999,318.0275714999999,318.26005610000004,2.193224099999952,None,,,,,,,,,,,,,,,,,,,,,,,,,,,,,,,,,,,,,,,,,1,134,1,2024-02-01_14h36.49.221,Memory and Syntax,2023.2.3,59.92189779844457,2024-02-01 14h45.42.155130 -0800,
1,1,1,1,0,0,0,0,1,1,0,"Now that we’ve completed the sample designs, we’ll begin the test. The test designs may be a little more complex, so watch closely. Remember to type ‘N’ if you’re seeing a design for the first time or ‘O’ if it’s one that is repeated.",cvmt/task_stims.xlsx,1,0,0,cvmt/test_items/t24.jpeg,n,,,,,,0,0,0,0,0,0,0,0,0,0,0,0,0,1,1,1,0,23,23,23,,,,,,,,,,,,,,,,,,,,,,,,,,,,,,,,,,,,,,,,,,,,,320.27343370000006,,,,,,,,,,,,320.23293909999995,320.27343370000006,320.27343370000006,322.24705289999986,None,0,322.24751000000003,322.2640155,322.2640155,322.6820162999999,n,1,0.40465390000008483,None,322.68307760000005,322.72253390000003,None,322.722627,322.72265720000007,None,,,,,,,,,,,,,,,,,,,,,,,,,,,,,,,,,,,,,,,,,,,,,,,,1,134,1,2024-02-01_14h36.49.221,Memory and Syntax,2023.2.3,59.92189779844457,2024-02-01 14h45.42.155130 -0800,
1,1,1,1,0,0,0,0,1,1,0,"Now that we’ve completed the sample designs, we’ll begin the test. The test designs may be a little more complex, so watch closely. Remember to type ‘N’ if you’re seeing a design for the first time or ‘O’ if it’s one that is repeated.",cvmt/task_stims.xlsx,1,0,0,cvmt/test_items/t25.jpeg,o,,,,,,0,0,0,0,0,0,0,0,0,0,0,0,0,1,1,1,0,24,24,24,,,,,,,,,,,,,,,,,,,,,,,,,,,,,,,,,,,,,,,,,,,,,322.74635209999985,,,,,,,,,,,,322.72288509999987,322.74635209999985,322.74635209999985,324.7336463999999,o,1,324.7347194,,,324.73483369999997,None,0,,,324.73527279999996,324.7648739,None,324.76504149999994,324.7651047999999,None,1.1146581999998944,None,,,,,,,,,,,,,,,,,,,,,,,,,,,,,,,,,,,,,,,,,,,,,,1,134,1,2024-02-01_14h36.49.221,Memory and Syntax,2023.2.3,59.92189779844457,2024-02-01 14h45.42.155130 -0800,
1,1,1,1,0,0,0,0,1,1,0,"Now that we’ve completed the sample designs, we’ll begin the test. The test designs may be a little more complex, so watch closely. Remember to type ‘N’ if you’re seeing a design for the first time or ‘O’ if it’s one that is repeated.",cvmt/task_stims.xlsx,1,0,0,cvmt/test_items/t26.jpeg,n,,,,,,0,0,0,0,0,0,0,0,0,0,0,0,0,1,1,1,0,25,25,25,,,,,,,,,,,,,,,,,,,,,,,,,,,,,,,,,,,,,,,,,,,,,324.7977907999999,,,,,,,,,,,,324.76544439999986,324.7977907999999,324.7977907999999,326.7675940999999,o,0,326.7679095,,,326.76794140000004,None,0,,,326.76806069999986,328.5044853999999,c,328.5053612999999,328.50549680000006,None,1.2871645000000171,None,326.81111079999994,326.81111079999994,327.01910439999995,1.681626900000083,None,,,,,,,,,,,,,,,,,,,,,,,,,,,,,,,,,,,,,,,,,1,134,1,2024-02-01_14h36.49.221,Memory and Syntax,2023.2.3,59.92189779844457,2024-02-01 14h45.42.155130 -0800,
1,1,1,1,0,0,0,0,1,1,0,"Now that we’ve completed the sample designs, we’ll begin the test. The test designs may be a little more complex, so watch closely. Remember to type ‘N’ if you’re seeing a design for the first time or ‘O’ if it’s one that is repeated.",cvmt/task_stims.xlsx,1,0,0,cvmt/test_items/t27.jpeg,o,,,,,,0,0,0,0,0,0,0,0,0,0,0,0,0,1,1,1,0,26,26,26,,,,,,,,,,,,,,,,,,,,,,,,,,,,,,,,,,,,,,,,,,,,,328.54169109999987,,,,,,,,,,,,328.50632740000003,328.54169109999987,328.54169109999987,330.50609169999996,o,1,330.50718859999995,,,330.50729949999993,None,0,,,330.50773689999994,330.5381604999999,None,330.53831120000007,330.53836450000006,None,1.4308667000000241,None,,,,,,,,,,,,,,,,,,,,,,,,,,,,,,,,,,,,,,,,,,,,,,1,134,1,2024-02-01_14h36.49.221,Memory and Syntax,2023.2.3,59.92189779844457,2024-02-01 14h45.42.155130 -0800,
1,1,1,1,0,0,0,0,1,1,0,"Now that we’ve completed the sample designs, we’ll begin the test. The test designs may be a little more complex, so watch closely. Remember to type ‘N’ if you’re seeing a design for the first time or ‘O’ if it’s one that is repeated.",cvmt/task_stims.xlsx,1,0,0,cvmt/test_items/t28.jpeg,n,,,,,,0,0,0,0,0,0,0,0,0,0,0,0,0,1,1,1,0,27,27,27,,,,,,,,,,,,,,,,,,,,,,,,,,,,,,,,,,,,,,,,,,,,,330.56143409999993,,,,,,,,,,,,330.53876249999996,330.56143409999993,330.56143409999993,332.5413224,n,1,332.5423941,,,332.5425044,None,0,,,332.5429438,332.57254610000007,None,332.57270529999994,332.57274989999985,None,1.5395683000001554,None,,,,,,,,,,,,,,,,,,,,,,,,,,,,,,,,,,,,,,,,,,,,,,1,134,1,2024-02-01_14h36.49.221,Memory and Syntax,2023.2.3,59.92189779844457,2024-02-01 14h45.42.155130 -0800,
1,1,1,1,0,0,0,0,1,1,0,"Now that we’ve completed the sample designs, we’ll begin the test. The test designs may be a little more complex, so watch closely. Remember to type ‘N’ if you’re seeing a design for the first time or ‘O’ if it’s one that is repeated.",cvmt/task_stims.xlsx,1,0,0,cvmt/test_items/t29.jpeg,n,,,,,,0,0,0,0,0,0,0,0,0,0,0,0,0,1,1,1,0,28,28,28,,,,,,,,,,,,,,,,,,,,,,,,,,,,,,,,,,,,,,,,,,,,,332.6133696999999,,,,,,,,,,,,332.57307890000004,332.6133696999999,332.6133696999999,334.57688040000005,n,1,334.57793460000005,,,334.57804339999996,None,0,,,334.5784892999999,334.6078334,None,334.60797479999985,334.6080197,None,1.1355478000000403,None,,,,,,,,,,,,,,,,,,,,,,,,,,,,,,,,,,,,,,,,,,,,,,1,134,1,2024-02-01_14h36.49.221,Memory and Syntax,2023.2.3,59.92189779844457,2024-02-01 14h45.42.155130 -0800,
1,1,1,1,0,0,0,0,1,1,0,"Now that we’ve completed the sample designs, we’ll begin the test. The test designs may be a little more complex, so watch closely. Remember to type ‘N’ if you’re seeing a design for the first time or ‘O’ if it’s one that is repeated.",cvmt/task_stims.xlsx,1,0,0,cvmt/test_items/t30.jpeg,o,,,,,,0,0,0,0,0,0,0,0,0,0,0,0,0,1,1,1,0,29,29,29,,,,,,,,,,,,,,,,,,,,,,,,,,,,,,,,,,,,,,,,,,,,,334.6460189999999,,,,,,,,,,,,334.6083534999999,334.6460189999999,334.6460189999999,336.61211190000006,o,1,336.6132300999999,,,336.61333980000006,None,0,,,336.6137751,336.65284669999994,None,336.6529594,336.6529938,None,1.0547977999999603,None,,,,,,,,,,,,,,,,,,,,,,,,,,,,,,,,,,,,,,,,,,,,,,1,134,1,2024-02-01_14h36.49.221,Memory and Syntax,2023.2.3,59.92189779844457,2024-02-01 14h45.42.155130 -0800,
1,1,1,1,0,0,0,0,1,1,0,"Now that we’ve completed the sample designs, we’ll begin the test. The test designs may be a little more complex, so watch closely. Remember to type ‘N’ if you’re seeing a design for the first time or ‘O’ if it’s one that is repeated.",cvmt/task_stims.xlsx,1,0,0,cvmt/test_items/t31.jpeg,o,,,,,,0,0,0,0,0,0,0,0,0,0,0,0,0,1,1,1,0,30,30,30,,,,,,,,,,,,,,,,,,,,,,,,,,,,,,,,,,,,,,,,,,,,,336.692226,,,,,,,,,,,,336.65324640000006,336.692226,336.692226,338.66431109999996,o,1,338.6653663999999,,,338.66547649999995,None,0,,,338.66590869999993,338.70830539999986,None,338.7084045999999,338.70843320000006,None,1.1206586000000698,None,,,,,,,,,,,,,,,,,,,,,,,,,,,,,,,,,,,,,,,,,,,,,,1,134,1,2024-02-01_14h36.49.221,Memory and Syntax,2023.2.3,59.92189779844457,2024-02-01 14h45.42.155130 -0800,
1,1,1,1,0,0,0,0,1,1,0,"Now that we’ve completed the sample designs, we’ll begin the test. The test designs may be a little more complex, so watch closely. Remember to type ‘N’ if you’re seeing a design for the first time or ‘O’ if it’s one that is repeated.",cvmt/task_stims.xlsx,1,0,0,cvmt/test_items/t32.jpeg,n,,,,,,0,0,0,0,0,0,0,0,0,0,0,0,0,1,1,1,0,31,31,31,,,,,,,,,,,,,,,,,,,,,,,,,,,,,,,,,,,,,,,,,,,,,338.74298450000003,,,,,,,,,,,,338.70864919999997,338.74298450000003,338.74298450000003,340.71572879999997,n,1,340.7164710999999,,,340.71655469999985,None,0,,,340.71687099999997,340.7566954,None,340.7568158999999,340.7568525999999,None,0.7820639999999912,None,,,,,,,,,,,,,,,,,,,,,,,,,,,,,,,,,,,,,,,,,,,,,,1,134,1,2024-02-01_14h36.49.221,Memory and Syntax,2023.2.3,59.92189779844457,2024-02-01 14h45.42.155130 -0800,
1,1,1,1,0,0,0,0,1,1,0,"Now that we’ve completed the sample designs, we’ll begin the test. The test designs may be a little more complex, so watch closely. Remember to type ‘N’ if you’re seeing a design for the first time or ‘O’ if it’s one that is repeated.",cvmt/task_stims.xlsx,1,0,0,cvmt/test_items/t33.jpeg,n,,,,,,0,0,0,0,0,0,0,0,0,0,0,0,0,1,1,1,0,32,32,32,,,,,,,,,,,,,,,,,,,,,,,,,,,,,,,,,,,,,,,,,,,,,340.78437670000005,,,,,,,,,,,,340.75712179999994,340.78437670000005,340.78437670000005,342.76810480000006,n,1,342.76916530000005,,,342.7692751999999,None,0,,,342.7697036999999,342.81013329999985,None,342.8102444,348.12295499999993,c,0.8606042999999772,None,,,,,,342.82824719999996,342.82824719999996,5.28822439999999,None,,,,,,,,,,,,,,,,,,,,,,,,,,,,,,,,,,,,,1,134,1,2024-02-01_14h36.49.221,Memory and Syntax,2023.2.3,59.92189779844457,2024-02-01 14h45.42.155130 -0800,
1,1,1,1,0,0,0,0,1,1,0,,,,,,,,2,1,control,21B,There desires to be a new deal in the works.,0,0,0,0,,,,,,,,,,,,,,,,,,,,,,,,,,,,,,,,,0,0,0,0,0,0,0,0,,,,,,,,,,,,,,,,,,,,,364.16538920000005,,,,,,,,,,,,,,,,,,,,,,,,,,,,,,,,,,,,,,,,,,,348.1234799,348.12356239999997,7.370000002993038e-05,348.1344358,348.1491924999999,348.1491924999999,348.1491924999999,348.1491924999999,348.1491924999999,364.1057941,space,15.95160379999993,None,364.1371625999999,364.16538920000005,364.16538920000005,364.16538920000005,364.22196070000007,366.1161381999999,370.21275920000005,3.0,6.04074350000019,,,,,,,,,,,,,,,1,134,1,2024-02-01_14h36.49.221,Memory and Syntax,2023.2.3,59.92189779844457,2024-02-01 14h45.42.155130 -0800,
1,1,1,1,0,0,0,0,1,1,0,,,,,,,,2,2,AS,13A,You were bored with the book.,0,0,0,0,,,,,,,,,,,,,,,,,,,,,,,,,,,,,,,,,0,0,0,0,0,1,1,1,,,,,,,,,,,,,,,,,,,,,370.2281345,,,,,,,,,,,,,,,,,,,,,,,,,,,,,,,,,,,,,,,,,,,,,,,,,,,,,,,,370.2131949999999,370.2281345,370.2281345,370.2281345,370.3288802999999,372.2131289,374.0665332,7.0,3.830665799999906,,,,,,,,,,,,,,,1,134,1,2024-02-01_14h36.49.221,Memory and Syntax,2023.2.3,59.92189779844457,2024-02-01 14h45.42.155130 -0800,
1,1,1,1,0,0,0,0,1,1,0,,,,,,,,2,3,control,23B,I seem eating sushi.,0,0,0,0,,,,,,,,,,,,,,,,,,,,,,,,,,,,,,,,,0,0,0,0,0,2,2,2,,,,,,,,,,,,,,,,,,,,,374.08211159999985,,,,,,,,,,,,,,,,,,,,,,,,,,,,,,,,,,,,,,,,,,,,,,,,,,,,,,,,374.06684699999994,374.08211159999985,374.08211159999985,374.08211159999985,374.1821076,376.06798479999986,378.02033429999994,1.0,3.9307658999998694,,,,,,,,,,,,,,,1,134,1,2024-02-01_14h36.49.221,Memory and Syntax,2023.2.3,59.92189779844457,2024-02-01 14h45.42.155130 -0800,
1,1,1,1,0,0,0,0,1,1,0,,,,,,,,2,4,WOV,22B,Enjoyed we the sunset on the beach.,0,0,0,0,,,,,,,,,,,,,,,,,,,,,,,,,,,,,,,,,0,0,0,0,0,3,3,3,,,,,,,,,,,,,,,,,,,,,378.03978589999986,,,,,,,,,,,,,,,,,,,,,,,,,,,,,,,,,,,,,,,,,,,,,,,,,,,,,,,,378.0206505,378.03978589999986,378.03978589999986,378.03978589999986,378.13615689999995,380.02544320000004,381.6241056,1.0,3.577370100000053,,,,,,,,,,,,,,,1,134,1,2024-02-01_14h36.49.221,Memory and Syntax,2023.2.3,59.92189779844457,2024-02-01 14h45.42.155130 -0800,
1,1,1,1,0,0,0,0,1,1,0,,,,,,,,2,5,filler,15A,There are leaves burnt.,0,0,0,0,,,,,,,,,,,,,,,,,,,,,,,,,,,,,,,,,0,0,0,0,0,4,4,4,,,,,,,,,,,,,,,,,,,,,381.63919150000004,,,,,,,,,,,,,,,,,,,,,,,,,,,,,,,,,,,,,,,,,,,,,,,,,,,,,,,,381.6244212999999,381.63919150000004,381.63919150000004,381.63919150000004,381.7397170999999,383.6304022999999,384.3435664,7.0,2.6970542999999907,,,,,,,,,,,,,,,1,134,1,2024-02-01_14h36.49.221,Memory and Syntax,2023.2.3,59.92189779844457,2024-02-01 14h45.42.155130 -0800,
1,1,1,1,0,0,0,0,1,1,0,,,,,,,,2,6,WO,18A,The cat pushed the dog off the couch.,0,0,0,0,,,,,,,,,,,,,,,,,,,,,,,,,,,,,,,,,0,0,0,0,0,5,5,5,,,,,,,,,,,,,,,,,,,,,384.35978179999995,,,,,,,,,,,,,,,,,,,,,,,,,,,,,,,,,,,,,,,,,,,,,,,,,,,,,,,,384.3438817,384.35978179999995,384.35978179999995,384.35978179999995,384.4592220999999,386.34436449999987,386.9961847999999,7.0,2.628917400000091,,,,,,,,,,,,,,,1,134,1,2024-02-01_14h36.49.221,Memory and Syntax,2023.2.3,59.92189779844457,2024-02-01 14h45.42.155130 -0800,
1,1,1,1,0,0,0,0,1,1,0,,,,,,,,2,7,ASV,24B,She ascended herself the ladder.,0,0,0,0,,,,,,,,,,,,,,,,,,,,,,,,,,,,,,,,,0,0,0,0,0,6,6,6,,,,,,,,,,,,,,,,,,,,,387.0112800999999,,,,,,,,,,,,,,,,,,,,,,,,,,,,,,,,,,,,,,,,,,,,,,,,,,,,,,,,386.99648509999986,387.0112800999999,387.0112800999999,387.0112800999999,387.11207780000007,389.0076295,390.2828876,6.0,3.2638687999999547,,,,,,,,,,,,,,,1,134,1,2024-02-01_14h36.49.221,Memory and Syntax,2023.2.3,59.92189779844457,2024-02-01 14h45.42.155130 -0800,
1,1,1,1,0,0,0,0,1,1,0,,,,,,,,2,8,WO,14A,Many people attended the book release.,0,0,0,0,,,,,,,,,,,,,,,,,,,,,,,,,,,,,,,,,0,0,0,0,0,7,7,7,,,,,,,,,,,,,,,,,,,,,390.2987173999999,,,,,,,,,,,,,,,,,,,,,,,,,,,,,,,,,,,,,,,,,,,,,,,,,,,,,,,,390.28321429999994,390.2987173999999,390.2987173999999,390.2987173999999,390.39834259999986,392.2872885999999,393.6027780999999,7.0,3.2963684999999714,,,,,,,,,,,,,,,1,134,1,2024-02-01_14h36.49.221,Memory and Syntax,2023.2.3,59.92189779844457,2024-02-01 14h45.42.155130 -0800,
1,1,1,1,0,0,0,0,1,1,0,,,,,,,,2,9,WOV,21B,Bought Mona the car.,0,0,0,0,,,,,,,,,,,,,,,,,,,,,,,,,,,,,,,,,0,0,0,0,0,8,8,8,,,,,,,,,,,,,,,,,,,,,393.61782189999997,,,,,,,,,,,,,,,,,,,,,,,,,,,,,,,,,,,,,,,,,,,,,,,,,,,,,,,,393.603078,393.61782189999997,393.61782189999997,393.61782189999997,393.71799870000007,395.61926619999997,397.6565299,6.0,4.0315720999999485,,,,,,,,,,,,,,,1,134,1,2024-02-01_14h36.49.221,Memory and Syntax,2023.2.3,59.92189779844457,2024-02-01 14h45.42.155130 -0800,
1,1,1,1,0,0,0,0,1,1,0,,,,,,,,2,10,WO,17A,She pulled the blinds hurriedly.,0,0,0,0,,,,,,,,,,,,,,,,,,,,,,,,,,,,,,,,,0,0,0,0,0,9,9,9,,,,,,,,,,,,,,,,,,,,,397.67181029999995,,,,,,,,,,,,,,,,,,,,,,,,,,,,,,,,,,,,,,,,,,,,,,,,,,,,,,,,397.65684569999996,397.67181029999995,397.67181029999995,397.67181029999995,397.77187059999994,399.6573992,400.9935334999999,7.0,3.3154981000000134,,,,,,,,,,,,,,,1,134,1,2024-02-01_14h36.49.221,Memory and Syntax,2023.2.3,59.92189779844457,2024-02-01 14h45.42.155130 -0800,
1,1,1,1,0,0,0,0,1,1,0,,,,,,,,2,11,control,22B,Anywhere has nobody gone.,0,0,0,0,,,,,,,,,,,,,,,,,,,,,,,,,,,,,,,,,0,0,0,0,0,10,10,10,,,,,,,,,,,,,,,,,,,,,401.0085161999999,,,,,,,,,,,,,,,,,,,,,,,,,,,,,,,,,,,,,,,,,,,,,,,,,,,,,,,,400.99385730000006,401.0085161999999,401.0085161999999,401.0085161999999,401.109112,402.99998389999985,404.7804706999999,3.1,3.7647835999998733,,,,,,,,,,,,,,,1,134,1,2024-02-01_14h36.49.221,Memory and Syntax,2023.2.3,59.92189779844457,2024-02-01 14h45.42.155130 -0800,
1,1,1,1,0,0,0,0,1,1,0,,,,,,,,2,12,WOV,19B,Debated the historian the actor.,0,0,0,0,,,,,,,,,,,,,,,,,,,,,,,,,,,,,,,,,0,0,0,0,0,11,11,11,,,,,,,,,,,,,,,,,,,,,404.79637719999994,,,,,,,,,,,,,,,,,,,,,,,,,,,,,,,,,,,,,,,,,,,,,,,,,,,,,,,,404.78079390000005,404.79637719999994,404.79637719999994,404.79637719999994,404.89644369999985,406.78524989999994,409.1516596,3.0,4.347628499999928,,,,,,,,,,,,,,,1,134,1,2024-02-01_14h36.49.221,Memory and Syntax,2023.2.3,59.92189779844457,2024-02-01 14h45.42.155130 -0800,
1,1,1,1,0,0,0,0,1,1,0,,,,,,,,2,13,WO,15A,You watered the tiny cactus.,0,0,0,0,,,,,,,,,,,,,,,,,,,,,,,,,,,,,,,,,0,0,0,0,0,12,12,12,,,,,,,,,,,,,,,,,,,,,409.16683249999994,,,,,,,,,,,,,,,,,,,,,,,,,,,,,,,,,,,,,,,,,,,,,,,,,,,,,,,,409.1519752999999,409.16683249999994,409.16683249999994,409.16683249999994,409.26732559999994,411.16817879999996,412.47161990000006,7.0,3.2987570000000233,,,,,,,,,,,,,,,1,134,1,2024-02-01_14h36.49.221,Memory and Syntax,2023.2.3,59.92189779844457,2024-02-01 14h45.42.155130 -0800,
1,1,1,1,0,0,0,0,1,1,0,,,,,,,,2,14,ASV,20B,They laughed themselves at the joke.,0,0,0,0,,,,,,,,,,,,,,,,,,,,,,,,,,,,,,,,,0,0,0,0,0,13,13,13,,,,,,,,,,,,,,,,,,,,,412.4867825,,,,,,,,,,,,,,,,,,,,,,,,,,,,,,,,,,,,,,,,,,,,,,,,,,,,,,,,412.47193519999985,412.4867825,412.4867825,412.4867825,412.58721179999986,414.4765957999999,416.84270419999996,4.0,4.349675100000013,,,,,,,,,,,,,,,1,134,1,2024-02-01_14h36.49.221,Memory and Syntax,2023.2.3,59.92189779844457,2024-02-01 14h45.42.155130 -0800,
1,1,1,1,0,0,0,0,1,1,0,,,,,,,,2,15,AS,15A,The patient calmed down.,0,0,0,0,,,,,,,,,,,,,,,,,,,,,,,,,,,,,,,,,0,0,0,0,0,14,14,14,,,,,,,,,,,,,,,,,,,,,416.8578896999999,,,,,,,,,,,,,,,,,,,,,,,,,,,,,,,,,,,,,,,,,,,,,,,,,,,,,,,,416.84301659999994,416.8578896999999,416.8578896999999,416.8578896999999,416.95832129999997,418.8507916,419.99586799999986,7.0,3.13225680000005,,,,,,,,,,,,,,,1,134,1,2024-02-01_14h36.49.221,Memory and Syntax,2023.2.3,59.92189779844457,2024-02-01 14h45.42.155130 -0800,
1,1,1,1,0,0,0,0,1,1,0,,,,,,,,2,16,WOV,23B,Kissed Nova their child's forehead.,0,0,0,0,,,,,,,,,,,,,,,,,,,,,,,,,,,,,,,,,0,0,0,0,0,15,15,15,,,,,,,,,,,,,,,,,,,,,420.01260020000007,,,,,,,,,,,,,,,,,,,,,,,,,,,,,,,,,,,,,,,,,,,,,,,,,,,,,,,,419.99619500000006,420.01260020000007,420.01260020000007,420.01260020000007,420.11112709999986,422.0035082999999,426.6191763999999,4.0,6.599010399999997,,,,,,,,,,,,,,,1,134,1,2024-02-01_14h36.49.221,Memory and Syntax,2023.2.3,59.92189779844457,2024-02-01 14h45.42.155130 -0800,
1,1,1,1,0,0,0,0,1,1,0,,,,,,,,2,17,ASV,21B,The villagers scattered themselves in all directions.,0,0,0,0,,,,,,,,,,,,,,,,,,,,,,,,,,,,,,,,,0,0,0,0,0,16,16,16,,,,,,,,,,,,,,,,,,,,,426.6344438,,,,,,,,,,,,,,,,,,,,,,,,,,,,,,,,,,,,,,,,,,,,,,,,,,,,,,,,426.61949360000006,426.6344438,426.6344438,426.6344438,426.7348217,428.6356219999999,429.63886790000004,7.0,2.996778399999812,,,,,,,,,,,,,,,1,134,1,2024-02-01_14h36.49.221,Memory and Syntax,2023.2.3,59.92189779844457,2024-02-01 14h45.42.155130 -0800,
1,1,1,1,0,0,0,0,1,1,0,,,,,,,,2,18,WO,16A,Armadillos dug several holes.,0,0,0,0,,,,,,,,,,,,,,,,,,,,,,,,,,,,,,,,,0,0,0,0,0,17,17,17,,,,,,,,,,,,,,,,,,,,,429.65391680000005,,,,,,,,,,,,,,,,,,,,,,,,,,,,,,,,,,,,,,,,,,,,,,,,,,,,,,,,429.6391832999999,429.65391680000005,429.65391680000005,429.65391680000005,429.75476649999985,431.64408979999996,432.57509519999996,7.0,2.9145805999999084,,,,,,,,,,,,,,,1,134,1,2024-02-01_14h36.49.221,Memory and Syntax,2023.2.3,59.92189779844457,2024-02-01 14h45.42.155130 -0800,
1,1,1,1,0,0,0,0,1,1,0,,,,,,,,2,19,filler,13A,Carla appears to have graduated high school.,0,0,0,0,,,,,,,,,,,,,,,,,,,,,,,,,,,,,,,,,0,0,0,0,0,18,18,18,,,,,,,,,,,,,,,,,,,,,432.59090520000007,,,,,,,,,,,,,,,,,,,,,,,,,,,,,,,,,,,,,,,,,,,,,,,,,,,,,,,,432.57540959999994,432.59090520000007,432.59090520000007,432.59090520000007,432.69074009999997,434.5755800999999,435.22775949999993,7.0,2.6291712999998254,,,,,,,,,,,,,,,1,134,1,2024-02-01_14h36.49.221,Memory and Syntax,2023.2.3,59.92189779844457,2024-02-01 14h45.42.155130 -0800,
1,1,1,1,0,0,0,0,1,1,0,,,,,,,,2,20,control,24B,The government gives any help to no poor people.,0,0,0,0,,,,,,,,,,,,,,,,,,,,,,,,,,,,,,,,,0,0,0,0,0,19,19,19,,,,,,,,,,,,,,,,,,,,,435.2428592,,,,,,,,,,,,,,,,,,,,,,,,,,,,,,,,,,,,,,,,,,,,,,,,,,,,,,,,435.22808099999986,435.2428592,435.2428592,435.2428592,435.34327789999986,437.2280193,443.8863734999999,3.0,8.63624760000016,,,,,,,,,,,,,,,1,134,1,2024-02-01_14h36.49.221,Memory and Syntax,2023.2.3,59.92189779844457,2024-02-01 14h45.42.155130 -0800,
1,1,1,1,0,0,0,0,1,1,0,,,,,,,,2,21,AS,14A,A dog tumbled down the hill.,0,0,0,0,,,,,,,,,,,,,,,,,,,,,,,,,,,,,,,,,0,0,0,0,0,20,20,20,,,,,,,,,,,,,,,,,,,,,443.90154459999997,,,,,,,,,,,,,,,,,,,,,,,,,,,,,,,,,,,,,,,,,,,,,,,,,,,,,,,,443.8866895,443.90154459999997,443.90154459999997,443.90154459999997,444.0026151999999,445.89140199999986,455.0142244,7.0,11.105954899999915,,,,,,,,,,,,,,,1,134,1,2024-02-01_14h36.49.221,Memory and Syntax,2023.2.3,59.92189779844457,2024-02-01 14h45.42.155130 -0800,
1,1,1,1,0,0,0,0,1,1,0,,,,,,,,2,22,WO,13A,Janelle painted the fence.,0,0,0,0,,,,,,,,,,,,,,,,,,,,,,,,,,,,,,,,,0,0,0,0,0,21,21,21,,,,,,,,,,,,,,,,,,,,,455.0298675999999,,,,,,,,,,,,,,,,,,,,,,,,,,,,,,,,,,,,,,,,,,,,,,,,,,,,,,,,455.01455010000006,455.0298675999999,455.0298675999999,455.0298675999999,455.12946580000005,457.01469229999987,458.35079889999986,7.0,3.313566800000217,,,,,,,,,,,,,,,1,134,1,2024-02-01_14h36.49.221,Memory and Syntax,2023.2.3,59.92189779844457,2024-02-01 14h45.42.155130 -0800,
1,1,1,1,0,0,0,0,1,1,0,,,,,,,,2,23,ASV,23B,She loved herself the market a lot.,0,0,0,0,,,,,,,,,,,,,,,,,,,,,,,,,,,,,,,,,0,0,0,0,0,22,22,22,,,,,,,,,,,,,,,,,,,,,458.3660194,,,,,,,,,,,,,,,,,,,,,,,,,,,,,,,,,,,,,,,,,,,,,,,,,,,,,,,,458.35111159999985,458.3660194,458.3660194,458.3660194,458.4668146,460.3547927999999,469.06153289999986,6.0,10.689434899999924,,,,,,,,,,,,,,,1,134,1,2024-02-01_14h36.49.221,Memory and Syntax,2023.2.3,59.92189779844457,2024-02-01 14h45.42.155130 -0800,
1,1,1,1,0,0,0,0,1,1,0,,,,,,,,2,24,filler,17A,A dog bigger than my corgi snarled.,0,0,0,0,,,,,,,,,,,,,,,,,,,,,,,,,,,,,,,,,0,0,0,0,0,23,23,23,,,,,,,,,,,,,,,,,,,,,469.07675949999987,,,,,,,,,,,,,,,,,,,,,,,,,,,,,,,,,,,,,,,,,,,,,,,,,,,,,,,,469.0618544,469.07675949999987,469.07675949999987,469.07675949999987,469.1765503999999,471.0715835,472.48155659999986,7.0,3.3979583000000275,,,,,,,,,,,,,,,1,134,1,2024-02-01_14h36.49.221,Memory and Syntax,2023.2.3,59.92189779844457,2024-02-01 14h45.42.155130 -0800,
1,1,1,1,0,0,0,0,1,1,0,,,,,,,,2,25,WOV,24B,Forgot she her keys at home.,0,0,0,0,,,,,,,,,,,,,,,,,,,,,,,,,,,,,,,,,0,0,0,0,0,24,24,24,,,,,,,,,,,,,,,,,,,,,472.4967831,,,,,,,,,,,,,,,,,,,,,,,,,,,,,,,,,,,,,,,,,,,,,,,,,,,,,,,,472.4818575999999,472.4967831,472.4967831,472.4967831,472.59719970000003,474.4887135,478.57109349999985,2.0,6.066803499999878,,,,,,,,,,,,,,,1,134,1,2024-02-01_14h36.49.221,Memory and Syntax,2023.2.3,59.92189779844457,2024-02-01 14h45.42.155130 -0800,
1,1,1,1,0,0,0,0,1,1,0,,,,,,,,2,26,filler,16A,Jamal asked Mei to be allowed to take care of himself.,0,0,0,0,,,,,,,,,,,,,,,,,,,,,,,,,,,,,,,,,0,0,0,0,0,25,25,25,,,,,,,,,,,,,,,,,,,,,478.58617059999995,,,,,,,,,,,,,,,,,,,,,,,,,,,,,,,,,,,,,,,,,,,,,,,,,,,,,,,,478.57142050000004,478.58617059999995,478.58617059999995,478.58617059999995,478.68622500000004,480.58759610000004,482.32488780000006,6.0,3.731318199999805,,,,,,,,,,,,,,,1,134,1,2024-02-01_14h36.49.221,Memory and Syntax,2023.2.3,59.92189779844457,2024-02-01 14h45.42.155130 -0800,
1,1,1,1,0,0,0,0,1,1,0,,,,,,,,2,27,AS,17A,He cried tears of joy at the heartwarming reunion.,0,0,0,0,,,,,,,,,,,,,,,,,,,,,,,,,,,,,,,,,0,0,0,0,0,26,26,26,,,,,,,,,,,,,,,,,,,,,482.3405391,,,,,,,,,,,,,,,,,,,,,,,,,,,,,,,,,,,,,,,,,,,,,,,,,,,,,,,,482.3252033,482.3405391,482.3405391,482.3405391,482.4407304,484.33231349999994,485.5113321,7.0,3.1633331999998973,,,,,,,,,,,,,,,1,134,1,2024-02-01_14h36.49.221,Memory and Syntax,2023.2.3,59.92189779844457,2024-02-01 14h45.42.155130 -0800,
1,1,1,1,0,0,0,0,1,1,0,,,,,,,,2,28,ASV,22B,Haru hid herself from the manager's wrath.,0,0,0,0,,,,,,,,,,,,,,,,,,,,,,,,,,,,,,,,,0,0,0,0,0,27,27,27,,,,,,,,,,,,,,,,,,,,,485.5269520999999,,,,,,,,,,,,,,,,,,,,,,,,,,,,,,,,,,,,,,,,,,,,,,,,,,,,,,,,485.5116471,485.5269520999999,485.5269520999999,485.5269520999999,485.6269937999999,487.5119008999999,501.52743509999993,6.5,15.993589400000019,,,,,,,,,,,,,,,1,134,1,2024-02-01_14h36.49.221,Memory and Syntax,2023.2.3,59.92189779844457,2024-02-01 14h45.42.155130 -0800,
1,1,1,1,0,0,0,0,1,1,0,,,,,,,,2,29,WOV,20B,Created Fatima a minimalistic website.,0,0,0,0,,,,,,,,,,,,,,,,,,,,,,,,,,,,,,,,,0,0,0,0,0,28,28,28,,,,,,,,,,,,,,,,,,,,,501.54251869999996,,,,,,,,,,,,,,,,,,,,,,,,,,,,,,,,,,,,,,,,,,,,,,,,,,,,,,,,501.5277491999999,501.54251869999996,501.54251869999996,501.54251869999996,501.64358430000004,503.533446,504.9974939,5.3,3.4476554000000306,,,,,,,,,,,,,,,1,134,1,2024-02-01_14h36.49.221,Memory and Syntax,2023.2.3,59.92189779844457,2024-02-01 14h45.42.155130 -0800,
1,1,1,1,0,0,0,0,1,1,0,,,,,,,,2,30,AS,18A,The teacher was tired of the bland school lunches.,0,0,0,0,,,,,,,,,,,,,,,,,,,,,,,,,,,,,,,,,0,0,0,0,0,29,29,29,,,,,,,,,,,,,,,,,,,,,505.012611,,,,,,,,,,,,,,,,,,,,,,,,,,,,,,,,,,,,,,,,,,,,,,,,,,,,,,,,504.9978063,505.012611,505.012611,505.012611,505.1132432999999,507.00355179999985,507.7169679,6.9,2.697333399999934,,,,,,,,,,,,,,,1,134,1,2024-02-01_14h36.49.221,Memory and Syntax,2023.2.3,59.92189779844457,2024-02-01 14h45.42.155130 -0800,
1,1,1,1,0,0,0,0,1,1,0,,,,,,,,2,31,control,20B,"If Aarthi probably comes, the party will be a disaster.",0,0,0,0,,,,,,,,,,,,,,,,,,,,,,,,,,,,,,,,,0,0,0,0,0,30,30,30,,,,,,,,,,,,,,,,,,,,,507.7332699,,,,,,,,,,,,,,,,,,,,,,,,,,,,,,,,,,,,,,,,,,,,,,,,,,,,,,,,507.7173047,507.7332699,507.7332699,507.7332699,507.8325566,509.71746040000005,523.3825615,7.0,15.641643299999942,,,,,,,,,,,,,,,1,134,1,2024-02-01_14h36.49.221,Memory and Syntax,2023.2.3,59.92189779844457,2024-02-01 14h45.42.155130 -0800,
1,1,1,1,0,0,0,0,1,1,0,,,,,,,,2,32,AS,16A,He solved the complicated puzzle.,0,0,0,0,,,,,,,,,,,,,,,,,,,,,,,,,,,,,,,,,0,0,0,0,0,31,31,31,,,,,,,,,,,,,,,,,,,,,523.3992159999999,,,,,,,,,,,,,,,,,,,,,,,,,,,,,,,,,,,,,,,,,,,,,,,,,,,,,,,,523.3828761999999,523.3992159999999,523.3992159999999,523.3992159999999,523.4984512,525.3874101,525.8517774000001,7.0,2.4450162999999066,,,,,,,,,,,,,,,1,134,1,2024-02-01_14h36.49.221,Memory and Syntax,2023.2.3,59.92189779844457,2024-02-01 14h45.42.155130 -0800,
1,1,1,1,0,0,0,0,1,1,0,,,,,,,,2,33,filler,14A,Angelica and Alberto hate each other.,0,0,0,0,,,,,,,,,,,,,,,,,,,,,,,,,,,,,,,,,0,0,0,0,0,32,32,32,,,,,,,,,,,,,,,,,,,,,525.8668024,,,,,,,,,,,,,,,,,,,,,,,,,,,,,,,,,,,,,,,,,,,,,,,,,,,,,,,,525.8520912999999,525.8668024,525.8668024,525.8668024,525.9674088999999,527.8562914,528.4376378000001,7.0,2.5640048000000206,,,,,,,,,,,,,,,1,134,1,2024-02-01_14h36.49.221,Memory and Syntax,2023.2.3,59.92189779844457,2024-02-01 14h45.42.155130 -0800,
1,1,1,1,0,0,0,0,1,1,0,,,,,,,,2,34,control,19B,The flowers plant seasonally to attract hummingbirds.,0,0,0,0,,,,,,,,,,,,,,,,,,,,,,,,,,,,,,,,,0,0,0,0,0,33,33,33,,,,,,,,,,,,,,,,,,,,,528.4527658000001,,,,,,,,,,,,,,,,,,,,,,,,,,,,,,,,,,,,,,,,,,,,,,,,,,,,,,,,528.4379373999999,528.4527658000001,528.4527658000001,528.4527658000001,528.5533176999999,530.4464119,540.8332515999999,4.5,12.373686399999997,,,,,,,,,,,,,,,1,134,1,2024-02-01_14h36.49.221,Memory and Syntax,2023.2.3,59.92189779844457,2024-02-01 14h45.42.155130 -0800,
1,1,1,1,0,0,0,0,1,1,0,,,,,,,,2,35,ASV,19B,The pastor fell himself down the stairs.,0,0,0,0,,,,,,,,,,,,,,,,,,,,,,,,,,,,,,,,,0,0,0,0,0,34,34,34,,,,,,,,,,,,,,,,,,,,,540.8484124999999,,,,,,,,,,,,,,,,,,,,,,,,,,,,,,,,,,,,,,,,,,,,,,,,,,,,,,,,540.8335653999999,540.8484124999999,540.8484124999999,540.8484124999999,540.9490718000001,542.8379458999999,544.820493,2.0,3.9651718999998593,,,,,,,,,,,,,,,1,134,1,2024-02-01_14h36.49.221,Memory and Syntax,2023.2.3,59.92189779844457,2024-02-01 14h45.42.155130 -0800,
,,,,,,,,,,,,,,,,,,,,,,,,,,,,,,,,,,,,,,,,,,,,,,,,,,,,,,,,,,,,,,,,,,,,,,,,,,,,,,,,,,,,,,,562.5037971999999,,,,,,,,,,,,,,,,,,,,,,,,,,,,,,,,,,,,,,,,,,,,,,,,,,,,,,,,,,,,,,,,,544.8210573999999,544.8359188999999,544.8359188999999,544.8359188999999,544.8359188999999,544.8359188999999,562.4871357000001,562.4926408,562.5037971999999,562.5037971999999,562.5037971999999,562.5037971999999,572.0302307000001,572.042482,,,,,,,,,
