﻿load.started,load.stopped,Sona ID,Participant ID,Session,date,expName,psychopyVersion,OS,frameRate,cvmtInstr.started,cvmtInstr.stopped,cvmtTaskInstr.started,cvmtTaskInstr.stopped,presentDesign.started,presentDesign.stopped,cvmt_key_resp.keys,cvmt_key_resp.corr,cvmtNoResp.started,cvmtNoResp.stopped,cvmt_key_resp2.keys,cvmt_key_resp2.corr,cvmt_key_resp2.rt,cvmt_key_resp2.duration,cvmtSampleFB.started,cvmtSampleFB.stopped,key_resp_15.keys,cvmtSampleFBFinal.started,cvmtSampleFBFinal.stopped,cvmt_final_samp_fb_key_resp.keys,cvmtTrials.thisRepN,cvmtTrials.thisTrialN,cvmtTrials.thisN,cvmtTrials.thisIndex,cvmtTrials.ran,cvmt_design,old_or_new,cvmt_key_resp.rt,cvmt_key_resp.duration,key_resp_15.rt,key_resp_15.duration,cvmt_final_samp_fb_key_resp.rt,cvmt_final_samp_fb_key_resp.duration
0.001,0.11,1,135,1,2024-02-25_10h59.20.081,Memory and Syntax,2023.2.3,Win32,60.0240096,,,,,,,,,,,,,,,,,,,,,,,,,,,,,,,,,
,,1,135,1,2024-02-25_10h59.20.081,Memory and Syntax,2023.2.3,Win32,60.0240096,0.143,11.59,11.705,12.436,14.433,14.452,,0,14.452,20.649,n,1,6.182,,20.65,20.651,,20.651,20.651,,0,0,0,0,1,cvmt/sample/s1.jpg,n,,,,,,
,,1,135,1,2024-02-25_10h59.20.081,Memory and Syntax,2023.2.3,Win32,60.0240096,,,,,20.652,22.648,,0,22.648,22.999,n,1,0.345,,22.999,22.999,,22.999,23,,0,1,1,1,1,cvmt/sample/s2.jpg,n,,,,,,
,,1,135,1,2024-02-25_10h59.20.081,Memory and Syntax,2023.2.3,Win32,60.0240096,,,,,23,24.997,n,0,24.997,24.997,,0,,,24.997,29.113,c,29.113,29.113,,0,2,2,2,1,cvmt/sample/s3.jpg,o,0.815,,4.105,,,
,,1,135,1,2024-02-25_10h59.20.081,Memory and Syntax,2023.2.3,Win32,60.0240096,,,,,29.113,31.104,n,1,31.104,31.104,,0,,,31.104,31.207,,31.207,31.207,,0,3,3,3,1,cvmt/sample/s4.jpg,n,1.15,,,,,
,,1,135,1,2024-02-25_10h59.20.081,Memory and Syntax,2023.2.3,Win32,60.0240096,,,,,31.208,33.198,n,1,33.198,33.198,,0,,,33.198,33.199,,33.199,33.199,,0,4,4,4,1,cvmt/sample/s5.jpg,n,0.605,,,,,
,,1,135,1,2024-02-25_10h59.20.081,Memory and Syntax,2023.2.3,Win32,60.0240096,,,,,33.199,45.51,n,1,45.51,45.51,,0,,,45.51,45.51,,45.51,45.51,,0,5,5,5,1,cvmt/sample/s6.jpg,n,0.423,,,,,
,,1,135,1,2024-02-25_10h59.20.081,Memory and Syntax,2023.2.3,Win32,60.0240096,,,,,45.51,45.599,,0,45.599,45.649,o,1,0.037,,45.649,45.65,,45.65,45.65,,0,6,6,6,1,cvmt/sample/s7.jpg,o,,,,,,
,,1,135,1,2024-02-25_10h59.20.081,Memory and Syntax,2023.2.3,Win32,60.0240096,,,,,45.65,47.649,,0,47.649,49.098,n,1,1.435,,49.098,49.098,,49.099,49.099,,0,7,7,7,1,cvmt/sample/s8.jpg,n,,,,,,
,,1,135,1,2024-02-25_10h59.20.081,Memory and Syntax,2023.2.3,Win32,60.0240096,,,,,49.099,51.099,n,1,51.1,51.102,,0,,,51.102,51.104,,51.105,51.105,,0,8,8,8,1,cvmt/sample/s9.jpg,n,1.107,,,,,
,,1,135,1,2024-02-25_10h59.20.081,Memory and Syntax,2023.2.3,Win32,60.0240096,,,,,51.105,53.097,n,1,53.097,53.097,,0,,,53.097,53.097,,53.097,53.097,,0,9,9,9,1,cvmt/sample/s10.jpg,n,0.656,,,,,
,,1,135,1,2024-02-25_10h59.20.081,Memory and Syntax,2023.2.3,Win32,60.0240096,,,,,53.098,55.086,o,1,55.086,55.086,,0,,,55.086,55.087,,55.087,115.147,c,0,10,10,10,1,cvmt/sample/s11.jpg,o,0.925,,,,60.028,
,,1,135,1,2024-02-25_10h59.20.081,Memory and Syntax,2023.2.3,Win32,60.0240096,,,115.15,118.991,120.289,121.007,,0,121.007,122.29,n,1,1.273,,122.29,122.293,,122.293,122.295,,0,0,0,0,1,cvmt/test_items/t1.jpeg,n,,,,,,
,,1,135,1,2024-02-25_10h59.20.081,Memory and Syntax,2023.2.3,Win32,60.0240096,,,,,122.295,124.289,n,1,124.289,124.289,,0,,,124.289,124.29,,124.29,124.29,,0,1,1,1,1,cvmt/test_items/t2.jpeg,n,1.231,,,,,