﻿ajt_sess,testSent,condition,word,img,audio,Session1.thisRepN,Session1.thisTrialN,Session1.thisN,Session1.thisIndex,Session2.thisRepN,Session2.thisTrialN,Session2.thisN,Session2.thisIndex,S2_engAJT_block.thisRepN,S2_engAJT_block.thisTrialN,S2_engAJT_block.thisN,S2_engAJT_block.thisIndex,s2_engAJT_trials.thisRepN,s2_engAJT_trials.thisTrialN,s2_engAJT_trials.thisN,s2_engAJT_trials.thisIndex,S2_vocabPhase.thisRepN,S2_vocabPhase.thisTrialN,S2_vocabPhase.thisN,S2_vocabPhase.thisIndex,S2_vocabRep.thisRepN,S2_vocabRep.thisTrialN,S2_vocabRep.thisN,S2_vocabRep.thisIndex,S2_vocabLearnTrials.thisRepN,S2_vocabLearnTrials.thisTrialN,S2_vocabLearnTrials.thisN,S2_vocabLearnTrials.thisIndex,S2_vocabTestTrials.thisRepN,S2_vocabTestTrials.thisTrialN,S2_vocabTestTrials.thisN,S2_vocabTestTrials.thisIndex,ajt_instr.started,start_ajt.started,progress_bar1.started,progress_bar2.started,progress_bar_txt.started,start_ajt.keys,start_ajt.rt,start_ajt.duration,eng_ajt_sent.started,acceptability.started,acceptability.response,acceptability.rt,brocanto_story.started,start_brocanto.started,vocab_learn_begin.started,vocab_text.started,key_resp.started,vocab_image.started,S2_vrepeat.started,S2_vrepeat_key_resp.started,S2_vrepeat_key_resp.keys,S2_vrepeat_key_resp.rt,S2_vrepeat_key_resp.duration,vtest_instr_text.started,vtest_begin.started,answerbox.started,S2_vocabTest_resp,S2_vocabTest_rts,S2_vtest_key_resp.started,S2_vtest_text.started,S2_vtest_img.started,Sona ID,Experiment ID,Session,date,expName,psychopyVersion,frameRate,
2,Frightened Seth the eerie sound.,WOV,,,,,,,,0,0,0,0,0,0,0,0,0,0,0,1,,,,,,,,,,,,,,,,,24.036470874969382,24.036470874969382,24.036470874969382,24.036470874969382,24.036470874969382,space,2.8876847909996286,None,26.97951379098231,26.97951379098231,4.0,2.002421166980639,,,,,,,,,,,,,,,,,,,,1,1,pilot,2024-01-11_16h47.59.740,Memory and Syntax,2023.1.3,None,
2,Wrote she a poem her boyfriend.,WOV,,,,,,,,0,0,0,0,0,0,0,0,0,1,1,27,,,,,,,,,,,,,,,,,,,,,,,,,28.984357415989507,28.984357415989507,4.0,0.544278041983489,,,,,,,,,,,,,,,,,,,,1,1,pilot,2024-01-11_16h47.59.740,Memory and Syntax,2023.1.3,None,
2,"Around 3, the dog was wounded.",AS ,,,,,,,,0,0,0,0,0,0,0,0,0,2,2,6,,,,,,,,,,,,,,,,,,,,,,,,,29.551230249984656,29.551230249984656,4.0,0.510712459043134,,,,,,,,,,,,,,,,,,,,1,1,pilot,2024-01-11_16h47.59.740,Memory and Syntax,2023.1.3,None,
2,There has been a man considered violent.,filler,,,,,,,,0,0,0,0,0,0,0,0,0,3,3,5,,,,,,,,,,,,,,,,,,,,,,,,,30.08554733300116,30.08554733300116,4.0,0.12692170799709857,,,,,,,,,,,,,,,,,,,,1,1,pilot,2024-01-11_16h47.59.740,Memory and Syntax,2023.1.3,None,
2,I told Mandy who would win the election.,filler,,,,,,,,0,0,0,0,0,0,0,0,0,4,4,28,,,,,,,,,,,,,,,,,,,,,,,,,30.224208124971483,30.224208124971483,4.0,0.144307334034238,,,,,,,,,,,,,,,,,,,,1,1,pilot,2024-01-11_16h47.59.740,Memory and Syntax,2023.1.3,None,
2,Mary was confused around the porch.,AS,,,,,,,,0,0,0,0,0,0,0,0,0,5,5,9,,,,,,,,,,,,,,,,,,,,,,,,,30.380828999972437,30.380828999972437,4.0,0.15462362504331395,,,,,,,,,,,,,,,,,,,,1,1,pilot,2024-01-11_16h47.59.740,Memory and Syntax,2023.1.3,None,
2,"Arty is sick, and Mark is too.",filler,,,,,,,,0,0,0,0,0,0,0,0,0,6,6,10,,,,,,,,,,,,,,,,,,,,,,,,,30.546892040991224,30.546892040991224,3.0,0.887511957960669,,,,,,,,,,,,,,,,,,,,1,1,pilot,2024-01-11_16h47.59.740,Memory and Syntax,2023.1.3,None,
2,He seems to that Kim solved the problem.,filler,,,,,,,,0,0,0,0,0,0,0,0,0,7,7,21,,,,,,,,,,,,,,,,,,,,,,,,,31.447113791015,31.447113791015,3.0,0.16356254101265222,,,,,,,,,,,,,,,,,,,,1,1,pilot,2024-01-11_16h47.59.740,Memory and Syntax,2023.1.3,None,
2,You don't get a drink or a bite.,WO,,,,,,,,0,0,0,0,0,0,0,0,0,8,8,19,,,,,,,,,,,,,,,,,,,,,,,,,31.633674957964104,31.633674957964104,3.0,0.14539879199583083,,,,,,,,,,,,,,,,,,,,1,1,pilot,2024-01-11_16h47.59.740,Memory and Syntax,2023.1.3,None,
2,I cried myself.,ASV,,,,,,,,0,0,0,0,0,0,0,0,0,9,9,12,,,,,,,,,,,,,,,,,,,,,,,,,31.799402875010855,31.799402875010855,4.9,0.9119872090523131,,,,,,,,,,,,,,,,,,,,1,1,pilot,2024-01-11_16h47.59.740,Memory and Syntax,2023.1.3,None,
2,Carla appears to have graduated high school.,filler,,,,,,,,0,0,0,0,0,0,0,0,0,10,10,7,,,,,,,,,,,,,,,,,,,,,,,,,32.72115333296824,32.72115333296824,4.9,0.16490783303743228,,,,,,,,,,,,,,,,,,,,1,1,pilot,2024-01-11_16h47.59.740,Memory and Syntax,2023.1.3,None,
2,It is important for one to sleep regularly.,filler,,,,,,,,0,0,0,0,0,0,0,0,0,11,11,29,,,,,,,,,,,,,,,,,,,,,,,,,32.89979458297603,32.89979458297603,4.9,0.16079995897598565,,,,,,,,,,,,,,,,,,,,1,1,pilot,2024-01-11_16h47.59.740,Memory and Syntax,2023.1.3,None,
2,Tried Sam to win.,WOV,,,,,,,,0,0,0,0,0,0,0,0,0,12,12,16,,,,,,,,,,,,,,,,,,,,,,,,,33.0712470409926,33.0712470409926,4.9,0.31835329200839624,,,,,,,,,,,,,,,,,,,,1,1,pilot,2024-01-11_16h47.59.740,Memory and Syntax,2023.1.3,None,
2,"By thinking of food, the cat got excited.",AS,,,,,,,,0,0,0,0,0,0,0,0,0,13,13,11,,,,,,,,,,,,,,,,,,,,,,,,,33.406324540963396,33.406324540963396,4.9,0.17936645803274587,,,,,,,,,,,,,,,,,,,,1,1,pilot,2024-01-11_16h47.59.740,Memory and Syntax,2023.1.3,None,
2,"Around 3, the dog wounded.",ASV,,,,,,,,0,0,0,0,0,0,0,0,0,14,14,18,,,,,,,,,,,,,,,,,,,,,,,,,33.597788999963086,33.597788999963086,4.9,0.13744720799149945,,,,,,,,,,,,,,,,,,,,1,1,pilot,2024-01-11_16h47.59.740,Memory and Syntax,2023.1.3,None,
2,Brittnary touched plenty of.,filler,,,,,,,,0,0,0,0,0,0,0,0,0,15,15,4,,,,,,,,,,,,,,,,,,,,,,,,,33.74814808298834,33.74814808298834,4.9,0.16302170796552673,,,,,,,,,,,,,,,,,,,,1,1,pilot,2024-01-11_16h47.59.740,Memory and Syntax,2023.1.3,None,
2,"At the party, he ran himself.",ASV,,,,,,,,0,0,0,0,0,0,0,0,0,16,16,22,,,,,,,,,,,,,,,,,,,,,,,,,33.92202245799126,33.92202245799126,4.9,0.17145441699540243,,,,,,,,,,,,,,,,,,,,1,1,pilot,2024-01-11_16h47.59.740,Memory and Syntax,2023.1.3,None,
2,Flooded John intentionally the room.,WOV,,,,,,,,0,0,0,0,0,0,0,0,0,17,17,24,,,,,,,,,,,,,,,,,,,,,,,,,34.10607241600519,34.10607241600519,4.9,0.17124408402014524,,,,,,,,,,,,,,,,,,,,1,1,pilot,2024-01-11_16h47.59.740,Memory and Syntax,2023.1.3,None,
2,It seems to him that Kim solved the problem.,filler,,,,,,,,0,0,0,0,0,0,0,0,0,18,18,25,,,,,,,,,,,,,,,,,,,,,,,,,34.28898070799187,34.28898070799187,6.0,0.5883355000405572,,,,,,,,,,,,,,,,,,,,1,1,pilot,2024-01-11_16h47.59.740,Memory and Syntax,2023.1.3,None,
2,Mary confused around the porch.,ASV,,,,,,,,0,0,0,0,0,0,0,0,0,19,19,14,,,,,,,,,,,,,,,,,,,,,,,,,34.900177375006024,34.900177375006024,6.0,0.12886325002182275,,,,,,,,,,,,,,,,,,,,1,1,pilot,2024-01-11_16h47.59.740,Memory and Syntax,2023.1.3,None,
2,The eerie sound frightened Seth.,WOV,,,,,,,,0,0,0,0,0,0,0,0,0,20,20,0,,,,,,,,,,,,,,,,,,,,,,,,,35.0414490000112,35.0414490000112,6.0,0.16112962504848838,,,,,,,,,,,,,,,,,,,,1,1,pilot,2024-01-11_16h47.59.740,Memory and Syntax,2023.1.3,None,
2,"Arty is sick, and Mark does so too.",filler,,,,,,,,0,0,0,0,0,0,0,0,0,21,21,15,,,,,,,,,,,,,,,,,,,,,,,,,35.213961375004146,35.213961375004146,6.0,0.16413124999962747,,,,,,,,,,,,,,,,,,,,1,1,pilot,2024-01-11_16h47.59.740,Memory and Syntax,2023.1.3,None,
2,Brittany attempted to touch the porcupine.,filler,,,,,,,,0,0,0,0,0,0,0,0,0,22,22,17,,,,,,,,,,,,,,,,,,,,,,,,,35.39072700001998,35.39072700001998,6.0,0.17831562500214204,,,,,,,,,,,,,,,,,,,,1,1,pilot,2024-01-11_16h47.59.740,Memory and Syntax,2023.1.3,None,
2,Carla was hoped to graduate high school.,filler,,,,,,,,0,0,0,0,0,0,0,0,0,23,23,2,,,,,,,,,,,,,,,,,,,,,,,,,35.58083424996585,35.58083424996585,6.0,0.1631546250428073,,,,,,,,,,,,,,,,,,,,1,1,pilot,2024-01-11_16h47.59.740,Memory and Syntax,2023.1.3,None,
2,She laughed herself at the comedy show.,ASV,,,,,,,,0,0,0,0,0,0,0,0,0,24,24,8,,,,,,,,,,,,,,,,,,,,,,,,,35.75550020800438,35.75550020800438,1.0,0.9715906250057742,,,,,,,,,,,,,,,,,,,,1,1,pilot,2024-01-11_16h47.59.740,Memory and Syntax,2023.1.3,None,
2,The banquet will be a disaster.,WO ,,,,,,,,0,0,0,0,0,0,0,0,0,25,25,3,,,,,,,,,,,,,,,,,,,,,,,,,36.73918233299628,36.73918233299628,1.0,0.1462452919804491,,,,,,,,,,,,,,,,,,,,1,1,pilot,2024-01-11_16h47.59.740,Memory and Syntax,2023.1.3,None,
2,There has been considered a man violent.,filler,,,,,,,,0,0,0,0,0,0,0,0,0,26,26,20,,,,,,,,,,,,,,,,,,,,,,,,,36.89792091597337,36.89792091597337,1.0,0.18683679105015472,,,,,,,,,,,,,,,,,,,,1,1,pilot,2024-01-11_16h47.59.740,Memory and Syntax,2023.1.3,None,
2,I cried.,AS,,,,,,,,0,0,0,0,0,0,0,0,0,27,27,26,,,,,,,,,,,,,,,,,,,,,,,,,37.09678708296269,37.09678708296269,1.0,0.16415725002298132,,,,,,,,,,,,,,,,,,,,1,1,pilot,2024-01-11_16h47.59.740,Memory and Syntax,2023.1.3,None,
2,Swam she at least thirty miles.,WOV,,,,,,,,0,0,0,0,0,0,0,0,0,28,28,23,,,,,,,,,,,,,,,,,,,,,,,,,37.271697749965824,37.271697749965824,1.0,0.1639360830304213,,,,,,,,,,,,,,,,,,,,1,1,pilot,2024-01-11_16h47.59.740,Memory and Syntax,2023.1.3,None,
2,Sam tried to win.,WO,,,,,,,,0,0,0,0,0,0,0,0,0,29,29,13,,,,,,,,,,,,,,,,,,,,,,,,,37.446516625001095,37.446516625001095,1.0,0.19744654098758474,,,,,,,,,,,,,,,,,,,,1,1,pilot,2024-01-11_16h47.59.740,Memory and Syntax,2023.1.3,None,
,,,lu troise,brocanto/stims/to_use/janitor2.jpg,None,,,,,0,0,0,0,,,,,,,,,0,0,0,0,0,0,0,0,0,0,0,4,,,,,,,,,,,,,,,,,37.65212387498468,37.65212387498468,38.736643540963996,39.460985207988415,39.460985207988415,39.460985207988415,,,,,,,,,,,,,,1,1,pilot,2024-01-11_16h47.59.740,Memory and Syntax,2023.1.3,None,
,,,lu vode,brocanto/stims/to_use/chef1.jpg,None,,,,,0,0,0,0,,,,,,,,,0,0,0,0,0,0,0,0,0,1,1,3,,,,,,,,,,,,,,,,,,,,40.67285858298419,40.67285858298419,40.67285858298419,,,,,,,,,,,,,,1,1,pilot,2024-01-11_16h47.59.740,Memory and Syntax,2023.1.3,None,
,,,lu blom,brocanto/stims/to_use/firefighter3.jpg,None,,,,,0,0,0,0,,,,,,,,,0,0,0,0,0,0,0,0,0,2,2,2,,,,,,,,,,,,,,,,,,,,40.86204387497855,40.86204387497855,40.86204387497855,,,,,,,,,,,,,,1,1,pilot,2024-01-11_16h47.59.740,Memory and Syntax,2023.1.3,None,
,,,lu pleck,brocanto/stims/to_use/mechanic1.jpg,brocanto/stims/audio/abril_lu_pleck.wav,,,,,0,0,0,0,,,,,,,,,0,0,0,0,0,0,0,0,0,3,3,0,,,,,,,,,,,,,,,,,,,,41.08214112499263,41.08214112499263,41.08214112499263,,,,,,,,,,,,,,1,1,pilot,2024-01-11_16h47.59.740,Memory and Syntax,2023.1.3,None,
,,,lu neimo,brocanto/stims/to_use/pilot3.jpg,None,,,,,0,0,0,0,,,,,,,,,0,0,0,0,0,0,0,0,0,4,4,5,,,,,,,,,,,,,,,,,,,,41.31519145797938,41.31519145797938,41.31519145797938,,,,,,,,,,,,,,1,1,pilot,2024-01-11_16h47.59.740,Memory and Syntax,2023.1.3,None,
,,,lu neep,brocanto/stims/to_use/doctor2.png,None,,,,,0,0,0,0,,,,,,,,,0,0,0,0,0,0,0,0,0,5,5,1,,,,,,,,,,,,,,,,,,,,41.58416412497172,41.58416412497172,41.58416412497172,,,,,,,,,,,,,,1,1,pilot,2024-01-11_16h47.59.740,Memory and Syntax,2023.1.3,None,
,,,lu vode,brocanto/stims/to_use/chef1.jpg,None,,,,,0,0,0,0,,,,,,,,,0,0,0,0,0,0,0,0,1,0,6,3,,,,,,,,,,,,,,,,,,,,41.81961850001244,41.81961850001244,41.81961850001244,,,,,,,,,,,,,,1,1,pilot,2024-01-11_16h47.59.740,Memory and Syntax,2023.1.3,None,
,,,lu neimo,brocanto/stims/to_use/pilot3.jpg,None,,,,,0,0,0,0,,,,,,,,,0,0,0,0,0,0,0,0,1,1,7,5,,,,,,,,,,,,,,,,,,,,42.252455374982674,42.252455374982674,42.252455374982674,,,,,,,,,,,,,,1,1,pilot,2024-01-11_16h47.59.740,Memory and Syntax,2023.1.3,None,
,,,lu neep,brocanto/stims/to_use/doctor2.png,None,,,,,0,0,0,0,,,,,,,,,0,0,0,0,0,0,0,0,1,2,8,1,,,,,,,,,,,,,,,,,,,,42.53054725000402,42.53054725000402,42.53054725000402,,,,,,,,,,,,,,1,1,pilot,2024-01-11_16h47.59.740,Memory and Syntax,2023.1.3,None,
,,,lu troise,brocanto/stims/to_use/janitor2.jpg,None,,,,,0,0,0,0,,,,,,,,,0,0,0,0,0,0,0,0,1,3,9,4,,,,,,,,,,,,,,,,,,,,43.21711124997819,43.21711124997819,43.21711124997819,,,,,,,,,,,,,,1,1,pilot,2024-01-11_16h47.59.740,Memory and Syntax,2023.1.3,None,
,,,lu pleck,brocanto/stims/to_use/mechanic1.jpg,brocanto/stims/audio/abril_lu_pleck.wav,,,,,0,0,0,0,,,,,,,,,0,0,0,0,0,0,0,0,1,4,10,0,,,,,,,,,,,,,,,,,,,,43.680426125007216,43.680426125007216,43.680426125007216,,,,,,,,,,,,,,1,1,pilot,2024-01-11_16h47.59.740,Memory and Syntax,2023.1.3,None,
,,,lu blom,brocanto/stims/to_use/firefighter3.jpg,None,,,,,0,0,0,0,,,,,,,,,0,0,0,0,0,0,0,0,1,5,11,2,,,,,,,,,,,,,,,,,,,,43.99808770796517,43.99808770796517,43.99808770796517,,,,,,,,,,,,,,1,1,pilot,2024-01-11_16h47.59.740,Memory and Syntax,2023.1.3,None,
,,,,,,,,,,,,,,,,,,,,,,,,,,,,,,,,,,,,,,,,,,,,,,,,,,,,,,,,44.5450573330163,44.5450573330163,r,1.3553747489931993,None,45.915970999980345,45.915970999980345,46.920925249985885,Type response now,[],46.920925249985885,46.920925249985885,46.920925249985885,,,,,,,,
