﻿ajt_sess,testSent,condition,word,img,audio,sentence,Session1.thisRepN,Session1.thisTrialN,Session1.thisN,Session1.thisIndex,Session2.thisRepN,Session2.thisTrialN,Session2.thisN,Session2.thisIndex,S2_engAJT_block.thisRepN,S2_engAJT_block.thisTrialN,S2_engAJT_block.thisN,S2_engAJT_block.thisIndex,s2_engAJT_trials.thisRepN,s2_engAJT_trials.thisTrialN,s2_engAJT_trials.thisN,s2_engAJT_trials.thisIndex,S2_vocabPhase.thisRepN,S2_vocabPhase.thisTrialN,S2_vocabPhase.thisN,S2_vocabPhase.thisIndex,S2_vocabRep.thisRepN,S2_vocabRep.thisTrialN,S2_vocabRep.thisN,S2_vocabRep.thisIndex,S2_vocabLearnTrials.thisRepN,S2_vocabLearnTrials.thisTrialN,S2_vocabLearnTrials.thisN,S2_vocabLearnTrials.thisIndex,S2_vocabTestTrials.thisRepN,S2_vocabTestTrials.thisTrialN,S2_vocabTestTrials.thisN,S2_vocabTestTrials.thisIndex,too_fast_punish.thisRepN,too_fast_punish.thisTrialN,too_fast_punish.thisN,too_fast_punish.thisIndex,S2_sentLearnTrials.thisRepN,S2_sentLearnTrials.thisTrialN,S2_sentLearnTrials.thisN,S2_sentLearnTrials.thisIndex,S2_sentPraxPhase.thisRepN,S2_sentPraxPhase.thisTrialN,S2_sentPraxPhase.thisN,S2_sentPraxPhase.thisIndex,s2_sentPrax_C,s2_sentPrax_P,s4_sentPrax_C,s4_sentPrax_P,s5_sentPrax_C,s5_sentPrax_P,s6_sentPrax_C,s6_sentPrax_P,S2_sentPraxC_block.thisRepN,S2_sentPraxC_block.thisTrialN,S2_sentPraxC_block.thisN,S2_sentPraxC_block.thisIndex,S2_sentPraxC_trials.thisRepN,S2_sentPraxC_trials.thisTrialN,S2_sentPraxC_trials.thisN,S2_sentPraxC_trials.thisIndex,target,foils,wordbank,ajt_instr.started,start_ajt.started,progress_bar1.started,progress_bar2.started,progress_bar_txt.started,start_ajt.keys,start_ajt.rt,start_ajt.duration,eng_ajt_sent.started,acceptability.started,acceptability.response,acceptability.rt,brocanto_story.started,start_brocanto.started,vocab_learn_begin.started,vocab_text.started,key_resp.started,vocab_image.started,S2_vrepeat.started,S2_vrepeat_key_resp.started,S2_vrepeat_key_resp.keys,S2_vrepeat_key_resp.rt,S2_vrepeat_key_resp.duration,vtest_instr_text.started,vtest_begin.started,answerbox.started,S2_vocabTest_resp,S2_vocabTest_rts,S2_vtest_key_resp.started,S2_vtest_text.started,S2_vtest_img.started,S2_vtest_key_resp.keys,S2_vtest_key_resp.rt,S2_vtest_key_resp.duration,S2_vtest_fb.started,S2_vtest_fb.stopped,S2_vtest_eval.started,S2_v_phase_end.started,S2_v_phase_end.keys,S2_v_phase_end.rt,S2_v_phase_end.duration,sent_learn_instr_text.started,sent_learn_begin.started,sent_learn_img.started,sent_text.started,sent_prax_instr_text.started,sent_prax_begin.started,sentPrax_C_instr_text.started,comp_target1.started,comp_target2.started,comp_target3.started,comp_target4.started,sentPrax_C_begin.started,blankITI.started,Sona ID,Experiment ID,Session,date,expName,psychopyVersion,frameRate,
2,"At the party, he ran himself.",ASV,,,,,,,,,0,0,0,0,0,0,0,0,0,0,0,22,,,,,,,,,,,,,,,,,,,,,,,,,,,,,,,,,,,,,,,,,,,,,,,,25.49507008306682,25.49507008306682,25.49507008306682,25.49507008306682,25.49507008306682,space,8.99135929113254,None,34.60496550006792,34.60496550006792,7.0,26.83139295806177,,,,,,,,,,,,,,,,,,,,,,,,,,,,,,,,,,,,,,,,,,,1,1,pilot,2023-11-03_12h38.14.459,Memory and Syntax,2023.1.3,None,
2,Wrote she a poem her boyfriend.,WOV,,,,,,,,,0,0,0,0,0,0,0,0,0,1,1,27,,,,,,,,,,,,,,,,,,,,,,,,,,,,,,,,,,,,,,,,,,,,,,,,,,,,,,,,61.42409054096788,61.42409054096788,1.0,5.629329874878749,,,,,,,,,,,,,,,,,,,,,,,,,,,,,,,,,,,,,,,,,,,1,1,pilot,2023-11-03_12h38.14.459,Memory and Syntax,2023.1.3,None,
2,I cried.,AS,,,,,,,,,0,0,0,0,0,0,0,0,0,2,2,26,,,,,,,,,,,,,,,,,,,,,,,,,,,,,,,,,,,,,,,,,,,,,,,,,,,,,,,,67.06475112494081,67.06475112494081,6.9,2.330175042152405,,,,,,,,,,,,,,,,,,,,,,,,,,,,,,,,,,,,,,,,,,,1,1,pilot,2023-11-03_12h38.14.459,Memory and Syntax,2023.1.3,None,
2,Mary confused around the porch.,ASV,,,,,,,,,0,0,0,0,0,0,0,0,0,3,3,14,,,,,,,,,,,,,,,,,,,,,,,,,,,,,,,,,,,,,,,,,,,,,,,,,,,,,,,,69.40766054089181,69.40766054089181,1.1,2.8547329171560705,,,,,,,,,,,,,,,,,,,,,,,,,,,,,,,,,,,,,,,,,,,1,1,pilot,2023-11-03_12h38.14.459,Memory and Syntax,2023.1.3,None,
2,It is important for one to sleep regularly.,filler,,,,,,,,,0,0,0,0,0,0,0,0,0,4,4,29,,,,,,,,,,,,,,,,,,,,,,,,,,,,,,,,,,,,,,,,,,,,,,,,,,,,,,,,72.27524299989454,72.27524299989454,7.0,2.6209568749181926,,,,,,,,,,,,,,,,,,,,,,,,,,,,,,,,,,,,,,,,,,,1,1,pilot,2023-11-03_12h38.14.459,Memory and Syntax,2023.1.3,None,
2,I cried myself.,ASV,,,,,,,,,0,0,0,0,0,0,0,0,0,5,5,12,,,,,,,,,,,,,,,,,,,,,,,,,,,,,,,,,,,,,,,,,,,,,,,,,,,,,,,,74.90548299998045,74.90548299998045,2.0,3.574219665955752,,,,,,,,,,,,,,,,,,,,,,,,,,,,,,,,,,,,,,,,,,,1,1,pilot,2023-11-03_12h38.14.459,Memory and Syntax,2023.1.3,None,
2,"Around 3, the dog wounded.",ASV,,,,,,,,,0,0,0,0,0,0,0,0,0,6,6,18,,,,,,,,,,,,,,,,,,,,,,,,,,,,,,,,,,,,,,,,,,,,,,,,,,,,,,,,78.50194841600023,78.50194841600023,1.0,2.778282916173339,,,,,,,,,,,,,,,,,,,,,,,,,,,,,,,,,,,,,,,,,,,1,1,pilot,2023-11-03_12h38.14.459,Memory and Syntax,2023.1.3,None,
2,"By thinking of food, the cat got excited.",AS,,,,,,,,,0,0,0,0,0,0,0,0,0,7,7,11,,,,,,,,,,,,,,,,,,,,,,,,,,,,,,,,,,,,,,,,,,,,,,,,,,,,,,,,81.29021379095502,81.29021379095502,7.0,4.145759999984875,,,,,,,,,,,,,,,,,,,,,,,,,,,,,,,,,,,,,,,,,,,1,1,pilot,2023-11-03_12h38.14.459,Memory and Syntax,2023.1.3,None,
2,Brittnary touched plenty of.,filler,,,,,,,,,0,0,0,0,0,0,0,0,0,8,8,4,,,,,,,,,,,,,,,,,,,,,,,,,,,,,,,,,,,,,,,,,,,,,,,,,,,,,,,,85.44814749993384,85.44814749993384,7.0,11.464965917170048,,,,,,,,,,,,,,,,,,,,,,,,,,,,,,,,,,,,,,,,,,,1,1,pilot,2023-11-03_12h38.14.459,Memory and Syntax,2023.1.3,None,
2,The banquet will be a disaster.,WO ,,,,,,,,,0,0,0,0,0,0,0,0,0,9,9,3,,,,,,,,,,,,,,,,,,,,,,,,,,,,,,,,,,,,,,,,,,,,,,,,,,,,,,,,96.92746266606264,96.92746266606264,7.0,2.2094763750210404,,,,,,,,,,,,,,,,,,,,,,,,,,,,,,,,,,,,,,,,,,,1,1,pilot,2023-11-03_12h38.14.459,Memory and Syntax,2023.1.3,None,
2,She laughed herself at the comedy show.,ASV,,,,,,,,,0,0,0,0,0,0,0,0,0,10,10,8,,,,,,,,,,,,,,,,,,,,,,,,,,,,,,,,,,,,,,,,,,,,,,,,,,,,,,,,99.14901349996217,99.14901349996217,7.0,5.2965253330767155,,,,,,,,,,,,,,,,,,,,,,,,,,,,,,,,,,,,,,,,,,,1,1,pilot,2023-11-03_12h38.14.459,Memory and Syntax,2023.1.3,None,
2,It seems to him that Kim solved the problem.,filler,,,,,,,,,0,0,0,0,0,0,0,0,0,11,11,25,,,,,,,,,,,,,,,,,,,,,,,,,,,,,,,,,,,,,,,,,,,,,,,,,,,,,,,,104.45656041591428,104.45656041591428,2.9,3.6054175419267267,,,,,,,,,,,,,,,,,,,,,,,,,,,,,,,,,,,,,,,,,,,1,1,pilot,2023-11-03_12h38.14.459,Memory and Syntax,2023.1.3,None,
2,You don't get a drink or a bite.,WO,,,,,,,,,0,0,0,0,0,0,0,0,0,12,12,19,,,,,,,,,,,,,,,,,,,,,,,,,,,,,,,,,,,,,,,,,,,,,,,,,,,,,,,,108.07493558293208,108.07493558293208,6.9,2.320989708881825,,,,,,,,,,,,,,,,,,,,,,,,,,,,,,,,,,,,,,,,,,,1,1,pilot,2023-11-03_12h38.14.459,Memory and Syntax,2023.1.3,None,
2,There has been considered a man violent.,filler,,,,,,,,,0,0,0,0,0,0,0,0,0,13,13,20,,,,,,,,,,,,,,,,,,,,,,,,,,,,,,,,,,,,,,,,,,,,,,,,,,,,,,,,110.40638850000687,110.40638850000687,1.0,5.005742957815528,,,,,,,,,,,,,,,,,,,,,,,,,,,,,,,,,,,,,,,,,,,1,1,pilot,2023-11-03_12h38.14.459,Memory and Syntax,2023.1.3,None,
2,There has been a man considered violent.,filler,,,,,,,,,0,0,0,0,0,0,0,0,0,14,14,5,,,,,,,,,,,,,,,,,,,,,,,,,,,,,,,,,,,,,,,,,,,,,,,,,,,,,,,,115.42272587493062,115.42272587493062,6.9,2.09687904198654,,,,,,,,,,,,,,,,,,,,,,,,,,,,,,,,,,,,,,,,,,,1,1,pilot,2023-11-03_12h38.14.459,Memory and Syntax,2023.1.3,None,
2,Flooded John intentionally the room.,WOV,,,,,,,,,0,0,0,0,0,0,0,0,0,15,15,24,,,,,,,,,,,,,,,,,,,,,,,,,,,,,,,,,,,,,,,,,,,,,,,,,,,,,,,,117.53247666591778,117.53247666591778,2.0,2.0196964158676565,,,,,,,,,,,,,,,,,,,,,,,,,,,,,,,,,,,,,,,,,,,1,1,pilot,2023-11-03_12h38.14.459,Memory and Syntax,2023.1.3,None,
2,Mary was confused around the porch.,AS,,,,,,,,,0,0,0,0,0,0,0,0,0,16,16,9,,,,,,,,,,,,,,,,,,,,,,,,,,,,,,,,,,,,,,,,,,,,,,,,,,,,,,,,119.56439654086716,119.56439654086716,7.0,1.3647828749381006,,,,,,,,,,,,,,,,,,,,,,,,,,,,,,,,,,,,,,,,,,,1,1,pilot,2023-11-03_12h38.14.459,Memory and Syntax,2023.1.3,None,
2,"Arty is sick, and Mark does so too.",filler,,,,,,,,,0,0,0,0,0,0,0,0,0,17,17,15,,,,,,,,,,,,,,,,,,,,,,,,,,,,,,,,,,,,,,,,,,,,,,,,,,,,,,,,120.95215991605073,120.95215991605073,1.0,1.4112189169973135,,,,,,,,,,,,,,,,,,,,,,,,,,,,,,,,,,,,,,,,,,,1,1,pilot,2023-11-03_12h38.14.459,Memory and Syntax,2023.1.3,None,
2,Brittany attempted to touch the porcupine.,filler,,,,,,,,,0,0,0,0,0,0,0,0,0,18,18,17,,,,,,,,,,,,,,,,,,,,,,,,,,,,,,,,,,,,,,,,,,,,,,,,,,,,,,,,122.37298908294179,122.37298908294179,6.9,1.039031167048961,,,,,,,,,,,,,,,,,,,,,,,,,,,,,,,,,,,,,,,,,,,1,1,pilot,2023-11-03_12h38.14.459,Memory and Syntax,2023.1.3,None,
2,Sam tried to win.,WO,,,,,,,,,0,0,0,0,0,0,0,0,0,19,19,13,,,,,,,,,,,,,,,,,,,,,,,,,,,,,,,,,,,,,,,,,,,,,,,,,,,,,,,,123.42200595792383,123.42200595792383,5.0,0.7916639591567218,,,,,,,,,,,,,,,,,,,,,,,,,,,,,,,,,,,,,,,,,,,1,1,pilot,2023-11-03_12h38.14.459,Memory and Syntax,2023.1.3,None,
2,Carla was hoped to graduate high school.,filler,,,,,,,,,0,0,0,0,0,0,0,0,0,20,20,2,,,,,,,,,,,,,,,,,,,,,,,,,,,,,,,,,,,,,,,,,,,,,,,,,,,,,,,,124.22925541596487,124.22925541596487,2.9,1.1013064589351416,,,,,,,,,,,,,,,,,,,,,,,,,,,,,,,,,,,,,,,,,,,1,1,pilot,2023-11-03_12h38.14.459,Memory and Syntax,2023.1.3,None,
2,"Arty is sick, and Mark is too.",filler,,,,,,,,,0,0,0,0,0,0,0,0,0,21,21,10,,,,,,,,,,,,,,,,,,,,,,,,,,,,,,,,,,,,,,,,,,,,,,,,,,,,,,,,125.34158700006083,125.34158700006083,6.0,0.6210977078881115,,,,,,,,,,,,,,,,,,,,,,,,,,,,,,,,,,,,,,,,,,,1,1,pilot,2023-11-03_12h38.14.459,Memory and Syntax,2023.1.3,None,
2,I told Mandy who would win the election.,filler,,,,,,,,,0,0,0,0,0,0,0,0,0,22,22,28,,,,,,,,,,,,,,,,,,,,,,,,,,,,,,,,,,,,,,,,,,,,,,,,,,,,,,,,125.97275249985978,125.97275249985978,6.0,0.2902121660299599,,,,,,,,,,,,,,,,,,,,,,,,,,,,,,,,,,,,,,,,,,,1,1,pilot,2023-11-03_12h38.14.459,Memory and Syntax,2023.1.3,None,
2,"Around 3, the dog was wounded.",AS ,,,,,,,,,0,0,0,0,0,0,0,0,0,23,23,6,,,,,,,,,,,,,,,,,,,,,,,,,,,,,,,,,,,,,,,,,,,,,,,,,,,,,,,,126.28479720791802,126.28479720791802,6.0,0.10533649986609817,,,,,,,,,,,,,,,,,,,,,,,,,,,,,,,,,,,,,,,,,,,1,1,pilot,2023-11-03_12h38.14.459,Memory and Syntax,2023.1.3,None,
2,Tried Sam to win.,WOV,,,,,,,,,0,0,0,0,0,0,0,0,0,24,24,16,,,,,,,,,,,,,,,,,,,,,,,,,,,,,,,,,,,,,,,,,,,,,,,,,,,,,,,,126.40367491589859,126.40367491589859,6.0,0.12711674999445677,,,,,,,,,,,,,,,,,,,,,,,,,,,,,,,,,,,,,,,,,,,1,1,pilot,2023-11-03_12h38.14.459,Memory and Syntax,2023.1.3,None,
2,Swam she at least thirty miles.,WOV,,,,,,,,,0,0,0,0,0,0,0,0,0,25,25,23,,,,,,,,,,,,,,,,,,,,,,,,,,,,,,,,,,,,,,,,,,,,,,,,,,,,,,,,126.54029429098591,126.54029429098591,6.0,0.13015608303248882,,,,,,,,,,,,,,,,,,,,,,,,,,,,,,,,,,,,,,,,,,,1,1,pilot,2023-11-03_12h38.14.459,Memory and Syntax,2023.1.3,None,
2,Frightened Seth the eerie sound.,WOV,,,,,,,,,0,0,0,0,0,0,0,0,0,26,26,1,,,,,,,,,,,,,,,,,,,,,,,,,,,,,,,,,,,,,,,,,,,,,,,,,,,,,,,,126.68283166596666,126.68283166596666,6.0,0.1298376249615103,,,,,,,,,,,,,,,,,,,,,,,,,,,,,,,,,,,,,,,,,,,1,1,pilot,2023-11-03_12h38.14.459,Memory and Syntax,2023.1.3,None,
2,The eerie sound frightened Seth.,WOV,,,,,,,,,0,0,0,0,0,0,0,0,0,27,27,0,,,,,,,,,,,,,,,,,,,,,,,,,,,,,,,,,,,,,,,,,,,,,,,,,,,,,,,,126.82399595808238,126.82399595808238,6.0,0.10501983319409192,,,,,,,,,,,,,,,,,,,,,,,,,,,,,,,,,,,,,,,,,,,1,1,pilot,2023-11-03_12h38.14.459,Memory and Syntax,2023.1.3,None,
2,He seems to that Kim solved the problem.,filler,,,,,,,,,0,0,0,0,0,0,0,0,0,28,28,21,,,,,,,,,,,,,,,,,,,,,,,,,,,,,,,,,,,,,,,,,,,,,,,,,,,,,,,,126.9409516248852,126.9409516248852,6.0,0.12883191602304578,,,,,,,,,,,,,,,,,,,,,,,,,,,,,,,,,,,,,,,,,,,1,1,pilot,2023-11-03_12h38.14.459,Memory and Syntax,2023.1.3,None,
2,Carla appears to have graduated high school.,filler,,,,,,,,,0,0,0,0,0,0,0,0,0,29,29,7,,,,,,,,,,,,,,,,,,,,,,,,,,,,,,,,,,,,,,,,,,,,,,,,,,,,,,,,127.08249058295041,127.08249058295041,6.0,0.11389170796610415,,,,,,,,,,,,,,,,,,,,,,,,,,,,,,,,,,,,,,,,,,,1,1,pilot,2023-11-03_12h38.14.459,Memory and Syntax,2023.1.3,None,
,,,lu neimo,brocanto/stims/to_use/pilot3.jpg,None,,,,,,0,0,0,0,,,,,,,,,0,0,0,0,0,0,0,0,0,0,0,5,,,,,,,,,,,,,,,,,,,,,,,,,,,,,,,,,,,,,,,,,,,,,,,,127.20381120801903,127.20381120801903,130.55163329094648,132.07072545797564,132.07072545797564,132.07072545797564,,,,,,,,,,,,,,,,,,,,,,,,,,,,,,,,,,,,,1,1,pilot,2023-11-03_12h38.14.459,Memory and Syntax,2023.1.3,None,
,,,lu troise,brocanto/stims/to_use/janitor2.jpg,None,,,,,,0,0,0,0,,,,,,,,,0,0,0,0,0,0,0,0,0,1,1,4,,,,,,,,,,,,,,,,,,,,,,,,,,,,,,,,,,,,,,,,,,,,,,,,,,,138.82888654107228,138.82888654107228,138.82888654107228,,,,,,,,,,,,,,,,,,,,,,,,,,,,,,,,,,,,,1,1,pilot,2023-11-03_12h38.14.459,Memory and Syntax,2023.1.3,None,
,,,lu blom,brocanto/stims/to_use/firefighter3.jpg,None,,,,,,0,0,0,0,,,,,,,,,0,0,0,0,0,0,0,0,0,2,2,2,,,,,,,,,,,,,,,,,,,,,,,,,,,,,,,,,,,,,,,,,,,,,,,,,,,140.62434354098514,140.62434354098514,140.62434354098514,,,,,,,,,,,,,,,,,,,,,,,,,,,,,,,,,,,,,1,1,pilot,2023-11-03_12h38.14.459,Memory and Syntax,2023.1.3,None,
,,,lu vode,brocanto/stims/to_use/chef1.jpg,None,,,,,,0,0,0,0,,,,,,,,,0,0,0,0,0,0,0,0,0,3,3,3,,,,,,,,,,,,,,,,,,,,,,,,,,,,,,,,,,,,,,,,,,,,,,,,,,,141.10319658298977,141.10319658298977,141.10319658298977,,,,,,,,,,,,,,,,,,,,,,,,,,,,,,,,,,,,,1,1,pilot,2023-11-03_12h38.14.459,Memory and Syntax,2023.1.3,None,
,,,lu neep,brocanto/stims/to_use/doctor2.png,None,,,,,,0,0,0,0,,,,,,,,,0,0,0,0,0,0,0,0,0,4,4,1,,,,,,,,,,,,,,,,,,,,,,,,,,,,,,,,,,,,,,,,,,,,,,,,,,,141.49785637506284,141.49785637506284,141.49785637506284,,,,,,,,,,,,,,,,,,,,,,,,,,,,,,,,,,,,,1,1,pilot,2023-11-03_12h38.14.459,Memory and Syntax,2023.1.3,None,
,,,lu pleck,brocanto/stims/to_use/mechanic1.jpg,brocanto/stims/audio/abril_lu_pleck.wav,,,,,,0,0,0,0,,,,,,,,,0,0,0,0,0,0,0,0,0,5,5,0,,,,,,,,,,,,,,,,,,,,,,,,,,,,,,,,,,,,,,,,,,,,,,,,,,,141.73021129099652,141.73021129099652,141.73021129099652,,,,,,,,,,,,,,,,,,,,,,,,,,,,,,,,,,,,,1,1,pilot,2023-11-03_12h38.14.459,Memory and Syntax,2023.1.3,None,
,,,lu pleck,brocanto/stims/to_use/mechanic1.jpg,brocanto/stims/audio/abril_lu_pleck.wav,,,,,,0,0,0,0,,,,,,,,,0,0,0,0,0,0,0,0,1,0,6,0,,,,,,,,,,,,,,,,,,,,,,,,,,,,,,,,,,,,,,,,,,,,,,,,,,,141.98164383298717,141.98164383298717,141.98164383298717,,,,,,,,,,,,,,,,,,,,,,,,,,,,,,,,,,,,,1,1,pilot,2023-11-03_12h38.14.459,Memory and Syntax,2023.1.3,None,
,,,lu troise,brocanto/stims/to_use/janitor2.jpg,None,,,,,,0,0,0,0,,,,,,,,,0,0,0,0,0,0,0,0,1,1,7,4,,,,,,,,,,,,,,,,,,,,,,,,,,,,,,,,,,,,,,,,,,,,,,,,,,,142.27249133307487,142.27249133307487,142.27249133307487,,,,,,,,,,,,,,,,,,,,,,,,,,,,,,,,,,,,,1,1,pilot,2023-11-03_12h38.14.459,Memory and Syntax,2023.1.3,None,
,,,lu neep,brocanto/stims/to_use/doctor2.png,None,,,,,,0,0,0,0,,,,,,,,,0,0,0,0,0,0,0,0,1,2,8,1,,,,,,,,,,,,,,,,,,,,,,,,,,,,,,,,,,,,,,,,,,,,,,,,,,,143.41795799997635,143.41795799997635,143.41795799997635,,,,,,,,,,,,,,,,,,,,,,,,,,,,,,,,,,,,,1,1,pilot,2023-11-03_12h38.14.459,Memory and Syntax,2023.1.3,None,
,,,lu blom,brocanto/stims/to_use/firefighter3.jpg,None,,,,,,0,0,0,0,,,,,,,,,0,0,0,0,0,0,0,0,1,3,9,2,,,,,,,,,,,,,,,,,,,,,,,,,,,,,,,,,,,,,,,,,,,,,,,,,,,143.70334116602316,143.70334116602316,143.70334116602316,,,,,,,,,,,,,,,,,,,,,,,,,,,,,,,,,,,,,1,1,pilot,2023-11-03_12h38.14.459,Memory and Syntax,2023.1.3,None,
,,,lu vode,brocanto/stims/to_use/chef1.jpg,None,,,,,,0,0,0,0,,,,,,,,,0,0,0,0,0,0,0,0,1,4,10,3,,,,,,,,,,,,,,,,,,,,,,,,,,,,,,,,,,,,,,,,,,,,,,,,,,,143.94588387501426,143.94588387501426,143.94588387501426,,,,,,,,,,,,,,,,,,,,,,,,,,,,,,,,,,,,,1,1,pilot,2023-11-03_12h38.14.459,Memory and Syntax,2023.1.3,None,
,,,lu neimo,brocanto/stims/to_use/pilot3.jpg,None,,,,,,0,0,0,0,,,,,,,,,0,0,0,0,0,0,0,0,1,5,11,5,,,,,,,,,,,,,,,,,,,,,,,,,,,,,,,,,,,,,,,,,,,,,,,,,,,144.17731883306988,144.17731883306988,144.17731883306988,,,,,,,,,,,,,,,,,,,,,,,,,,,,,,,,,,,,,1,1,pilot,2023-11-03_12h38.14.459,Memory and Syntax,2023.1.3,None,
,,,lu pleck,brocanto/stims/to_use/mechanic1.jpg,brocanto/stims/audio/abril_lu_pleck.wav,,,,,,0,0,0,0,,,,,,,,,0,0,0,0,,,,,,,,,0,0,0,0,,,,,,,,,,,,,,,,,,,,,,,,,,,,,,,,,,,,,,,,,,,,,,,,,,144.3816584579181,144.3816584579181,r,5.8735914579592645,None,150.27438833308406,150.27438833308406,151.52064979099669,plum,"[7.0693107501138, 0.26101887482218444, 7.237270875135437, 0.38311545783653855, 9.16410612524487]",151.52064979099669,151.52064979099669,151.52064979099669,"['p', 'l', 'u', 'm', 'return']","[7.0693107501138, 7.330329624935985, 7.498289749957621, 7.620386332971975, 9.54722158308141]","[None, None, None, None, None]",161.0874094159808,162.09936987492256,,,,,,,,,,,,,,,,,,,1,1,pilot,2023-11-03_12h38.14.459,Memory and Syntax,2023.1.3,None,
,,,lu neep,brocanto/stims/to_use/doctor2.png,None,,,,,,0,0,0,0,,,,,,,,,0,0,0,0,,,,,,,,,0,1,1,1,,,,,,,,,,,,,,,,,,,,,,,,,,,,,,,,,,,,,,,,,,,,,,,,,,,,,,,,,162.09936987492256,lu neep,"[6.2538897909689695, 0.20503200008533895, 6.409964040853083, 1.6849369171541184, 6.816002623876557, 1.834930542157963, 7.115987873869017, 2.3853528341278434]",162.09936987492256,162.09936987492256,162.09936987492256,"['l', 'u', 'space', 'n', 'e', 'e', 'p', 'return']","[6.2538897909689695, 6.458921791054308, 6.614996040938422, 8.094900958007202, 8.500939541030675, 8.65093316603452, 8.95091841602698, 9.50134070799686]","[None, None, None, None, None, None, None, None]",171.616500957869,,,,,,,,,,,,,,,,,,,,1,1,pilot,2023-11-03_12h38.14.459,Memory and Syntax,2023.1.3,None,
,,,lu blom,brocanto/stims/to_use/firefighter3.jpg,None,,,,,,0,0,0,0,,,,,,,,,0,0,0,0,,,,,,,,,0,2,2,2,,,,,,,,,,,,,,,,,,,,,,,,,,,,,,,,,,,,,,,,,,,,,,,,,,,,,,,,,172.63093720795587,lu blom,"[3.2270094158593565, 0.5721366670913994, 3.314812206896022, 0.910257751122117, 3.6417614568490535, 1.01036670897156, 4.381691373884678, 1.1542609171010554, 4.901770915836096, 1.358205750118941, 4.977875373791903, 2.3911425000987947]",172.63093720795587,172.63093720795587,172.63093720795587,"['l', 'u', 'space', 'b', 'l', 'o', 'm', 'backspace', 'backspace', 'l', 'o', 'm', 'return']","[3.2270094158593565, 3.799146082950756, 3.8869488739874214, 4.225069958018139, 4.313214998925105, 4.5520192079711705, 4.6521281658206135, 5.392058082856238, 5.535952290985733, 6.056031832937151, 6.259976665955037, 6.336081123910844, 7.369017873890698]","[None, None, None, None, None, None, None, None, None, None, None, None, None]",180.01334499986842,181.03117787488736,,,,,,,,,,,,,,,,,,,1,1,pilot,2023-11-03_12h38.14.459,Memory and Syntax,2023.1.3,None,
,,,lu vode,brocanto/stims/to_use/chef1.jpg,None,,,,,,0,0,0,0,,,,,,,,,0,0,0,0,,,,,,,,,0,3,3,3,,,,,,,,,,,,,,,,,,,,,,,,,,,,,,,,,,,,,,,,,,,,,,,,,,,,,,,,,181.03117787488736,lu neimo,"[14.772285582963377, 0.05598683306016028, 14.9432362918742, 0.32704754127189517, 15.073275708826259, 3.7868825821205974, 15.916191333904862, 3.9069334571249783, 16.8786394179333]",181.03117787488736,181.03117787488736,181.03117787488736,"['l', 'u', 'space', 'n', 'e', 'i', 'm', 'o', 'return']","[14.772285582963377, 14.828272416023538, 14.99922312493436, 15.270283833146095, 15.400323250098154, 18.860158290946856, 19.70307391602546, 19.82312479102984, 20.78557287505828]","[None, None, None, None, None, None, None, None, None]",201.83434316609055,202.85036524990574,,,,,,,,,,,,,,,,,,,1,1,pilot,2023-11-03_12h38.14.459,Memory and Syntax,2023.1.3,None,
,,,lu troise,brocanto/stims/to_use/janitor2.jpg,None,,,,,,0,0,0,0,,,,,,,,,0,0,0,0,,,,,,,,,0,4,4,4,,,,,,,,,,,,,,,,,,,,,,,,,,,,,,,,,,,,,,,,,,,,,,,,,,,,,,,,,202.85036524990574,d,"[5.38584491610527, 0.8541249998379499]",202.85036524990574,202.85036524990574,202.85036524990574,"['d', 'return']","[5.38584491610527, 6.23996991594322]","[None, None]",218.0861777078826,219.09013779088855,,,,,,,,,,,,,,,,,,,1,1,pilot,2023-11-03_12h38.14.459,Memory and Syntax,2023.1.3,None,
,,,lu neimo,brocanto/stims/to_use/pilot3.jpg,None,,,,,,0,0,0,0,,,,,,,,,0,0,0,0,,,,,,,,,0,5,5,5,,,,,,,,,,,,,,,,,,,,,,,,,,,,,,,,,,,,,,,,,,,,,,,,,,,,,,,,,219.10282891592942,lu pleimo,"[1.992109749931842, 0.7761804580222815, 2.0848647088278085, 8.73361395811662, 2.757949208840728, 8.921673874137923, 2.934828417841345, 9.021624499000609, 3.4989788339007646, 9.50557579100132]",219.10282891592942,219.10282891592942,219.10282891592942,"['u', 'l', 'u', 'space', 'p', 'l', 'l', 'e', 'i', 'm', 'o', 'return']","[1.9872602079994977, 1.992109749931842, 2.7682902079541236, 2.86104516685009, 10.81847866694443, 10.8223415419925, 11.491563166957349, 11.679623082978651, 11.856502291979268, 11.956452916841954, 12.520603332901374, 13.004554624902084]","[None, None, None, None, None, None, None, None, None, None, None, None]",232.12447999999858,233.1330858329311,,,,,,,,,,,,,,,,,,,1,1,pilot,2023-11-03_12h38.14.459,Memory and Syntax,2023.1.3,None,
,,,,,,,,,,,0,0,0,0,,,,,,,,,0,0,0,0,,,,,,,,,,,,,,,,,,,,,,,,,,,,,,,,,,,,,,,,,,,,,,,,,,,,,,,,,,,,,,,,,,,,,,,,,,,,,,,,233.1330858329311,233.1330858329311,space,5.287904541008174,None,,,,,,,,,,,,,,1,1,pilot,2023-11-03_12h38.14.459,Memory and Syntax,2023.1.3,None,
,,,,brocanto/stims/to_use/sentence32.png,,lu neep nim li,,,,,0,0,0,0,,,,,,,,,,,,,,,,,,,,,,,,,,,,,0,0,0,0,,,,,,,,,,,,,,,,,,,,,,,,,,,,,,,,,,,,,,,,,,,,,,,,,,,,,,,,,,,,,,,,,238.44029608299024,238.44029608299024,242.24542462499812,242.24542462499812,,,,,,,,,,1,1,pilot,2023-11-03_12h38.14.459,Memory and Syntax,2023.1.3,None,
,,,,brocanto/stims/to_use/sentence79.png,,noyka lu neep lu blom,,,,,0,0,0,0,,,,,,,,,,,,,,,,,,,,,,,,,,,,,0,1,1,1,,,,,,,,,,,,,,,,,,,,,,,,,,,,,,,,,,,,,,,,,,,,,,,,,,,,,,,,,,,,,,,,,,,248.85232395795174,248.85232395795174,,,,,,,,,,1,1,pilot,2023-11-03_12h38.14.459,Memory and Syntax,2023.1.3,None,
,,,,brocanto/stims/to_use/sentence116.png,,gop lu pleck lu blom,,,,,0,0,0,0,,,,,,,,,,,,,,,,,,,,,,,,,,,,,0,2,2,2,,,,,,,,,,,,,,,,,,,,,,,,,,,,,,,,,,,,,,,,,,,,,,,,,,,,,,,,,,,,,,,,,,,255.44451475003734,255.44451475003734,,,,,,,,,,1,1,pilot,2023-11-03_12h38.14.459,Memory and Syntax,2023.1.3,None,
,,,,brocanto/stims/to_use/sentence31.png,,lu pleck nim li,,,,,0,0,0,0,,,,,,,,,,,,,,,,,,,,,,,,,,,,,0,3,3,3,,,,,,,,,,,,,,,,,,,,,,,,,,,,,,,,,,,,,,,,,,,,,,,,,,,,,,,,,,,,,,,,,,,262.03573395800777,262.03573395800777,,,,,,,,,,1,1,pilot,2023-11-03_12h38.14.459,Memory and Syntax,2023.1.3,None,
,,,,brocanto/stims/to_use/sentence68.png,,lu neep praz li,,,,,0,0,0,0,,,,,,,,,,,,,,,,,,,,,,,,,,,,,0,4,4,4,,,,,,,,,,,,,,,,,,,,,,,,,,,,,,,,,,,,,,,,,,,,,,,,,,,,,,,,,,,,,,,,,,,268.6368525410071,268.6368525410071,,,,,,,,,,1,1,pilot,2023-11-03_12h38.14.459,Memory and Syntax,2023.1.3,None,
,,,,brocanto/stims/to_use/sentence130.png,,gop lu vode lu pleck,,,,,0,0,0,0,,,,,,,,,,,,,,,,,,,,,,,,,,,,,0,5,5,5,,,,,,,,,,,,,,,,,,,,,,,,,,,,,,,,,,,,,,,,,,,,,,,,,,,,,,,,,,,,,,,,,,,275.24411291605793,275.24411291605793,,,,,,,,,,1,1,pilot,2023-11-03_12h38.14.459,Memory and Syntax,2023.1.3,None,
,,,,brocanto/stims/to_use/sentence89.png,,noyka lu vode lu neep,,,,,0,0,0,0,,,,,,,,,,,,,,,,,,,,,,,,,,,,,0,6,6,6,,,,,,,,,,,,,,,,,,,,,,,,,,,,,,,,,,,,,,,,,,,,,,,,,,,,,,,,,,,,,,,,,,,281.8473227499053,281.8473227499053,,,,,,,,,,1,1,pilot,2023-11-03_12h38.14.459,Memory and Syntax,2023.1.3,None,
,,,,brocanto/stims/to_use/sentence110.png,,lu neep gop li,,,,,0,0,0,0,,,,,,,,,,,,,,,,,,,,,,,,,,,,,0,7,7,7,,,,,,,,,,,,,,,,,,,,,,,,,,,,,,,,,,,,,,,,,,,,,,,,,,,,,,,,,,,,,,,,,,,288.4391363330651,288.4391363330651,,,,,,,,,,1,1,pilot,2023-11-03_12h38.14.459,Memory and Syntax,2023.1.3,None,
,,,,brocanto/stims/to_use/sentence44.png,,yab lu neep lu vode,,,,,0,0,0,0,,,,,,,,,,,,,,,,,,,,,,,,,,,,,0,8,8,8,,,,,,,,,,,,,,,,,,,,,,,,,,,,,,,,,,,,,,,,,,,,,,,,,,,,,,,,,,,,,,,,,,,295.0455690829549,295.0455690829549,,,,,,,,,,1,1,pilot,2023-11-03_12h38.14.459,Memory and Syntax,2023.1.3,None,
,,,,brocanto/stims/to_use/sentence105.png,,lu blom zayma li,,,,,0,0,0,0,,,,,,,,,,,,,,,,,,,,,,,,,,,,,0,9,9,9,,,,,,,,,,,,,,,,,,,,,,,,,,,,,,,,,,,,,,,,,,,,,,,,,,,,,,,,,,,,,,,,,,,301.6312349999789,301.6312349999789,,,,,,,,,,1,1,pilot,2023-11-03_12h38.14.459,Memory and Syntax,2023.1.3,None,
,,,,brocanto/stims/to_use/sentence103.png,,lu pleck zayma li,,,,,0,0,0,0,,,,,,,,,,,,,,,,,,,,,,,,,,,,,0,10,10,10,,,,,,,,,,,,,,,,,,,,,,,,,,,,,,,,,,,,,,,,,,,,,,,,,,,,,,,,,,,,,,,,,,,308.2294745000545,308.2294745000545,,,,,,,,,,1,1,pilot,2023-11-03_12h38.14.459,Memory and Syntax,2023.1.3,None,
,,,,brocanto/stims/to_use/sentence36.png,,lu neimo nim li,,,,,0,0,0,0,,,,,,,,,,,,,,,,,,,,,,,,,,,,,0,11,11,11,,,,,,,,,,,,,,,,,,,,,,,,,,,,,,,,,,,,,,,,,,,,,,,,,,,,,,,,,,,,,,,,,,,314.8344412499573,314.8344412499573,,,,,,,,,,1,1,pilot,2023-11-03_12h38.14.459,Memory and Syntax,2023.1.3,None,
,,,,brocanto/stims/to_use/sentence12.png,,klin lu blom lu neep,,,,,0,0,0,0,,,,,,,,,,,,,,,,,,,,,,,,,,,,,0,12,12,12,,,,,,,,,,,,,,,,,,,,,,,,,,,,,,,,,,,,,,,,,,,,,,,,,,,,,,,,,,,,,,,,,,,321.4646292079706,321.4646292079706,,,,,,,,,,1,1,pilot,2023-11-03_12h38.14.459,Memory and Syntax,2023.1.3,None,
,,,,brocanto/stims/to_use/sentence29.png,,klin lu neimo lu vode,,,,,0,0,0,0,,,,,,,,,,,,,,,,,,,,,,,,,,,,,0,13,13,13,,,,,,,,,,,,,,,,,,,,,,,,,,,,,,,,,,,,,,,,,,,,,,,,,,,,,,,,,,,,,,,,,,,328.05453679105267,328.05453679105267,,,,,,,,,,1,1,pilot,2023-11-03_12h38.14.459,Memory and Syntax,2023.1.3,None,
,,,,brocanto/stims/to_use/sentence53.png,,yab lu vode lu neep,,,,,0,0,0,0,,,,,,,,,,,,,,,,,,,,,,,,,,,,,0,14,14,14,,,,,,,,,,,,,,,,,,,,,,,,,,,,,,,,,,,,,,,,,,,,,,,,,,,,,,,,,,,,,,,,,,,334.6431729160249,334.6431729160249,,,,,,,,,,1,1,pilot,2023-11-03_12h38.14.459,Memory and Syntax,2023.1.3,None,
,,,,brocanto/stims/to_use/sentence71.png,,lu troise praz li,,,,,0,0,0,0,,,,,,,,,,,,,,,,,,,,,,,,,,,,,0,15,15,15,,,,,,,,,,,,,,,,,,,,,,,,,,,,,,,,,,,,,,,,,,,,,,,,,,,,,,,,,,,,,,,,,,,341.2381899158936,341.2381899158936,,,,,,,,,,1,1,pilot,2023-11-03_12h38.14.459,Memory and Syntax,2023.1.3,None,
,,,,brocanto/stims/to_use/sentence104.png,,lu neep zayma li,,,,,0,0,0,0,,,,,,,,,,,,,,,,,,,,,,,,,,,,,0,16,16,16,,,,,,,,,,,,,,,,,,,,,,,,,,,,,,,,,,,,,,,,,,,,,,,,,,,,,,,,,,,,,,,,,,,347.8386705829762,347.8386705829762,,,,,,,,,,1,1,pilot,2023-11-03_12h38.14.459,Memory and Syntax,2023.1.3,None,
,,,,brocanto/stims/to_use/sentence39.png,,yab lu pleck lu vode,,,,,0,0,0,0,,,,,,,,,,,,,,,,,,,,,,,,,,,,,0,17,17,17,,,,,,,,,,,,,,,,,,,,,,,,,,,,,,,,,,,,,,,,,,,,,,,,,,,,,,,,,,,,,,,,,,,354.43686704104766,354.43686704104766,,,,,,,,,,1,1,pilot,2023-11-03_12h38.14.459,Memory and Syntax,2023.1.3,None,
,,,,brocanto/stims/to_use/sentence102.png,,noyka lu neimo lu troise,,,,,0,0,0,0,,,,,,,,,,,,,,,,,,,,,,,,,,,,,0,18,18,18,,,,,,,,,,,,,,,,,,,,,,,,,,,,,,,,,,,,,,,,,,,,,,,,,,,,,,,,,,,,,,,,,,,361.0487255828921,361.0487255828921,,,,,,,,,,1,1,pilot,2023-11-03_12h38.14.459,Memory and Syntax,2023.1.3,None,
,,,,brocanto/stims/to_use/sentence63.png,,yab lu neimo lu neep,,,,,0,0,0,0,,,,,,,,,,,,,,,,,,,,,,,,,,,,,0,19,19,19,,,,,,,,,,,,,,,,,,,,,,,,,,,,,,,,,,,,,,,,,,,,,,,,,,,,,,,,,,,,,,,,,,,367.63989166589454,367.63989166589454,,,,,,,,,,1,1,pilot,2023-11-03_12h38.14.459,Memory and Syntax,2023.1.3,None,
,,,,brocanto/stims/to_use/sentence114.png,,lu neimo gop li,,,,,0,0,0,0,,,,,,,,,,,,,,,,,,,,,,,,,,,,,0,20,20,20,,,,,,,,,,,,,,,,,,,,,,,,,,,,,,,,,,,,,,,,,,,,,,,,,,,,,,,,,,,,,,,,,,,374.2363576248754,374.2363576248754,,,,,,,,,,1,1,pilot,2023-11-03_12h38.14.459,Memory and Syntax,2023.1.3,None,
,,,,brocanto/stims/to_use/sentence14.png,,klin lu blom lu troise,,,,,0,0,0,0,,,,,,,,,,,,,,,,,,,,,,,,,,,,,0,21,21,21,,,,,,,,,,,,,,,,,,,,,,,,,,,,,,,,,,,,,,,,,,,,,,,,,,,,,,,,,,,,,,,,,,,380.8535379578825,380.8535379578825,,,,,,,,,,1,1,pilot,2023-11-03_12h38.14.459,Memory and Syntax,2023.1.3,None,
,,,,brocanto/stims/to_use/sentence70.png,,lu vode praz li,,,,,0,0,0,0,,,,,,,,,,,,,,,,,,,,,,,,,,,,,0,22,22,22,,,,,,,,,,,,,,,,,,,,,,,,,,,,,,,,,,,,,,,,,,,,,,,,,,,,,,,,,,,,,,,,,,,387.43294812506065,387.43294812506065,,,,,,,,,,1,1,pilot,2023-11-03_12h38.14.459,Memory and Syntax,2023.1.3,None,
,,,,brocanto/stims/to_use/sentence107.png,,lu troise zayma li,,,,,0,0,0,0,,,,,,,,,,,,,,,,,,,,,,,,,,,,,0,23,23,23,,,,,,,,,,,,,,,,,,,,,,,,,,,,,,,,,,,,,,,,,,,,,,,,,,,,,,,,,,,,,,,,,,,394.0333301250357,394.0333301250357,,,,,,,,,,1,1,pilot,2023-11-03_12h38.14.459,Memory and Syntax,2023.1.3,None,
,,,,brocanto/stims/to_use/sentence75.png,,noyka lu pleck lu vode,,,,,0,0,0,0,,,,,,,,,,,,,,,,,,,,,,,,,,,,,0,24,24,24,,,,,,,,,,,,,,,,,,,,,,,,,,,,,,,,,,,,,,,,,,,,,,,,,,,,,,,,,,,,,,,,,,,400.64637612504885,400.64637612504885,,,,,,,,,,1,1,pilot,2023-11-03_12h38.14.459,Memory and Syntax,2023.1.3,None,
,,,,brocanto/stims/to_use/sentence34.png,,lu vode nim li,,,,,0,0,0,0,,,,,,,,,,,,,,,,,,,,,,,,,,,,,0,25,25,25,,,,,,,,,,,,,,,,,,,,,,,,,,,,,,,,,,,,,,,,,,,,,,,,,,,,,,,,,,,,,,,,,,,407.23160475003533,407.23160475003533,,,,,,,,,,1,1,pilot,2023-11-03_12h38.14.459,Memory and Syntax,2023.1.3,None,
,,,,brocanto/stims/to_use/sentence65.png,,yab lu neimo lu vode,,,,,0,0,0,0,,,,,,,,,,,,,,,,,,,,,,,,,,,,,0,26,26,26,,,,,,,,,,,,,,,,,,,,,,,,,,,,,,,,,,,,,,,,,,,,,,,,,,,,,,,,,,,,,,,,,,,413.83554758294486,413.83554758294486,,,,,,,,,,1,1,pilot,2023-11-03_12h38.14.459,Memory and Syntax,2023.1.3,None,
,,,,brocanto/stims/to_use/sentence69.png,,lu blom praz li,,,,,0,0,0,0,,,,,,,,,,,,,,,,,,,,,,,,,,,,,0,27,27,27,,,,,,,,,,,,,,,,,,,,,,,,,,,,,,,,,,,,,,,,,,,,,,,,,,,,,,,,,,,,,,,,,,,420.43067550007254,420.43067550007254,,,,,,,,,,1,1,pilot,2023-11-03_12h38.14.459,Memory and Syntax,2023.1.3,None,
,,,,brocanto/stims/to_use/sentence17.png,,klin lu vode lu neep,,,,,0,0,0,0,,,,,,,,,,,,,,,,,,,,,,,,,,,,,0,28,28,28,,,,,,,,,,,,,,,,,,,,,,,,,,,,,,,,,,,,,,,,,,,,,,,,,,,,,,,,,,,,,,,,,,,427.06048174994066,427.06048174994066,,,,,,,,,,1,1,pilot,2023-11-03_12h38.14.459,Memory and Syntax,2023.1.3,None,
,,,,brocanto/stims/to_use/sentence35.png,,lu troise nim li,,,,,0,0,0,0,,,,,,,,,,,,,,,,,,,,,,,,,,,,,0,29,29,29,,,,,,,,,,,,,,,,,,,,,,,,,,,,,,,,,,,,,,,,,,,,,,,,,,,,,,,,,,,,,,,,,,,433.6293577500619,433.6293577500619,,,,,,,,,,1,1,pilot,2023-11-03_12h38.14.459,Memory and Syntax,2023.1.3,None,
,,,,brocanto/stims/to_use/sentence72.png,,lu neimo praz li,,,,,0,0,0,0,,,,,,,,,,,,,,,,,,,,,,,,,,,,,0,30,30,30,,,,,,,,,,,,,,,,,,,,,,,,,,,,,,,,,,,,,,,,,,,,,,,,,,,,,,,,,,,,,,,,,,,440.2334497079719,440.2334497079719,,,,,,,,,,1,1,pilot,2023-11-03_12h38.14.459,Memory and Syntax,2023.1.3,None,
,,,,brocanto/stims/to_use/sentence26.png,,klin lu neimo lu pleck,,,,,0,0,0,0,,,,,,,,,,,,,,,,,,,,,,,,,,,,,0,31,31,31,,,,,,,,,,,,,,,,,,,,,,,,,,,,,,,,,,,,,,,,,,,,,,,,,,,,,,,,,,,,,,,,,,,446.8496998329647,446.8496998329647,,,,,,,,,,1,1,pilot,2023-11-03_12h38.14.459,Memory and Syntax,2023.1.3,None,
,,,,None,,None,,,,,0,0,0,0,,,,,,,,,,,,,,,,,,,,,,,,,,,,,0,32,32,32,,,,,,,,,,,,,,,,,,,,,,,,,,,,,,,,,,,,,,,,,,,,,,,,,,,,,,,,,,,,,,,,,,,453.41780799999833,453.41780799999833,,,,,,,,,,1,1,pilot,2023-11-03_12h38.14.459,Memory and Syntax,2023.1.3,None,
,,,,,,,,,,,,,,,,,,,,,,,,,,,,,,,,,,,,,,,,,,,,,,,,,,,,,,,,,,,,,,,,,,,,,,,,,,,,,,,,,,,,,,,,,,,,,,,,,,,,,,,,,,,,,,,,,,,460.0119941250887,460.0119941250887,511.3161968330387,511.3161968330387,511.3161968330387,511.3161968330387,511.3161968330387,511.3161968330387,,,,,,,,,
