﻿ajt_sess,testSent,condition,word,img,audio,sentence,Session1.thisRepN,Session1.thisTrialN,Session1.thisN,Session1.thisIndex,Session2.thisRepN,Session2.thisTrialN,Session2.thisN,Session2.thisIndex,S2_engAJT_block.thisRepN,S2_engAJT_block.thisTrialN,S2_engAJT_block.thisN,S2_engAJT_block.thisIndex,s2_engAJT_trials.thisRepN,s2_engAJT_trials.thisTrialN,s2_engAJT_trials.thisN,s2_engAJT_trials.thisIndex,S2_vocabPhase.thisRepN,S2_vocabPhase.thisTrialN,S2_vocabPhase.thisN,S2_vocabPhase.thisIndex,S2_vocabRep.thisRepN,S2_vocabRep.thisTrialN,S2_vocabRep.thisN,S2_vocabRep.thisIndex,S2_vocabLearnTrials.thisRepN,S2_vocabLearnTrials.thisTrialN,S2_vocabLearnTrials.thisN,S2_vocabLearnTrials.thisIndex,S2_vocabTestTrials.thisRepN,S2_vocabTestTrials.thisTrialN,S2_vocabTestTrials.thisN,S2_vocabTestTrials.thisIndex,too_fast_punish.thisRepN,too_fast_punish.thisTrialN,too_fast_punish.thisN,too_fast_punish.thisIndex,S2_sentLearnTrials.thisRepN,S2_sentLearnTrials.thisTrialN,S2_sentLearnTrials.thisN,S2_sentLearnTrials.thisIndex,ajt_instr.started,start_ajt.started,progress_bar1.started,progress_bar2.started,progress_bar_txt.started,start_ajt.keys,start_ajt.rt,start_ajt.duration,eng_ajt_sent.started,acceptability.started,acceptability.response,acceptability.rt,brocanto_story.started,start_brocanto.started,vocab_learn_begin.started,vocab_text.started,key_resp.started,vocab_image.started,S2_vrepeat.started,S2_vrepeat_key_resp.started,S2_vrepeat_key_resp.keys,S2_vrepeat_key_resp.rt,S2_vrepeat_key_resp.duration,vtest_instr_text.started,vtest_begin.started,answerbox.started,S2_vocabTest_resp,S2_vocabTest_rts,S2_vtest_key_resp.started,S2_vtest_text.started,S2_vtest_img.started,S2_vtest_key_resp.keys,S2_vtest_key_resp.rt,S2_vtest_key_resp.duration,S2_vtest_fb.started,S2_vtest_fb.stopped,S2_vtest_eval.started,S2_v_phase_end.started,S2_v_phase_end.keys,S2_v_phase_end.rt,S2_v_phase_end.duration,sent_learn_instr_text.started,sent_learn_begin.started,sent_learn_img.started,sent_text.started,Sona ID,Experiment ID,Session,date,expName,psychopyVersion,frameRate,
2,Carla was hoped to graduate high school.,filler,,,,,,,,,0,0,0,0,0,0,0,0,0,0,0,2,,,,,,,,,,,,,,,,,,,,,,,,,22.69051425019279,22.69051425019279,22.69051425019279,22.69051425019279,22.69051425019279,space,2.5559399989433587,None,25.355798665899783,25.355798665899783,3.0,1.0108310827054083,,,,,,,,,,,,,,,,,,,,,,,,,,,,,,,,,,1,1,pilot,2023-12-01_13h42.49.010,Memory and Syntax,2023.1.3,118.47651143484688,
2,Brittany attempted to touch the porcupine.,filler,,,,,,,,,0,0,0,0,0,0,0,0,0,1,1,17,,,,,,,,,,,,,,,,,,,,,,,,,,,,,,,,,26.329018665943295,26.329018665943295,3.0,0.12288995925337076,,,,,,,,,,,,,,,,,,,,,,,,,,,,,,,,,,1,1,pilot,2023-12-01_13h42.49.010,Memory and Syntax,2023.1.3,118.47651143484688,
2,Tried Sam to win.,WOV,,,,,,,,,0,0,0,0,0,0,0,0,0,2,2,16,,,,,,,,,,,,,,,,,,,,,,,,,,,,,,,,,26.46500500012189,26.46500500012189,3.0,0.1160364169627428,,,,,,,,,,,,,,,,,,,,,,,,,,,,,,,,,,1,1,pilot,2023-12-01_13h42.49.010,Memory and Syntax,2023.1.3,118.47651143484688,
2,I told Mandy who would win the election.,filler,,,,,,,,,0,0,0,0,0,0,0,0,0,3,3,28,,,,,,,,,,,,,,,,,,,,,,,,,,,,,,,,,26.59836766589433,26.59836766589433,3.0,0.08775783283635974,,,,,,,,,,,,,,,,,,,,,,,,,,,,,,,,,,1,1,pilot,2023-12-01_13h42.49.010,Memory and Syntax,2023.1.3,118.47651143484688,
2,Mary confused around the porch.,ASV,,,,,,,,,0,0,0,0,0,0,0,0,0,4,4,14,,,,,,,,,,,,,,,,,,,,,,,,,,,,,,,,,26.69849554123357,26.69849554123357,3.0,0.23744458379223943,,,,,,,,,,,,,,,,,,,,,,,,,,,,,,,,,,1,1,pilot,2023-12-01_13h42.49.010,Memory and Syntax,2023.1.3,118.47651143484688,
2,Flooded John intentionally the room.,WOV,,,,,,,,,0,0,0,0,0,0,0,0,0,5,5,24,,,,,,,,,,,,,,,,,,,,,,,,,,,,,,,,,26.949193040840328,26.949193040840328,3.0,0.10307200020179152,,,,,,,,,,,,,,,,,,,,,,,,,,,,,,,,,,1,1,pilot,2023-12-01_13h42.49.010,Memory and Syntax,2023.1.3,118.47651143484688,
2,Mary was confused around the porch.,AS,,,,,,,,,0,0,0,0,0,0,0,0,0,6,6,9,,,,,,,,,,,,,,,,,,,,,,,,,,,,,,,,,27.065899124834687,27.065899124834687,3.0,0.11339295795187354,,,,,,,,,,,,,,,,,,,,,,,,,,,,,,,,,,1,1,pilot,2023-12-01_13h42.49.010,Memory and Syntax,2023.1.3,118.47651143484688,
2,"Arty is sick, and Mark is too.",filler,,,,,,,,,0,0,0,0,0,0,0,0,0,7,7,10,,,,,,,,,,,,,,,,,,,,,,,,,,,,,,,,,27.19605179084465,27.19605179084465,3.0,0.11316079227253795,,,,,,,,,,,,,,,,,,,,,,,,,,,,,,,,,,1,1,pilot,2023-12-01_13h42.49.010,Memory and Syntax,2023.1.3,118.47651143484688,
2,It is important for one to sleep regularly.,filler,,,,,,,,,0,0,0,0,0,0,0,0,0,8,8,29,,,,,,,,,,,,,,,,,,,,,,,,,,,,,,,,,27.321737666148692,27.321737666148692,3.0,0.12944804225116968,,,,,,,,,,,,,,,,,,,,,,,,,,,,,,,,,,1,1,pilot,2023-12-01_13h42.49.010,Memory and Syntax,2023.1.3,118.47651143484688,
2,Wrote she a poem her boyfriend.,WOV,,,,,,,,,0,0,0,0,0,0,0,0,0,9,9,27,,,,,,,,,,,,,,,,,,,,,,,,,,,,,,,,,27.464279875159264,27.464279875159264,3.0,0.3632710832171142,,,,,,,,,,,,,,,,,,,,,,,,,,,,,,,,,,1,1,pilot,2023-12-01_13h42.49.010,Memory and Syntax,2023.1.3,118.47651143484688,
2,Swam she at least thirty miles.,WOV,,,,,,,,,0,0,0,0,0,0,0,0,0,10,10,23,,,,,,,,,,,,,,,,,,,,,,,,,,,,,,,,,27.84440066618845,27.84440066618845,3.0,0.11333720805123448,,,,,,,,,,,,,,,,,,,,,,,,,,,,,,,,,,1,1,pilot,2023-12-01_13h42.49.010,Memory and Syntax,2023.1.3,118.47651143484688,
2,There has been a man considered violent.,filler,,,,,,,,,0,0,0,0,0,0,0,0,0,11,11,5,,,,,,,,,,,,,,,,,,,,,,,,,,,,,,,,,27.97297070780769,27.97297070780769,3.0,0.2454760419204831,,,,,,,,,,,,,,,,,,,,,,,,,,,,,,,,,,1,1,pilot,2023-12-01_13h42.49.010,Memory and Syntax,2023.1.3,118.47651143484688,
2,You don't get a drink or a bite.,WO,,,,,,,,,0,0,0,0,0,0,0,0,0,12,12,19,,,,,,,,,,,,,,,,,,,,,,,,,,,,,,,,,28.233044416178018,28.233044416178018,3.0,0.11513249995186925,,,,,,,,,,,,,,,,,,,,,,,,,,,,,,,,,,1,1,pilot,2023-12-01_13h42.49.010,Memory and Syntax,2023.1.3,118.47651143484688,
2,The banquet will be a disaster.,WO ,,,,,,,,,0,0,0,0,0,0,0,0,0,13,13,3,,,,,,,,,,,,,,,,,,,,,,,,,,,,,,,,,28.360996500123292,28.360996500123292,3.0,0.12677595810964704,,,,,,,,,,,,,,,,,,,,,,,,,,,,,,,,,,1,1,pilot,2023-12-01_13h42.49.010,Memory and Syntax,2023.1.3,118.47651143484688,
2,I cried.,AS,,,,,,,,,0,0,0,0,0,0,0,0,0,14,14,26,,,,,,,,,,,,,,,,,,,,,,,,,,,,,,,,,28.499829708132893,28.499829708132893,3.0,0.12218520930036902,,,,,,,,,,,,,,,,,,,,,,,,,,,,,,,,,,1,1,pilot,2023-12-01_13h42.49.010,Memory and Syntax,2023.1.3,118.47651143484688,
2,There has been considered a man violent.,filler,,,,,,,,,0,0,0,0,0,0,0,0,0,15,15,20,,,,,,,,,,,,,,,,,,,,,,,,,,,,,,,,,28.63758329115808,28.63758329115808,3.0,0.09719770820811391,,,,,,,,,,,,,,,,,,,,,,,,,,,,,,,,,,1,1,pilot,2023-12-01_13h42.49.010,Memory and Syntax,2023.1.3,118.47651143484688,
2,"By thinking of food, the cat got excited.",AS,,,,,,,,,0,0,0,0,0,0,0,0,0,16,16,11,,,,,,,,,,,,,,,,,,,,,,,,,,,,,,,,,28.7495564580895,28.7495564580895,3.0,0.14478770922869444,,,,,,,,,,,,,,,,,,,,,,,,,,,,,,,,,,1,1,pilot,2023-12-01_13h42.49.010,Memory and Syntax,2023.1.3,118.47651143484688,
2,Brittnary touched plenty of.,filler,,,,,,,,,0,0,0,0,0,0,0,0,0,17,17,4,,,,,,,,,,,,,,,,,,,,,,,,,,,,,,,,,28.91049666609615,28.91049666609615,3.0,0.17884254176169634,,,,,,,,,,,,,,,,,,,,,,,,,,,,,,,,,,1,1,pilot,2023-12-01_13h42.49.010,Memory and Syntax,2023.1.3,118.47651143484688,
2,Frightened Seth the eerie sound.,WOV,,,,,,,,,0,0,0,0,0,0,0,0,0,18,18,1,,,,,,,,,,,,,,,,,,,,,,,,,,,,,,,,,29.10459154099226,29.10459154099226,3.0,0.1314706252887845,,,,,,,,,,,,,,,,,,,,,,,,,,,,,,,,,,1,1,pilot,2023-12-01_13h42.49.010,Memory and Syntax,2023.1.3,118.47651143484688,
2,Carla appears to have graduated high school.,filler,,,,,,,,,0,0,0,0,0,0,0,0,0,19,19,7,,,,,,,,,,,,,,,,,,,,,,,,,,,,,,,,,29.25770724983886,29.25770724983886,3.0,0.13361933315172791,,,,,,,,,,,,,,,,,,,,,,,,,,,,,,,,,,1,1,pilot,2023-12-01_13h42.49.010,Memory and Syntax,2023.1.3,118.47651143484688,
2,"Arty is sick, and Mark does so too.",filler,,,,,,,,,0,0,0,0,0,0,0,0,0,20,20,15,,,,,,,,,,,,,,,,,,,,,,,,,,,,,,,,,29.40438341582194,29.40438341582194,3.0,0.13598945830017328,,,,,,,,,,,,,,,,,,,,,,,,,,,,,,,,,,1,1,pilot,2023-12-01_13h42.49.010,Memory and Syntax,2023.1.3,118.47651143484688,
2,The eerie sound frightened Seth.,WOV,,,,,,,,,0,0,0,0,0,0,0,0,0,21,21,0,,,,,,,,,,,,,,,,,,,,,,,,,,,,,,,,,29.555134708061814,29.555134708061814,3.0,0.15780816599726677,,,,,,,,,,,,,,,,,,,,,,,,,,,,,,,,,,1,1,pilot,2023-12-01_13h42.49.010,Memory and Syntax,2023.1.3,118.47651143484688,
2,He seems to that Kim solved the problem.,filler,,,,,,,,,0,0,0,0,0,0,0,0,0,22,22,21,,,,,,,,,,,,,,,,,,,,,,,,,,,,,,,,,29.728263707831502,29.728263707831502,3.0,0.15164662478491664,,,,,,,,,,,,,,,,,,,,,,,,,,,,,,,,,,1,1,pilot,2023-12-01_13h42.49.010,Memory and Syntax,2023.1.3,118.47651143484688,
2,"At the party, he ran himself.",ASV,,,,,,,,,0,0,0,0,0,0,0,0,0,23,23,22,,,,,,,,,,,,,,,,,,,,,,,,,,,,,,,,,29.90658279089257,29.90658279089257,3.0,0.1375702079385519,,,,,,,,,,,,,,,,,,,,,,,,,,,,,,,,,,1,1,pilot,2023-12-01_13h42.49.010,Memory and Syntax,2023.1.3,118.47651143484688,
2,Sam tried to win.,WO,,,,,,,,,0,0,0,0,0,0,0,0,0,24,24,13,,,,,,,,,,,,,,,,,,,,,,,,,,,,,,,,,30.046607207972556,30.046607207972556,3.0,0.15184708405286074,,,,,,,,,,,,,,,,,,,,,,,,,,,,,,,,,,1,1,pilot,2023-12-01_13h42.49.010,Memory and Syntax,2023.1.3,118.47651143484688,
2,"Around 3, the dog was wounded.",AS ,,,,,,,,,0,0,0,0,0,0,0,0,0,25,25,6,,,,,,,,,,,,,,,,,,,,,,,,,,,,,,,,,30.21139633283019,30.21139633283019,3.0,0.14415808394551277,,,,,,,,,,,,,,,,,,,,,,,,,,,,,,,,,,1,1,pilot,2023-12-01_13h42.49.010,Memory and Syntax,2023.1.3,118.47651143484688,
2,It seems to him that Kim solved the problem.,filler,,,,,,,,,0,0,0,0,0,0,0,0,0,26,26,25,,,,,,,,,,,,,,,,,,,,,,,,,,,,,,,,,30.369229999836534,30.369229999836534,3.0,0.1396013330668211,,,,,,,,,,,,,,,,,,,,,,,,,,,,,,,,,,1,1,pilot,2023-12-01_13h42.49.010,Memory and Syntax,2023.1.3,118.47651143484688,
2,"Around 3, the dog wounded.",ASV,,,,,,,,,0,0,0,0,0,0,0,0,0,27,27,18,,,,,,,,,,,,,,,,,,,,,,,,,,,,,,,,,30.522414083126932,30.522414083126932,3.0,0.15580270811915398,,,,,,,,,,,,,,,,,,,,,,,,,,,,,,,,,,1,1,pilot,2023-12-01_13h42.49.010,Memory and Syntax,2023.1.3,118.47651143484688,
2,I cried myself.,ASV,,,,,,,,,0,0,0,0,0,0,0,0,0,28,28,12,,,,,,,,,,,,,,,,,,,,,,,,,,,,,,,,,30.69524550018832,30.69524550018832,3.0,0.14392733294516802,,,,,,,,,,,,,,,,,,,,,,,,,,,,,,,,,,1,1,pilot,2023-12-01_13h42.49.010,Memory and Syntax,2023.1.3,118.47651143484688,
2,She laughed herself at the comedy show.,ASV,,,,,,,,,0,0,0,0,0,0,0,0,0,29,29,8,,,,,,,,,,,,,,,,,,,,,,,,,,,,,,,,,30.856274290941656,30.856274290941656,3.0,0.1307638748548925,,,,,,,,,,,,,,,,,,,,,,,,,,,,,,,,,,1,1,pilot,2023-12-01_13h42.49.010,Memory and Syntax,2023.1.3,118.47651143484688,
,,,lu vode,brocanto/stims/to_use/chef1.jpg,None,,,,,,0,0,0,0,,,,,,,,,0,0,0,0,0,0,0,0,0,0,0,3,,,,,,,,,,,,,,,,,,,,,,,,,30.993300832808018,30.993300832808018,32.419955249875784,33.19797904090956,33.19797904090956,33.19797904090956,,,,,,,,,,,,,,,,,,,,,,,,,,,,1,1,pilot,2023-12-01_13h42.49.010,Memory and Syntax,2023.1.3,118.47651143484688,
,,,lu blom,brocanto/stims/to_use/firefighter3.jpg,None,,,,,,0,0,0,0,,,,,,,,,0,0,0,0,0,0,0,0,0,1,1,2,,,,,,,,,,,,,,,,,,,,,,,,,,,,33.96468133293092,33.96468133293092,33.96468133293092,,,,,,,,,,,,,,,,,,,,,,,,,,,,1,1,pilot,2023-12-01_13h42.49.010,Memory and Syntax,2023.1.3,118.47651143484688,
,,,lu troise,brocanto/stims/to_use/janitor2.jpg,None,,,,,,0,0,0,0,,,,,,,,,0,0,0,0,0,0,0,0,0,2,2,4,,,,,,,,,,,,,,,,,,,,,,,,,,,,34.11420870805159,34.11420870805159,34.11420870805159,,,,,,,,,,,,,,,,,,,,,,,,,,,,1,1,pilot,2023-12-01_13h42.49.010,Memory and Syntax,2023.1.3,118.47651143484688,
,,,lu neep,brocanto/stims/to_use/doctor2.png,None,,,,,,0,0,0,0,,,,,,,,,0,0,0,0,0,0,0,0,0,3,3,1,,,,,,,,,,,,,,,,,,,,,,,,,,,,34.26314549986273,34.26314549986273,34.26314549986273,,,,,,,,,,,,,,,,,,,,,,,,,,,,1,1,pilot,2023-12-01_13h42.49.010,Memory and Syntax,2023.1.3,118.47651143484688,
,,,lu pleck,brocanto/stims/to_use/mechanic1.jpg,brocanto/stims/audio/abril_lu_pleck.wav,,,,,,0,0,0,0,,,,,,,,,0,0,0,0,0,0,0,0,0,4,4,0,,,,,,,,,,,,,,,,,,,,,,,,,,,,34.40404083300382,34.40404083300382,34.40404083300382,,,,,,,,,,,,,,,,,,,,,,,,,,,,1,1,pilot,2023-12-01_13h42.49.010,Memory and Syntax,2023.1.3,118.47651143484688,
,,,lu neimo,brocanto/stims/to_use/pilot3.jpg,None,,,,,,0,0,0,0,,,,,,,,,0,0,0,0,0,0,0,0,0,5,5,5,,,,,,,,,,,,,,,,,,,,,,,,,,,,34.543097665999085,34.543097665999085,34.543097665999085,,,,,,,,,,,,,,,,,,,,,,,,,,,,1,1,pilot,2023-12-01_13h42.49.010,Memory and Syntax,2023.1.3,118.47651143484688,
,,,lu pleck,brocanto/stims/to_use/mechanic1.jpg,brocanto/stims/audio/abril_lu_pleck.wav,,,,,,0,0,0,0,,,,,,,,,0,0,0,0,0,0,0,0,1,0,6,0,,,,,,,,,,,,,,,,,,,,,,,,,,,,34.6860690000467,34.6860690000467,34.6860690000467,,,,,,,,,,,,,,,,,,,,,,,,,,,,1,1,pilot,2023-12-01_13h42.49.010,Memory and Syntax,2023.1.3,118.47651143484688,
,,,lu blom,brocanto/stims/to_use/firefighter3.jpg,None,,,,,,0,0,0,0,,,,,,,,,0,0,0,0,0,0,0,0,1,1,7,2,,,,,,,,,,,,,,,,,,,,,,,,,,,,34.82786800013855,34.82786800013855,34.82786800013855,,,,,,,,,,,,,,,,,,,,,,,,,,,,1,1,pilot,2023-12-01_13h42.49.010,Memory and Syntax,2023.1.3,118.47651143484688,
,,,lu vode,brocanto/stims/to_use/chef1.jpg,None,,,,,,0,0,0,0,,,,,,,,,0,0,0,0,0,0,0,0,1,2,8,3,,,,,,,,,,,,,,,,,,,,,,,,,,,,34.968269625213,34.968269625213,34.968269625213,,,,,,,,,,,,,,,,,,,,,,,,,,,,1,1,pilot,2023-12-01_13h42.49.010,Memory and Syntax,2023.1.3,118.47651143484688,
,,,lu neep,brocanto/stims/to_use/doctor2.png,None,,,,,,0,0,0,0,,,,,,,,,0,0,0,0,0,0,0,0,1,3,9,1,,,,,,,,,,,,,,,,,,,,,,,,,,,,35.111577957868576,35.111577957868576,35.111577957868576,,,,,,,,,,,,,,,,,,,,,,,,,,,,1,1,pilot,2023-12-01_13h42.49.010,Memory and Syntax,2023.1.3,118.47651143484688,
,,,lu neimo,brocanto/stims/to_use/pilot3.jpg,None,,,,,,0,0,0,0,,,,,,,,,0,0,0,0,0,0,0,0,1,4,10,5,,,,,,,,,,,,,,,,,,,,,,,,,,,,35.25941199995577,35.25941199995577,35.25941199995577,,,,,,,,,,,,,,,,,,,,,,,,,,,,1,1,pilot,2023-12-01_13h42.49.010,Memory and Syntax,2023.1.3,118.47651143484688,
,,,lu troise,brocanto/stims/to_use/janitor2.jpg,None,,,,,,0,0,0,0,,,,,,,,,0,0,0,0,0,0,0,0,1,5,11,4,,,,,,,,,,,,,,,,,,,,,,,,,,,,35.39768920792267,35.39768920792267,35.39768920792267,,,,,,,,,,,,,,,,,,,,,,,,,,,,1,1,pilot,2023-12-01_13h42.49.010,Memory and Syntax,2023.1.3,118.47651143484688,
,,,lu pleck,brocanto/stims/to_use/mechanic1.jpg,brocanto/stims/audio/abril_lu_pleck.wav,,,,,,0,0,0,0,,,,,,,,,0,0,0,0,,,,,,,,,0,0,0,0,,,,,,,,,,,,,,,,,,,,,,,,,,,35.532426207792014,35.532426207792014,t,5.234300541225821,None,40.7835592078045,40.7835592078045,41.8782428749837,lu blem,"[1.9894119990058243, 0.08805408421903849, 2.093489873688668, 2.787874000146985, 2.2234406657516956, 2.897940333466977, 2.336370290722698, 3.1199375833384693]",41.8782428749837,41.8782428749837,41.8782428749837,"['l', 'u', 'space', 'b', 'l', 'e', 'm', 'return']","[1.9894119990058243, 2.077466083224863, 2.1815439579077065, 4.881363873835653, 5.011314665898681, 5.1213809992186725, 5.234310624189675, 5.456307874061167]","[None, None, None, None, None, None, None, None]",47.35937224980444,,,,,,,,,,,1,1,pilot,2023-12-01_13h42.49.010,Memory and Syntax,2023.1.3,118.47651143484688,
,,,lu neep,brocanto/stims/to_use/doctor2.png,None,,,,,,0,0,0,0,,,,,,,,,0,0,0,0,,,,,,,,,0,1,1,1,,,,,,,,,,,,,,,,,,,,,,,,,,,,,,,,,,48.366404165979475,lu neep,"[1.3372665820643306, 0.07172508398070931, 1.4212497072294354, 0.5378459170460701, 1.4971392070874572, 0.6789259589277208, 1.5853814571164548, 0.8636141670867801]",48.366404165979475,48.366404165979475,48.366404165979475,"['l', 'u', 'space', 'n', 'e', 'e', 'p', 'return']","[1.3372665820643306, 1.40899166604504, 1.4929747912101448, 1.9590956242755055, 2.0349851241335273, 2.176065166015178, 2.2643074160441756, 2.448995624203235]","[None, None, None, None, None, None, None, None]",50.82974712504074,51.841181290801615,,,,,,,,,,1,1,pilot,2023-12-01_13h42.49.010,Memory and Syntax,2023.1.3,118.47651143484688,
,,,lu blom,brocanto/stims/to_use/firefighter3.jpg,None,,,,,,0,0,0,0,,,,,,,,,0,0,0,0,,,,,,,,,0,2,2,2,,,,,,,,,,,,,,,,,,,,,,,,,,,,,,,,,,51.841181290801615,lu blom,"[0.6561661241576076, 0.09603599971160293, 0.7201717081479728, 0.3618985000066459, 0.8162660407833755, 0.5868802922777832, 0.8402659567072988, 0.8299298342317343]",51.841181290801615,51.841181290801615,51.841181290801615,"['l', 'u', 'space', 'b', 'l', 'o', 'm', 'return']","[0.6561661241576076, 0.7522021238692105, 0.8162077078595757, 1.0820702081546187, 1.1781645407900214, 1.4031463330611587, 1.427146248985082, 1.670195790939033]","[None, None, None, None, None, None, None, None]",53.522944583091885,54.52965791616589,,,,,,,,,,1,1,pilot,2023-12-01_13h42.49.010,Memory and Syntax,2023.1.3,118.47651143484688,
,,,lu vode,brocanto/stims/to_use/chef1.jpg,None,,,,,,0,0,0,0,,,,,,,,,0,0,0,0,,,,,,,,,0,3,3,3,,,,,,,,,,,,,,,,,,,,,,,,,,,,,,,,,,54.52965791616589,lu vode,"[1.1015118737705052, 0.08809687523171306, 1.1574471234343946, 0.3211602084338665, 1.24436841532588, 0.41313575068488717, 1.4034880814142525, 0.5163210425525904]",54.52965791616589,54.52965791616589,54.52965791616589,"['l', 'u', 'space', 'v', 'o', 'd', 'e', 'return']","[1.1015118737705052, 1.1896087490022182, 1.2455439986661077, 1.478607331868261, 1.5655286237597466, 1.6575041660107672, 1.8166238320991397, 1.919809123966843]","[None, None, None, None, None, None, None, None]",56.46560587501153,57.475958166178316,,,,,,,,,,1,1,pilot,2023-12-01_13h42.49.010,Memory and Syntax,2023.1.3,118.47651143484688,
,,,lu troise,brocanto/stims/to_use/janitor2.jpg,None,,,,,,0,0,0,0,,,,,,,,,0,0,0,0,,,,,,,,,0,4,4,4,,,,,,,,,,,,,,,,,,,,,,,,,,,,,,,,,,57.475958166178316,lu plum,"[1.1022247080691159, 0.16007508290931582, 1.6601181672886014, 0.4190357490442693, 1.7441470422782004, 0.9759809989482164, 1.9941797512583435, 1.8138356236740947, 2.0902987513691187, 2.0107956235297024]",57.475958166178316,57.475958166178316,57.475958166178316,"['l', 'u', 'space', 'backspace', 'u', 'space', 'p', 'l', 'u', 'm', 'return']","[1.1022247080691159, 1.1541475001722574, 1.2622997909784317, 1.8201932501979172, 2.0791539163328707, 2.1631827913224697, 2.720128041226417, 2.97016075020656, 3.808015374932438, 3.9041343750432134, 4.101094374898821]","[None, None, None, None, None, None, None, None, None, None, None]",61.59363558283076,,,,,,,,,,,1,1,pilot,2023-12-01_13h42.49.010,Memory and Syntax,2023.1.3,118.47651143484688,
,,,lu neimo,brocanto/stims/to_use/pilot3.jpg,None,,,,,,0,0,0,0,,,,,,,,,0,0,0,0,,,,,,,,,0,5,5,5,,,,,,,,,,,,,,,,,,,,,,,,,,,,,,,,,,62.60583183309063,lu plum,"[1.423096708022058, 0.07593795796856284, 1.5551744168624282, 0.45584862399846315, 1.7042342089116573, 1.7178550818935037, 1.843222334049642, 2.383769540581852, 2.3482284592464566, 2.6656749984249473, 2.4282328342087567, 2.769605040550232]",62.60583183309063,62.60583183309063,62.60583183309063,"['l', 'u', 'space', 'p', 'l', 'backspace', 'backspace', 'p', 'l', 'u', 'm', 'return']","[1.423096708022058, 1.4990346659906209, 1.631112374830991, 2.0110230408608913, 2.1600828329101205, 3.422089290805161, 3.5610774159431458, 4.226991874631494, 4.731997999828309, 5.013903457671404, 5.093907832633704, 5.197837874758989]","[None, None, None, None, None, None, None, None, None, None, None, None]",67.81722466601059,,,,,,,,,,,1,1,pilot,2023-12-01_13h42.49.010,Memory and Syntax,2023.1.3,118.47651143484688,
,,,,,,,,,,,0,0,0,0,,,,,,,,,0,0,0,0,,,,,,,,,,,,,,,,,,,,,,,,,,,,,,,,,,,,,,,,,,,,,,,,,,,,,,,,,68.82959545822814,68.82959545822814,space,3.5940043330192566,None,,,,,1,1,pilot,2023-12-01_13h42.49.010,Memory and Syntax,2023.1.3,118.47651143484688,
,,,,brocanto/stims/to_use/sentence32.png,,lu neep nim li,,,,,0,0,0,0,,,,,,,,,,,,,,,,,,,,,,,,,,,,,0,0,0,0,,,,,,,,,,,,,,,,,,,,,,,,,,,,,,,,,,,,,,,,,,72.43427758291364,72.43427758291364,78.81497279088944,78.81497279088944,1,1,pilot,2023-12-01_13h42.49.010,Memory and Syntax,2023.1.3,118.47651143484688,
,,,,,,,,,,,,,,,,,,,,,,,,,,,,,,,,,,,,,,,,,,,,,,,,,,,,,,,,,,,,,,,,,,,,,,,,,,,,,,,,,,,,,,,,,,85.41731541603804,85.41731541603804,,,,,,,,
