﻿ajt_sess,testSent,condition,word,img,audio,Session1.thisRepN,Session1.thisTrialN,Session1.thisN,Session1.thisIndex,Session2.thisRepN,Session2.thisTrialN,Session2.thisN,Session2.thisIndex,S2_engAJT_block.thisRepN,S2_engAJT_block.thisTrialN,S2_engAJT_block.thisN,S2_engAJT_block.thisIndex,s2_engAJT_trials.thisRepN,s2_engAJT_trials.thisTrialN,s2_engAJT_trials.thisN,s2_engAJT_trials.thisIndex,S2_vocabPhase.thisRepN,S2_vocabPhase.thisTrialN,S2_vocabPhase.thisN,S2_vocabPhase.thisIndex,S2_vocabRep.thisRepN,S2_vocabRep.thisTrialN,S2_vocabRep.thisN,S2_vocabRep.thisIndex,S2_vocabLearnTrials.thisRepN,S2_vocabLearnTrials.thisTrialN,S2_vocabLearnTrials.thisN,S2_vocabLearnTrials.thisIndex,S2_vocabTestTrials.thisRepN,S2_vocabTestTrials.thisTrialN,S2_vocabTestTrials.thisN,S2_vocabTestTrials.thisIndex,too_fast_punish.thisRepN,too_fast_punish.thisTrialN,too_fast_punish.thisN,too_fast_punish.thisIndex,ajt_instr.started,start_ajt.started,progress_bar1.started,progress_bar2.started,progress_bar_txt.started,start_ajt.keys,start_ajt.rt,start_ajt.duration,eng_ajt_sent.started,acceptability.started,acceptability.response,acceptability.rt,brocanto_story.started,start_brocanto.started,vocab_learn_begin.started,vocab_text.started,key_resp.started,vocab_image.started,S2_vrepeat.started,S2_vrepeat_key_resp.started,S2_vrepeat_key_resp.keys,S2_vrepeat_key_resp.rt,S2_vrepeat_key_resp.duration,vtest_instr_text.started,vtest_begin.started,answerbox.started,S2_vocabTest_resp,S2_vocabTest_rts,S2_vtest_key_resp.started,S2_vtest_text.started,S2_vtest_img.started,S2_vtest_key_resp.keys,S2_vtest_key_resp.rt,S2_vtest_key_resp.duration,S2_vtest_fb.started,S2_vtest_fb.stopped,Sona ID,Experiment ID,Session,date,expName,psychopyVersion,frameRate,
2,Brittnary touched plenty of.,filler,,,,,,,,0,0,0,0,0,0,0,0,0,0,0,4,,,,,,,,,,,,,,,,,,,,,21.764585708267987,21.764585708267987,21.764585708267987,21.764585708267987,21.764585708267987,space,1.8613520828075707,None,23.723142500035465,23.723142500035465,2.0,1.1471030418761075,,,,,,,,,,,,,,,,,,,,,,,,,1,1,pilot,2023-12-01_18h50.29.568,Memory and Syntax,2023.1.3,None,
2,Frightened Seth the eerie sound.,WOV,,,,,,,,0,0,0,0,0,0,0,0,0,1,1,1,,,,,,,,,,,,,,,,,,,,,,,,,,,,,24.837268833070993,24.837268833070993,4.1,1.3035772922448814,,,,,,,,,,,,,,,,,,,,,,,,,1,1,pilot,2023-12-01_18h50.29.568,Memory and Syntax,2023.1.3,None,
2,"Around 3, the dog wounded.",ASV,,,,,,,,0,0,0,0,0,0,0,0,0,2,2,18,,,,,,,,,,,,,,,,,,,,,,,,,,,,,26.15279829222709,26.15279829222709,4.1,0.2963677500374615,,,,,,,,,,,,,,,,,,,,,,,,,1,1,pilot,2023-12-01_18h50.29.568,Memory and Syntax,2023.1.3,None,
2,It is important for one to sleep regularly.,filler,,,,,,,,0,0,0,0,0,0,0,0,0,3,3,29,,,,,,,,,,,,,,,,,,,,,,,,,,,,,26.46119450032711,26.46119450032711,4.1,0.14597970806062222,,,,,,,,,,,,,,,,,,,,,,,,,1,1,pilot,2023-12-01_18h50.29.568,Memory and Syntax,2023.1.3,None,
2,I cried.,AS,,,,,,,,0,0,0,0,0,0,0,0,0,4,4,26,,,,,,,,,,,,,,,,,,,,,,,,,,,,,26.63220008322969,26.63220008322969,4.1,0.12385729188099504,,,,,,,,,,,,,,,,,,,,,,,,,1,1,pilot,2023-12-01_18h50.29.568,Memory and Syntax,2023.1.3,None,
2,Brittany attempted to touch the porcupine.,filler,,,,,,,,0,0,0,0,0,0,0,0,0,5,5,17,,,,,,,,,,,,,,,,,,,,,,,,,,,,,26.75563700031489,26.75563700031489,4.1,0.12008333299309015,,,,,,,,,,,,,,,,,,,,,,,,,1,1,pilot,2023-12-01_18h50.29.568,Memory and Syntax,2023.1.3,None,
2,You don't get a drink or a bite.,WO,,,,,,,,0,0,0,0,0,0,0,0,0,6,6,19,,,,,,,,,,,,,,,,,,,,,,,,,,,,,26.897995250299573,26.897995250299573,4.1,0.12817887496203184,,,,,,,,,,,,,,,,,,,,,,,,,1,1,pilot,2023-12-01_18h50.29.568,Memory and Syntax,2023.1.3,None,
2,I told Mandy who would win the election.,filler,,,,,,,,0,0,0,0,0,0,0,0,0,7,7,28,,,,,,,,,,,,,,,,,,,,,,,,,,,,,27.040295667015016,27.040295667015016,4.1,0.1360192080028355,,,,,,,,,,,,,,,,,,,,,,,,,1,1,pilot,2023-12-01_18h50.29.568,Memory and Syntax,2023.1.3,None,
2,The banquet will be a disaster.,WO ,,,,,,,,0,0,0,0,0,0,0,0,0,8,8,3,,,,,,,,,,,,,,,,,,,,,,,,,,,,,27.190155333373696,27.190155333373696,4.1,0.11296445829793811,,,,,,,,,,,,,,,,,,,,,,,,,1,1,pilot,2023-12-01_18h50.29.568,Memory and Syntax,2023.1.3,None,
2,Sam tried to win.,WO,,,,,,,,0,0,0,0,0,0,0,0,0,9,9,13,,,,,,,,,,,,,,,,,,,,,,,,,,,,,27.315232292283326,27.315232292283326,4.1,0.16031695809215307,,,,,,,,,,,,,,,,,,,,,,,,,1,1,pilot,2023-12-01_18h50.29.568,Memory and Syntax,2023.1.3,None,
2,He seems to that Kim solved the problem.,filler,,,,,,,,0,0,0,0,0,0,0,0,0,10,10,21,,,,,,,,,,,,,,,,,,,,,,,,,,,,,27.49879933334887,27.49879933334887,4.1,0.11461420776322484,,,,,,,,,,,,,,,,,,,,,,,,,1,1,pilot,2023-12-01_18h50.29.568,Memory and Syntax,2023.1.3,None,
2,The eerie sound frightened Seth.,WOV,,,,,,,,0,0,0,0,0,0,0,0,0,11,11,0,,,,,,,,,,,,,,,,,,,,,,,,,,,,,27.629800375085324,27.629800375085324,4.1,0.13035516580566764,,,,,,,,,,,,,,,,,,,,,,,,,1,1,pilot,2023-12-01_18h50.29.568,Memory and Syntax,2023.1.3,None,
2,There has been considered a man violent.,filler,,,,,,,,0,0,0,0,0,0,0,0,0,12,12,20,,,,,,,,,,,,,,,,,,,,,,,,,,,,,27.771801125258207,27.771801125258207,4.1,0.16058483300730586,,,,,,,,,,,,,,,,,,,,,,,,,1,1,pilot,2023-12-01_18h50.29.568,Memory and Syntax,2023.1.3,None,
2,She laughed herself at the comedy show.,ASV,,,,,,,,0,0,0,0,0,0,0,0,0,13,13,8,,,,,,,,,,,,,,,,,,,,,,,,,,,,,27.94366287533194,27.94366287533194,4.1,0.14764491701498628,,,,,,,,,,,,,,,,,,,,,,,,,1,1,pilot,2023-12-01_18h50.29.568,Memory and Syntax,2023.1.3,None,
2,Mary confused around the porch.,ASV,,,,,,,,0,0,0,0,0,0,0,0,0,14,14,14,,,,,,,,,,,,,,,,,,,,,,,,,,,,,28.10684991721064,28.10684991721064,4.1,0.16186391608789563,,,,,,,,,,,,,,,,,,,,,,,,,1,1,pilot,2023-12-01_18h50.29.568,Memory and Syntax,2023.1.3,None,
2,"Arty is sick, and Mark does so too.",filler,,,,,,,,0,0,0,0,0,0,0,0,0,15,15,15,,,,,,,,,,,,,,,,,,,,,,,,,,,,,28.298398833256215,28.298398833256215,4.1,0.13932991586625576,,,,,,,,,,,,,,,,,,,,,,,,,1,1,pilot,2023-12-01_18h50.29.568,Memory and Syntax,2023.1.3,None,
2,It seems to him that Kim solved the problem.,filler,,,,,,,,0,0,0,0,0,0,0,0,0,16,16,25,,,,,,,,,,,,,,,,,,,,,,,,,,,,,28.44956950005144,28.44956950005144,4.1,0.175374791957438,,,,,,,,,,,,,,,,,,,,,,,,,1,1,pilot,2023-12-01_18h50.29.568,Memory and Syntax,2023.1.3,None,
2,Wrote she a poem her boyfriend.,WOV,,,,,,,,0,0,0,0,0,0,0,0,0,17,17,27,,,,,,,,,,,,,,,,,,,,,,,,,,,,,28.636055417358875,28.636055417358875,4.1,0.16494354186579585,,,,,,,,,,,,,,,,,,,,,,,,,1,1,pilot,2023-12-01_18h50.29.568,Memory and Syntax,2023.1.3,None,
2,Swam she at least thirty miles.,WOV,,,,,,,,0,0,0,0,0,0,0,0,0,18,18,23,,,,,,,,,,,,,,,,,,,,,,,,,,,,,28.811623041983694,28.811623041983694,4.1,0.17343574995175004,,,,,,,,,,,,,,,,,,,,,,,,,1,1,pilot,2023-12-01_18h50.29.568,Memory and Syntax,2023.1.3,None,
2,Mary was confused around the porch.,AS,,,,,,,,0,0,0,0,0,0,0,0,0,19,19,9,,,,,,,,,,,,,,,,,,,,,,,,,,,,,29.0005991673097,29.0005991673097,4.1,0.14233966683968902,,,,,,,,,,,,,,,,,,,,,,,,,1,1,pilot,2023-12-01_18h50.29.568,Memory and Syntax,2023.1.3,None,
2,"At the party, he ran himself.",ASV,,,,,,,,0,0,0,0,0,0,0,0,0,20,20,22,,,,,,,,,,,,,,,,,,,,,,,,,,,,,29.153068750165403,29.153068750165403,4.1,0.16266558412462473,,,,,,,,,,,,,,,,,,,,,,,,,1,1,pilot,2023-12-01_18h50.29.568,Memory and Syntax,2023.1.3,None,
2,Flooded John intentionally the room.,WOV,,,,,,,,0,0,0,0,0,0,0,0,0,21,21,24,,,,,,,,,,,,,,,,,,,,,,,,,,,,,29.327850042376667,29.327850042376667,4.1,0.14688733266666532,,,,,,,,,,,,,,,,,,,,,,,,,1,1,pilot,2023-12-01_18h50.29.568,Memory and Syntax,2023.1.3,None,
2,"By thinking of food, the cat got excited.",AS,,,,,,,,0,0,0,0,0,0,0,0,0,22,22,11,,,,,,,,,,,,,,,,,,,,,,,,,,,,,29.486038875300437,29.486038875300437,4.1,0.17218116717413068,,,,,,,,,,,,,,,,,,,,,,,,,1,1,pilot,2023-12-01_18h50.29.568,Memory and Syntax,2023.1.3,None,
2,"Arty is sick, and Mark is too.",filler,,,,,,,,0,0,0,0,0,0,0,0,0,23,23,10,,,,,,,,,,,,,,,,,,,,,,,,,,,,,29.671220125164837,29.671220125164837,4.1,0.1711538340896368,,,,,,,,,,,,,,,,,,,,,,,,,1,1,pilot,2023-12-01_18h50.29.568,Memory and Syntax,2023.1.3,None,
2,There has been a man considered violent.,filler,,,,,,,,0,0,0,0,0,0,0,0,0,24,24,5,,,,,,,,,,,,,,,,,,,,,,,,,,,,,29.86285537527874,29.86285537527874,4.1,0.13070870796218514,,,,,,,,,,,,,,,,,,,,,,,,,1,1,pilot,2023-12-01_18h50.29.568,Memory and Syntax,2023.1.3,None,
2,I cried myself.,ASV,,,,,,,,0,0,0,0,0,0,0,0,0,25,25,12,,,,,,,,,,,,,,,,,,,,,,,,,,,,,30.00439608329907,30.00439608329907,4.1,0.15436183381825686,,,,,,,,,,,,,,,,,,,,,,,,,1,1,pilot,2023-12-01_18h50.29.568,Memory and Syntax,2023.1.3,None,
2,Carla appears to have graduated high school.,filler,,,,,,,,0,0,0,0,0,0,0,0,0,26,26,7,,,,,,,,,,,,,,,,,,,,,,,,,,,,,30.174461583141237,30.174461583141237,4.1,0.14384529180824757,,,,,,,,,,,,,,,,,,,,,,,,,1,1,pilot,2023-12-01_18h50.29.568,Memory and Syntax,2023.1.3,None,
2,"Around 3, the dog was wounded.",AS ,,,,,,,,0,0,0,0,0,0,0,0,0,27,27,6,,,,,,,,,,,,,,,,,,,,,,,,,,,,,30.330312833189964,30.330312833189964,4.1,0.13744762493297458,,,,,,,,,,,,,,,,,,,,,,,,,1,1,pilot,2023-12-01_18h50.29.568,Memory and Syntax,2023.1.3,None,
2,Carla was hoped to graduate high school.,filler,,,,,,,,0,0,0,0,0,0,0,0,0,28,28,2,,,,,,,,,,,,,,,,,,,,,,,,,,,,,30.4815161251463,30.4815161251463,6.0,0.9199848752468824,,,,,,,,,,,,,,,,,,,,,,,,,1,1,pilot,2023-12-01_18h50.29.568,Memory and Syntax,2023.1.3,None,
2,Tried Sam to win.,WOV,,,,,,,,0,0,0,0,0,0,0,0,0,29,29,16,,,,,,,,,,,,,,,,,,,,,,,,,,,,,31.432901833206415,31.432901833206415,6.0,0.1382459169253707,,,,,,,,,,,,,,,,,,,,,,,,,1,1,pilot,2023-12-01_18h50.29.568,Memory and Syntax,2023.1.3,None,
,,,lu neimo,brocanto/stims/to_use/pilot3.jpg,None,,,,,0,0,0,0,,,,,,,,,0,0,0,0,0,0,0,0,0,0,0,5,,,,,,,,,,,,,,,,,,,,,31.582439166959375,31.582439166959375,32.61232779221609,33.12376654241234,33.12376654241234,33.12376654241234,,,,,,,,,,,,,,,,,,,1,1,pilot,2023-12-01_18h50.29.568,Memory and Syntax,2023.1.3,None,
,,,lu pleck,brocanto/stims/to_use/mechanic1.jpg,brocanto/stims/audio/abril_lu_pleck.wav,,,,,0,0,0,0,,,,,,,,,0,0,0,0,0,0,0,0,0,1,1,0,,,,,,,,,,,,,,,,,,,,,,,,34.24437600001693,34.24437600001693,34.24437600001693,,,,,,,,,,,,,,,,,,,1,1,pilot,2023-12-01_18h50.29.568,Memory and Syntax,2023.1.3,None,
,,,lu blom,brocanto/stims/to_use/firefighter3.jpg,None,,,,,0,0,0,0,,,,,,,,,0,0,0,0,0,0,0,0,0,2,2,2,,,,,,,,,,,,,,,,,,,,,,,,34.5380847081542,34.5380847081542,34.5380847081542,,,,,,,,,,,,,,,,,,,1,1,pilot,2023-12-01_18h50.29.568,Memory and Syntax,2023.1.3,None,
,,,lu neep,brocanto/stims/to_use/doctor2.png,None,,,,,0,0,0,0,,,,,,,,,0,0,0,0,0,0,0,0,0,3,3,1,,,,,,,,,,,,,,,,,,,,,,,,34.698144083376974,34.698144083376974,34.698144083376974,,,,,,,,,,,,,,,,,,,1,1,pilot,2023-12-01_18h50.29.568,Memory and Syntax,2023.1.3,None,
,,,lu vode,brocanto/stims/to_use/chef1.jpg,None,,,,,0,0,0,0,,,,,,,,,0,0,0,0,0,0,0,0,0,4,4,3,,,,,,,,,,,,,,,,,,,,,,,,34.84449483314529,34.84449483314529,34.84449483314529,,,,,,,,,,,,,,,,,,,1,1,pilot,2023-12-01_18h50.29.568,Memory and Syntax,2023.1.3,None,
,,,lu troise,brocanto/stims/to_use/janitor2.jpg,None,,,,,0,0,0,0,,,,,,,,,0,0,0,0,0,0,0,0,0,5,5,4,,,,,,,,,,,,,,,,,,,,,,,,34.96302754199132,34.96302754199132,34.96302754199132,,,,,,,,,,,,,,,,,,,1,1,pilot,2023-12-01_18h50.29.568,Memory and Syntax,2023.1.3,None,
,,,lu troise,brocanto/stims/to_use/janitor2.jpg,None,,,,,0,0,0,0,,,,,,,,,0,0,0,0,0,0,0,0,1,0,6,4,,,,,,,,,,,,,,,,,,,,,,,,35.08874141704291,35.08874141704291,35.08874141704291,,,,,,,,,,,,,,,,,,,1,1,pilot,2023-12-01_18h50.29.568,Memory and Syntax,2023.1.3,None,
,,,lu blom,brocanto/stims/to_use/firefighter3.jpg,None,,,,,0,0,0,0,,,,,,,,,0,0,0,0,0,0,0,0,1,1,7,2,,,,,,,,,,,,,,,,,,,,,,,,35.2278338749893,35.2278338749893,35.2278338749893,,,,,,,,,,,,,,,,,,,1,1,pilot,2023-12-01_18h50.29.568,Memory and Syntax,2023.1.3,None,
,,,lu pleck,brocanto/stims/to_use/mechanic1.jpg,brocanto/stims/audio/abril_lu_pleck.wav,,,,,0,0,0,0,,,,,,,,,0,0,0,0,0,0,0,0,1,2,8,0,,,,,,,,,,,,,,,,,,,,,,,,35.362142791971564,35.362142791971564,35.362142791971564,,,,,,,,,,,,,,,,,,,1,1,pilot,2023-12-01_18h50.29.568,Memory and Syntax,2023.1.3,None,
,,,lu vode,brocanto/stims/to_use/chef1.jpg,None,,,,,0,0,0,0,,,,,,,,,0,0,0,0,0,0,0,0,1,3,9,3,,,,,,,,,,,,,,,,,,,,,,,,35.4791885423474,35.4791885423474,35.4791885423474,,,,,,,,,,,,,,,,,,,1,1,pilot,2023-12-01_18h50.29.568,Memory and Syntax,2023.1.3,None,
,,,lu neep,brocanto/stims/to_use/doctor2.png,None,,,,,0,0,0,0,,,,,,,,,0,0,0,0,0,0,0,0,1,4,10,1,,,,,,,,,,,,,,,,,,,,,,,,35.5748319583945,35.5748319583945,35.5748319583945,,,,,,,,,,,,,,,,,,,1,1,pilot,2023-12-01_18h50.29.568,Memory and Syntax,2023.1.3,None,
,,,lu neimo,brocanto/stims/to_use/pilot3.jpg,None,,,,,0,0,0,0,,,,,,,,,0,0,0,0,0,0,0,0,1,5,11,5,,,,,,,,,,,,,,,,,,,,,,,,35.66259100008756,35.66259100008756,35.66259100008756,,,,,,,,,,,,,,,,,,,1,1,pilot,2023-12-01_18h50.29.568,Memory and Syntax,2023.1.3,None,
,,,lu pleck,brocanto/stims/to_use/mechanic1.jpg,brocanto/stims/audio/abril_lu_pleck.wav,,,,,0,0,0,0,,,,,,,,,0,0,0,0,,,,,,,,,0,0,0,0,,,,,,,,,,,,,,,,,,,,,,,35.73776458296925,35.73776458296925,t,3.730414666701108,None,39.48752937512472,39.48752937512472,40.09320850018412,lu neep,"[2.0379080828279257, 0.16783841606229544, 2.0779484575614333, 0.41596220806241035, 2.5348263327032328, 0.555980833247304, 2.590935082640499, 0.7209074161946774]",40.09320850018412,40.09320850018412,40.09320850018412,"['l', 'u', 'space', 'n', 'e', 'e', 'p', 'return']","[2.0379080828279257, 2.205746498890221, 2.2457868736237288, 2.4939106656238437, 2.950788540765643, 3.0908071659505367, 3.146915915887803, 3.3118424988351762]","[None, None, None, None, None, None, None, None]",43.43142195837572,,1,1,pilot,2023-12-01_18h50.29.568,Memory and Syntax,2023.1.3,None,
,,,lu neep,brocanto/stims/to_use/doctor2.png,None,,,,,0,0,0,0,,,,,,,,,0,0,0,0,,,,,,,,,0,1,1,1,,,,,,,,,,,,,,,,,,,,,,,,,,,,,,44.44436195818707,lu pleimo,"[1.3126440830528736, 0.1398603329434991, 1.6477438751608133, 0.527809957973659, 1.9997381661087275, 0.6697259577922523, 2.1410275413654745, 0.7694358327426016, 2.6010810411535203, 0.9224228747189045]",44.44436195818707,44.44436195818707,44.44436195818707,"['l', 'u', 'space', 'p', 'l', 'e', 'i', 'm', 'o', 'return']","[1.3126440830528736, 1.4525044159963727, 1.7876042081043124, 2.1755538331344724, 2.5275481240823865, 2.6694641239009798, 2.8107534991577268, 2.910463374108076, 3.370516873896122, 3.523503915872425]","[None, None, None, None, None, None, None, None, None, None]",47.98173458315432,48.991942417342216,1,1,pilot,2023-12-01_18h50.29.568,Memory and Syntax,2023.1.3,None,
,,,lu blom,brocanto/stims/to_use/firefighter3.jpg,None,,,,,0,0,0,0,,,,,,,,,0,0,0,0,,,,,,,,,0,2,2,2,,,,,,,,,,,,,,,,,,,,,,,,,,,,,,48.991942417342216,lu blom,"[0.7078383741900325, 0.16896949987858534, 0.7761106244288385, 0.5956294997595251, 1.0311253746040165, 0.6916637914255261, 1.418168416712433, 0.7946452074684203, 1.553036333527416, 1.638600082602352, 1.7241393337026238, 1.7467074156738818, 2.0190533753484488, 1.8696361659094691, 2.139139417093247, 2.6244949572719634, 2.2192292916588485, 2.917444416321814, 2.5393369579687715, 3.2022249582223594, 2.6154803331010044, 3.4391388748772442]",48.991942417342216,48.991942417342216,48.991942417342216,"['l', 'u', 'space', 'b', 'l', 'o', 'm', 'backspace', 'backspace', 'backspace', 'b', 'l', 'o', 'm', 'backspace', 'backspace', 'backspace', 'b', 'l', 'm', 'backspace', 'o', 'm', 'return']","[0.7078383741900325, 0.8768078740686178, 0.9450801243074238, 1.3717401241883636, 1.4798552910797298, 1.6267548743635416, 1.7227891660295427, 2.1098322081379592, 2.2128136241808534, 2.3476815409958363, 3.11164724919945, 3.191636416129768, 3.3627394163049757, 3.4708467493765056, 3.7657607910223305, 3.888689541257918, 4.008775583002716, 4.7636343743652105, 4.843724248930812, 5.136673707980663, 5.4567813742905855, 5.741561916191131, 5.817705291323364, 6.054619207978249]","[None, None, None, None, None, None, None, None, None, None, None, None, None, None, None, None, None, None, None, None, None, None, None, None]",55.06062854221091,56.07458212506026,1,1,pilot,2023-12-01_18h50.29.568,Memory and Syntax,2023.1.3,None,
,,,,,,,,,,,,,,,,,,,,,,,,,,,,,,,,,,,,,,,,,,,,,,,,,,,,,,,,,,,,,,,,,,,56.07458212506026,Type response now,[],56.07458212506026,56.07458212506026,56.07458212506026,,,,,,,,,,,,,
