﻿word,img,Session1.thisRepN,Session1.thisTrialN,Session1.thisN,Session1.thisIndex,Session2.thisRepN,Session2.thisTrialN,Session2.thisN,Session2.thisIndex,S2_engAJT_block.thisRepN,S2_engAJT_block.thisTrialN,S2_engAJT_block.thisN,S2_engAJT_block.thisIndex,S2_vocabPhase.thisRepN,S2_vocabPhase.thisTrialN,S2_vocabPhase.thisN,S2_vocabPhase.thisIndex,S2_vocabRep.thisRepN,S2_vocabRep.thisTrialN,S2_vocabRep.thisN,S2_vocabRep.thisIndex,S2_vocabLearnTrials.thisRepN,S2_vocabLearnTrials.thisTrialN,S2_vocabLearnTrials.thisN,S2_vocabLearnTrials.thisIndex,S2_vocabTestTrials.thisRepN,S2_vocabTestTrials.thisTrialN,S2_vocabTestTrials.thisN,S2_vocabTestTrials.thisIndex,too_fast_punish.thisRepN,too_fast_punish.thisTrialN,too_fast_punish.thisN,too_fast_punish.thisIndex,brocanto_story.started,start_brocanto.started,vocab_learn_begin.started,vocab_text.started,key_resp.started,vocab_image.started,S2_vrepeat.started,S2_vrepeat_key_resp.started,S2_vrepeat_key_resp.keys,S2_vrepeat_key_resp.rt,vtest_instr_text.started,vtest_begin.started,answerbox.started,S2_vocabTest_resp,S2_vocabTest_rts,S2_vtest_key_resp.started,S2_vtest_text.started,S2_vtest_img.started,S2_vtest_key_resp.keys,S2_vtest_key_resp.rt,S2_vtest_fb.started,Sona ID,Experiment ID,Session,date,expName,psychopyVersion,frameRate,
lu blom,brocanto/stims/to_use/firefighter3.jpg,,,,,0,0,0,0,,,,,0,0,0,0,0,0,0,0,0,0,0,2,,,,,,,,,9.468189399689436,9.468189399689436,32.70301289996132,39.22101619979367,39.22101619979367,39.22101619979367,,,,,,,,,,,,,,,,1,1,pilot,2023-06-01_15h08.21.627,Memory and Syntax,2022.2.5,68.90787240268529,
lu neimo,brocanto/stims/to_use/pilot3.jpg,,,,,0,0,0,0,,,,,0,0,0,0,0,0,0,0,0,1,1,5,,,,,,,,,,,,40.07094440003857,40.07094440003857,40.07094440003857,,,,,,,,,,,,,,,,1,1,pilot,2023-06-01_15h08.21.627,Memory and Syntax,2022.2.5,68.90787240268529,
lu neep,brocanto/stims/to_use/doctor2.png,,,,,0,0,0,0,,,,,0,0,0,0,0,0,0,0,0,2,2,1,,,,,,,,,,,,40.63781749969348,40.63781749969348,40.63781749969348,,,,,,,,,,,,,,,,1,1,pilot,2023-06-01_15h08.21.627,Memory and Syntax,2022.2.5,68.90787240268529,
lu troise,brocanto/stims/to_use/janitor2.jpg,,,,,0,0,0,0,,,,,0,0,0,0,0,0,0,0,0,3,3,4,,,,,,,,,,,,41.16524040000513,41.16524040000513,41.16524040000513,,,,,,,,,,,,,,,,1,1,pilot,2023-06-01_15h08.21.627,Memory and Syntax,2022.2.5,68.90787240268529,
lu pleck,brocanto/stims/to_use/mechanic1.jpg,,,,,0,0,0,0,,,,,0,0,0,0,0,0,0,0,0,4,4,0,,,,,,,,,,,,41.64037669962272,41.64037669962272,41.64037669962272,,,,,,,,,,,,,,,,1,1,pilot,2023-06-01_15h08.21.627,Memory and Syntax,2022.2.5,68.90787240268529,
lu vode,brocanto/stims/to_use/chef1.jpg,,,,,0,0,0,0,,,,,0,0,0,0,0,0,0,0,0,5,5,3,,,,,,,,,,,,42.075429499614984,42.075429499614984,42.075429499614984,,,,,,,,,,,,,,,,1,1,pilot,2023-06-01_15h08.21.627,Memory and Syntax,2022.2.5,68.90787240268529,
lu neimo,brocanto/stims/to_use/pilot3.jpg,,,,,0,0,0,0,,,,,0,0,0,0,0,0,0,0,1,0,6,5,,,,,,,,,,,,42.53380579967052,42.53380579967052,42.53380579967052,,,,,,,,,,,,,,,,1,1,pilot,2023-06-01_15h08.21.627,Memory and Syntax,2022.2.5,68.90787240268529,
lu troise,brocanto/stims/to_use/janitor2.jpg,,,,,0,0,0,0,,,,,0,0,0,0,0,0,0,0,1,1,7,4,,,,,,,,,,,,42.96240910002962,42.96240910002962,42.96240910002962,,,,,,,,,,,,,,,,1,1,pilot,2023-06-01_15h08.21.627,Memory and Syntax,2022.2.5,68.90787240268529,
lu neep,brocanto/stims/to_use/doctor2.png,,,,,0,0,0,0,,,,,0,0,0,0,0,0,0,0,1,2,8,1,,,,,,,,,,,,43.414060399867594,43.414060399867594,43.414060399867594,,,,,,,,,,,,,,,,1,1,pilot,2023-06-01_15h08.21.627,Memory and Syntax,2022.2.5,68.90787240268529,
lu pleck,brocanto/stims/to_use/mechanic1.jpg,,,,,0,0,0,0,,,,,0,0,0,0,0,0,0,0,1,3,9,0,,,,,,,,,,,,43.88373829983175,43.88373829983175,43.88373829983175,,,,,,,,,,,,,,,,1,1,pilot,2023-06-01_15h08.21.627,Memory and Syntax,2022.2.5,68.90787240268529,
lu vode,brocanto/stims/to_use/chef1.jpg,,,,,0,0,0,0,,,,,0,0,0,0,0,0,0,0,1,4,10,3,,,,,,,,,,,,44.324513599742204,44.324513599742204,44.324513599742204,,,,,,,,,,,,,,,,1,1,pilot,2023-06-01_15h08.21.627,Memory and Syntax,2022.2.5,68.90787240268529,
lu blom,brocanto/stims/to_use/firefighter3.jpg,,,,,0,0,0,0,,,,,0,0,0,0,0,0,0,0,1,5,11,2,,,,,,,,,,,,44.735439399722964,44.735439399722964,44.735439399722964,,,,,,,,,,,,,,,,1,1,pilot,2023-06-01_15h08.21.627,Memory and Syntax,2022.2.5,68.90787240268529,
lu neimo,brocanto/stims/to_use/pilot3.jpg,,,,,0,0,0,0,,,,,0,0,0,0,1,0,1,0,0,0,0,5,,,,,,,,,,,46.690470200031996,47.74372719973326,47.74372719973326,47.74372719973326,45.1508227000013,45.1508227000013,r,1.5118172001093626,,,,,,,,,,,,1,1,pilot,2023-06-01_15h08.21.627,Memory and Syntax,2022.2.5,68.90787240268529,
lu blom,brocanto/stims/to_use/firefighter3.jpg,,,,,0,0,0,0,,,,,0,0,0,0,1,0,1,0,0,1,1,2,,,,,,,,,,,,50.03667879989371,50.03667879989371,50.03667879989371,,,,,,,,,,,,,,,,1,1,pilot,2023-06-01_15h08.21.627,Memory and Syntax,2022.2.5,68.90787240268529,
lu vode,brocanto/stims/to_use/chef1.jpg,,,,,0,0,0,0,,,,,0,0,0,0,1,0,1,0,0,2,2,3,,,,,,,,,,,,50.78722729999572,50.78722729999572,50.78722729999572,,,,,,,,,,,,,,,,1,1,pilot,2023-06-01_15h08.21.627,Memory and Syntax,2022.2.5,68.90787240268529,
lu pleck,brocanto/stims/to_use/mechanic1.jpg,,,,,0,0,0,0,,,,,0,0,0,0,1,0,1,0,0,3,3,0,,,,,,,,,,,,51.04482339974493,51.04482339974493,51.04482339974493,,,,,,,,,,,,,,,,1,1,pilot,2023-06-01_15h08.21.627,Memory and Syntax,2022.2.5,68.90787240268529,
lu neep,brocanto/stims/to_use/doctor2.png,,,,,0,0,0,0,,,,,0,0,0,0,1,0,1,0,0,4,4,1,,,,,,,,,,,,51.31320420000702,51.31320420000702,51.31320420000702,,,,,,,,,,,,,,,,1,1,pilot,2023-06-01_15h08.21.627,Memory and Syntax,2022.2.5,68.90787240268529,
lu troise,brocanto/stims/to_use/janitor2.jpg,,,,,0,0,0,0,,,,,0,0,0,0,1,0,1,0,0,5,5,4,,,,,,,,,,,,51.57177300006151,51.57177300006151,51.57177300006151,,,,,,,,,,,,,,,,1,1,pilot,2023-06-01_15h08.21.627,Memory and Syntax,2022.2.5,68.90787240268529,
lu troise,brocanto/stims/to_use/janitor2.jpg,,,,,0,0,0,0,,,,,0,0,0,0,1,0,1,0,1,0,6,4,,,,,,,,,,,,51.85293289972469,51.85293289972469,51.85293289972469,,,,,,,,,,,,,,,,1,1,pilot,2023-06-01_15h08.21.627,Memory and Syntax,2022.2.5,68.90787240268529,
lu neimo,brocanto/stims/to_use/pilot3.jpg,,,,,0,0,0,0,,,,,0,0,0,0,1,0,1,0,1,1,7,5,,,,,,,,,,,,52.18872299976647,52.18872299976647,52.18872299976647,,,,,,,,,,,,,,,,1,1,pilot,2023-06-01_15h08.21.627,Memory and Syntax,2022.2.5,68.90787240268529,
lu blom,brocanto/stims/to_use/firefighter3.jpg,,,,,0,0,0,0,,,,,0,0,0,0,1,0,1,0,1,2,8,2,,,,,,,,,,,,52.50014999974519,52.50014999974519,52.50014999974519,,,,,,,,,,,,,,,,1,1,pilot,2023-06-01_15h08.21.627,Memory and Syntax,2022.2.5,68.90787240268529,
lu vode,brocanto/stims/to_use/chef1.jpg,,,,,0,0,0,0,,,,,0,0,0,0,1,0,1,0,1,3,9,3,,,,,,,,,,,,52.74107049964368,52.74107049964368,52.74107049964368,,,,,,,,,,,,,,,,1,1,pilot,2023-06-01_15h08.21.627,Memory and Syntax,2022.2.5,68.90787240268529,
lu pleck,brocanto/stims/to_use/mechanic1.jpg,,,,,0,0,0,0,,,,,0,0,0,0,1,0,1,0,1,4,10,0,,,,,,,,,,,,52.968427799642086,52.968427799642086,52.968427799642086,,,,,,,,,,,,,,,,1,1,pilot,2023-06-01_15h08.21.627,Memory and Syntax,2022.2.5,68.90787240268529,
lu neep,brocanto/stims/to_use/doctor2.png,,,,,0,0,0,0,,,,,0,0,0,0,1,0,1,0,1,5,11,1,,,,,,,,,,,,53.19277719967067,53.19277719967067,53.19277719967067,,,,,,,,,,,,,,,,1,1,pilot,2023-06-01_15h08.21.627,Memory and Syntax,2022.2.5,68.90787240268529,
lu pleck,brocanto/stims/to_use/mechanic1.jpg,,,,,0,0,0,0,,,,,0,0,0,0,,,,,,,,,0,0,0,0,,,,,,,,,,,53.404888599645346,53.404888599645346,t,1.2716548000462353,54.70057379966602,54.70057379966602,55.9449922000058,lu pleck ,"[1.7416608999483287, 0.2520326003432274, 1.963629299774766, 0.58830890012905, 2.0715902000665665, 0.688189699780196, 2.347785500343889, 0.895784099586308, 2.9820105005055666, 1.057577199768275, 3.1520495004951954, 1.2175261997617781, 3.3442122004926205, 1.8237955993972719, 3.4597985008731484, 2.0937881991267204, 3.8458893010392785, 2.251920299138874, 4.017797701060772, 3.0018991990946233, 4.223701100796461, 3.117912699468434, 4.439646900631487, 3.2459270996041596, 4.884021000470966, 4.285671099554747]",55.9449922000058,55.9449922000058,55.9449922000058,"['l', 'u', 'space', 'p', 'l', 'e', 'c', 'k', 'backspace', 'backspace', 'backspace', 'backspace', 'backspace', 'l', 'e', 'c', 'backspace', 'backspace', 'backspace', 'p', 'l', 'e', 'c', 'k', 'space', 'return']","[1.7416608999483287, 1.9936935002915561, 2.2156619001179934, 2.551938199903816, 2.6598991001956165, 2.7597798998467624, 3.035975200124085, 3.243569599930197, 3.8777946000918746, 4.039587700273842, 4.20962670026347, 4.3695757002569735, 4.561738400254399, 5.168007799889892, 5.28359410027042, 5.553586699999869, 5.939677500165999, 6.097809600178152, 6.269718000199646, 7.019696900155395, 7.225600299891084, 7.341613800264895, 7.557559600099921, 7.685574000235647, 8.129948100075126, 9.169692100025713]",65.1377832996659,1,1,pilot,2023-06-01_15h08.21.627,Memory and Syntax,2022.2.5,68.90787240268529,
lu neep,brocanto/stims/to_use/doctor2.png,,,,,0,0,0,0,,,,,0,0,0,0,,,,,,,,,0,1,1,1,,,,,,,,,,,,,,,,,66.15545819979161, lu neep,"[1.1611239998601377, 0.27813700027763844, 1.3930288995616138, 1.6241700001992285, 1.5532465996220708, 1.7960653002373874, 1.7030831999145448, 2.166025099810213, 2.3955852002836764, 2.41763629950583, 2.705518000293523, 3.6675632996484637, 2.8536089002154768, 3.8236217997036874, 2.9935236000455916, 4.80566529976204]",66.15545819979161,66.15545819979161,66.15545819979161,"['l', 'u', 'space', 'backspace', 'backspace', 'backspace', 'backspace', 'space', 'l', 'u', 'space', 'n', 'e', 'e', 'p', 'return', 'return']","[1.1611239998601377, 1.4392610001377761, 1.6711658998392522, 3.0171988997608423, 3.1774165998212993, 3.349311899859458, 3.4991485001519322, 3.8691082997247577, 4.561610300093889, 4.813221499789506, 5.123154299799353, 6.373081299941987, 6.5211721998639405, 6.677230699919164, 6.817145399749279, 7.125610100105405, 7.799188899807632]",73.97913189977407,1,1,pilot,2023-06-01_15h08.21.627,Memory and Syntax,2022.2.5,68.90787240268529,
lu blom,brocanto/stims/to_use/firefighter3.jpg,,,,,0,0,0,0,,,,,0,0,0,0,,,,,,,,,0,2,2,2,,,,,,,,,,,,,,,,,74.99709860002622,        lu vode                         ,"[2.2835361999459565, 0.19798640022054315, 2.453527099918574, 0.3719742000102997, 2.6356084998697042, 0.5500156003981829, 2.799496999476105, 0.7080176007002592, 3.0554616996087134, 0.9900751006789505, 3.6355089992284775, 1.2240208010189235, 3.8133705989457667, 1.3621978010050952, 3.99537789914757, 1.5781077011488378, 4.16034699883312, 1.7430789014324546, 4.314417398534715, 1.9050767016597092, 4.466420098673552, 2.0671017016284168, 4.638447298668325, 2.399269301444292, 4.804698298685253, 2.5687761013396084, 4.980827898718417, 2.7246866011992097, 5.155239298939705, 2.908533301204443, 5.336995298974216, 3.094728800933808, 5.521287399344146, 3.2721327007748187, 5.891290599480271, 3.458125200588256, 6.081398799549788, 3.646350600756705, 6.259129599202424, 3.838441900908947, 6.693621098995209]",74.99709860002622,74.99709860002622,74.99709860002622,"['space', 'space', 'space', 'space', 'space', 'space', 'space', 'space', 'l', 'u', 'space', 'v', 'o', 'd', 'e', 'space', 'space', 'space', 'space', 'space', 'space', 'space', 'space', 'space', 'space', 'space', 'space', 'space', 'space', 'space', 'space', 'space', 'space', 'space', 'space', 'space', 'space', 'space', 'space', 'space', 'space', 'space', 'return']","[2.2835361999459565, 2.4815226001664996, 2.6515135001391172, 2.8255012999288738, 3.007582699880004, 3.185624100267887, 3.349512599874288, 3.507514600176364, 3.7634793003089726, 4.045536800287664, 4.625584099907428, 4.859529800247401, 5.03739139996469, 5.175568399950862, 5.357575700152665, 5.573485600296408, 5.738454699981958, 5.9034259002655745, 6.05749629996717, 6.219494100194424, 6.3714968003332615, 6.533521800301969, 6.705549000296742, 6.869578500278294, 7.037716600112617, 7.203967600129545, 7.373474400024861, 7.549604000058025, 7.705514499917626, 7.879925900138915, 8.063772600144148, 8.245528600178659, 8.431724099908024, 8.616016200277954, 8.793420100118965, 8.977529299911112, 9.16342330025509, 9.349415800068527, 9.539524000138044, 9.727749400306493, 9.905480199959129, 10.097571500111371, 10.532062999904156]",85.55403329990804,1,1,pilot,2023-06-01_15h08.21.627,Memory and Syntax,2022.2.5,68.90787240268529,
lu vode,brocanto/stims/to_use/chef1.jpg,,,,,0,0,0,0,,,,,0,0,0,0,,,,,,,,,0,3,3,3,,,,,,,,,,,,,,,,,86.57173989992589,      lu vode                       ,"[6.703356700018048, 0.6942526996135712, 6.883211000356823, 0.8601850992999971, 7.075509300455451, 1.018214099574834, 7.321283300407231, 1.2301811994984746, 7.495190600398928, 2.220375799573958, 7.657319400459528, 2.3480753991752863, 7.843305000569671, 2.5521599990315735, 8.00920220091939, 2.7204667991027236, 8.177065800875425, 2.8883743989281356, 8.347083600703627, 3.0624717990867794, 8.518990800715983, 3.226377598941326, 8.691015200689435, 3.392342599108815, 8.865160000510514, 3.57030539913103, 9.02908190060407, 3.7384897992014885, 9.218977000564337, 3.914745799265802, 9.39870750065893, 4.078663699328899, 9.564866300672293, 4.27256429893896, 9.740890800952911, 4.4467738987877965, 10.420627801213413]",86.57173989992589,86.57173989992589,86.57173989992589,"['space', 'space', 'space', 'space', 'space', 'space', 'l', 'u', 'space', 'v', 'o', 'd', 'e', 'space', 'space', 'space', 'space', 'space', 'space', 'space', 'space', 'space', 'space', 'space', 'space', 'space', 'space', 'space', 'space', 'space', 'space', 'space', 'space', 'space', 'space', 'space', 'return']","[6.703356700018048, 7.3976093996316195, 7.577463699970394, 7.74339609965682, 7.935694399755448, 8.093723400030285, 8.339497399982065, 8.551464499905705, 8.725371799897403, 9.715566399972886, 9.877695200033486, 10.005394799634814, 10.191380399744958, 10.395464999601245, 10.561362199950963, 10.729669000022113, 10.897532599978149, 11.065440199803561, 11.235457999631763, 11.409555399790406, 11.581462599802762, 11.745368399657309, 11.917392799630761, 12.08335779979825, 12.257502599619329, 12.435465399641544, 12.599387299735099, 12.767571699805558, 12.957466799765825, 13.133722799830139, 13.313453299924731, 13.477371199987829, 13.643530000001192, 13.837430599611253, 14.013455099891871, 14.187664699740708, 14.86740170000121]",101.45860469993204,1,1,pilot,2023-06-01_15h08.21.627,Memory and Syntax,2022.2.5,68.90787240268529,
lu troise,brocanto/stims/to_use/janitor2.jpg,,,,,0,0,0,0,,,,,0,0,0,0,,,,,,,,,0,4,4,4,,,,,,,,,,,,,,,,,102.4767835997045,lu troise                                   ,"[1.1586486999876797, 1.0136289997026324, 1.346697200089693, 1.2737102997489274, 1.5366458003409207, 1.3979811994358897, 1.7024485003203154, 1.4659212995320559, 1.834429600276053, 2.7199771995656192, 2.116638600360602, 2.887929799500853, 2.276319300290197, 3.222037499770522, 2.430316200014204, 4.304007499944419, 2.588558199815452, 4.4741191999055445, 2.742296400014311, 4.646114300005138, 2.8982343999668956, 4.8340739998966455, 3.0542562999762595, 4.996608699671924, 3.213632400147617, 5.168662499636412, 3.3816063003614545, 5.344718199688941, 3.563844900112599, 5.512457899749279, 3.7638767999596894, 5.684371599927545, 3.941937299910933, 5.870313500054181, 4.1143403998576105, 6.043933500070125, 4.284419999923557, 6.217878799885511, 4.458391000051051, 6.390281499829143, 4.63799209985882, 6.568338899873197, 4.807934400159866, 6.740403899922967, 4.999848499894142, 7.412594399880618]",102.4767835997045,102.4767835997045,102.4767835997045,"['l', 'u', 'space', 't', 'r', 'o', 'i', 's', 'e', 'home', 'space', 'space', 'space', 'space', 'space', 'space', 'space', 'space', 'space', 'space', 'space', 'space', 'space', 'space', 'space', 'space', 'space', 'space', 'space', 'space', 'space', 'space', 'space', 'space', 'space', 'space', 'space', 'space', 'space', 'space', 'space', 'space', 'space', 'space', 'space', 'space', 'return']","[1.1586486999876797, 2.172277699690312, 2.3603261997923255, 2.6204074998386204, 2.810356100089848, 2.9346269997768104, 3.100429699756205, 3.168369799852371, 3.300350899808109, 4.554406799841672, 4.836615799926221, 5.004568399861455, 5.16424909979105, 5.346398399677128, 5.498356800060719, 5.652353699784726, 6.7343236999586225, 6.892565699759871, 7.062677399720997, 7.216415599919856, 7.388410700019449, 7.5443486999720335, 7.732308399863541, 7.888330299872905, 8.050864999648184, 8.210241099819541, 8.382294899784029, 8.550268799997866, 8.726324500050396, 8.90856309980154, 9.076302799861878, 9.276334699708968, 9.448248399887234, 9.626308899838477, 9.812250799965113, 9.984653899911791, 10.158273899927735, 10.328353499993682, 10.502298799809068, 10.676269799936563, 10.848672499880195, 11.028273599687964, 11.206330999732018, 11.376273300033063, 11.548338300082833, 11.740252399817109, 12.41244289977476]",114.91256590001285,1,1,pilot,2023-06-01_15h08.21.627,Memory and Syntax,2022.2.5,68.90787240268529,
lu neimo,brocanto/stims/to_use/pilot3.jpg,,,,,0,0,0,0,,,,,0,0,0,0,,,,,,,,,0,5,5,5,,,,,,,,,,,,,,,,,115.92660629982129,                       lu neimo     ,"[0.8504345999099314, 0.6040048999711871, 1.3865090999752283, 0.7759631001390517, 1.5506653999909759, 0.9463797998614609, 1.7121942001394928, 1.1243582996539772, 1.8882101005874574, 1.3023636993020773, 2.048265600576997, 1.6543997996486723, 2.218100800178945, 1.8344737999141216, 2.398085799999535, 2.0163627001456916, 2.5742496997117996, 2.1962038003839552, 2.762454899493605, 2.363994700368494, 2.9286285997368395, 2.5460793003439903, 3.108456099871546, 2.7419958002865314, 3.2805304997600615, 2.9540608003735542, 3.8363945996388793, 3.226122900377959, 4.044401399791241, 3.3941849004477262, 4.280475999694318, 3.5960413003340364, 5.594597399700433, 4.126388500444591, 6.34844349976629, 4.3041165000759065, 6.554343100171536, 4.616178900003433, 6.718407699838281, 4.808169400319457, 6.896277899853885, 4.9823859999887645, 7.188420699909329]",115.92660629982129,115.92660629982129,115.92660629982129,"['l', 'backspace', 'space', 'space', 'space', 'space', 'space', 'space', 'space', 'space', 'space', 'space', 'space', 'space', 'space', 'space', 'space', 'space', 'space', 'space', 'space', 'space', 'space', 'space', 'space', 'space', 'l', 'u', 'space', 'n', 'e', 'i', 'm', 'o', 'backspace', 'backspace', 'backspace', 'i', 'm', 'o', 'space', 'space', 'space', 'space', 'space', 'return']","[0.8504345999099314, 1.4544394998811185, 1.9905139999464154, 2.16247220011428, 2.3266285001300275, 2.497045199852437, 2.6585740000009537, 2.83655249979347, 3.0125684002414346, 3.1905737998895347, 3.350629299879074, 3.5287436000071466, 3.702665400225669, 3.8725005998276174, 4.052574600093067, 4.232559599913657, 4.414448500145227, 4.590612399857491, 4.770453500095755, 4.95865869987756, 5.126449599862099, 5.292623300105333, 5.47470790008083, 5.654535400215536, 5.8504519001580775, 6.022526300046593, 6.234591300133616, 6.7904554000124335, 7.062517500016838, 7.2705243001692, 7.438586300238967, 7.543345400132239, 7.674660900142044, 7.876517300028354, 9.19063870003447, 9.380503899883479, 9.720985900145024, 10.474832000210881, 10.652559999842197, 10.858459600247443, 11.17052200017497, 11.334586599841714, 11.526577100157738, 11.704447300173342, 11.87866389984265, 12.170806699898094]",128.11191480001435,1,1,pilot,2023-06-01_15h08.21.627,Memory and Syntax,2022.2.5,68.90787240268529,
,,,,,,,,,,,,,,,,,,,,,,,,,,,,,,,,,,,,,,,,,,,,,,129.12862219987437,lu pleck,"[1.1685299002565444, 0.21430990006774664, 1.3042116002179682, 0.3686112998984754, 1.3560286001302302, 0.4862255002371967, 1.5444072000682354, 0.8440583003684878, 1.8465088000521064]",129.12862219987437,129.12862219987437,129.12862219987437,"['l', 'u', 'space', 'p', 'l', 'e', 'c', 'k', 'return']","[1.1685299002565444, 1.382839800324291, 1.5185215002857149, 1.6728229001164436, 1.7246399000287056, 1.8422541003674269, 2.030632700305432, 2.3884655004367232, 2.690567100420594]",131.84222149988636,,,,,,,,
