﻿ajt_sess,testSent,condition,word,img,audio,sentence,Session1.thisRepN,Session1.thisTrialN,Session1.thisN,Session1.thisIndex,Session2.thisRepN,Session2.thisTrialN,Session2.thisN,Session2.thisIndex,S2_engAJT_block.thisRepN,S2_engAJT_block.thisTrialN,S2_engAJT_block.thisN,S2_engAJT_block.thisIndex,s2_engAJT_trials.thisRepN,s2_engAJT_trials.thisTrialN,s2_engAJT_trials.thisN,s2_engAJT_trials.thisIndex,S2_vocabPhase.thisRepN,S2_vocabPhase.thisTrialN,S2_vocabPhase.thisN,S2_vocabPhase.thisIndex,S2_vocabRep.thisRepN,S2_vocabRep.thisTrialN,S2_vocabRep.thisN,S2_vocabRep.thisIndex,S2_vocabLearnTrials.thisRepN,S2_vocabLearnTrials.thisTrialN,S2_vocabLearnTrials.thisN,S2_vocabLearnTrials.thisIndex,S2_vocabTestTrials.thisRepN,S2_vocabTestTrials.thisTrialN,S2_vocabTestTrials.thisN,S2_vocabTestTrials.thisIndex,too_fast_punish.thisRepN,too_fast_punish.thisTrialN,too_fast_punish.thisN,too_fast_punish.thisIndex,S2_sentLearnTrials.thisRepN,S2_sentLearnTrials.thisTrialN,S2_sentLearnTrials.thisN,S2_sentLearnTrials.thisIndex,S2_sentPraxPhase.thisRepN,S2_sentPraxPhase.thisTrialN,S2_sentPraxPhase.thisN,S2_sentPraxPhase.thisIndex,s2_sentPrax_C,s2_sentPrax_P,s4_sentPrax_C,s4_sentPrax_P,s5_sentPrax_C,s5_sentPrax_P,s6_sentPrax_C,s6_sentPrax_P,S2_sentPraxC_block.thisRepN,S2_sentPraxC_block.thisTrialN,S2_sentPraxC_block.thisN,S2_sentPraxC_block.thisIndex,S2_sentPraxC_trials.thisRepN,S2_sentPraxC_trials.thisTrialN,S2_sentPraxC_trials.thisN,S2_sentPraxC_trials.thisIndex,target,foils,wordbank,ajt_instr.started,start_ajt.started,progress_bar1.started,progress_bar2.started,progress_bar_txt.started,start_ajt.keys,start_ajt.rt,start_ajt.duration,eng_ajt_sent.started,acceptability.started,acceptability.response,acceptability.rt,brocanto_story.started,start_brocanto.started,vocab_learn_begin.started,vocab_text.started,key_resp.started,vocab_image.started,S2_vrepeat.started,S2_vrepeat_key_resp.started,S2_vrepeat_key_resp.keys,S2_vrepeat_key_resp.rt,S2_vrepeat_key_resp.duration,vtest_instr_text.started,vtest_begin.started,answerbox.started,S2_vocabTest_resp,S2_vocabTest_rts,S2_vtest_key_resp.started,S2_vtest_text.started,S2_vtest_img.started,S2_vtest_key_resp.keys,S2_vtest_key_resp.rt,S2_vtest_key_resp.duration,S2_vtest_fb.started,S2_vtest_fb.stopped,S2_vtest_eval.started,S2_v_phase_end.started,S2_v_phase_end.keys,S2_v_phase_end.rt,S2_v_phase_end.duration,sent_learn_instr_text.started,sent_learn_begin.started,sent_learn_img.started,sent_text.started,sent_prax_instr_text.started,sent_prax_begin.started,sentPrax_C_instr_text.started,comp_target1.started,comp_target2.started,comp_target3.started,comp_target4.started,sentPrax_C_begin.started,blankITI.started,Sona ID,Experiment ID,Session,date,expName,psychopyVersion,frameRate,
2,Mary confused around the porch.,ASV,,,,,,,,,0,0,0,0,0,0,0,0,0,0,0,14,,,,,,,,,,,,,,,,,,,,,,,,,,,,,,,,,,,,,,,,,,,,,,,,20.660363957751542,20.660363957751542,20.660363957751542,20.660363957751542,20.660363957751542,space,2.878407666925341,None,23.611095333006233,23.611095333006233,1.0,3.8937395000830293,,,,,,,,,,,,,,,,,,,,,,,,,,,,,,,,,,,,,,,,,,,1,1,pilot,2023-12-01_00h59.32.376,Memory and Syntax,2023.1.3,None,
2,There has been a man considered violent.,filler,,,,,,,,,0,0,0,0,0,0,0,0,0,1,1,5,,,,,,,,,,,,,,,,,,,,,,,,,,,,,,,,,,,,,,,,,,,,,,,,,,,,,,,,27.489661999978125,27.489661999978125,3.0,1.5868065408430994,,,,,,,,,,,,,,,,,,,,,,,,,,,,,,,,,,,,,,,,,,,1,1,pilot,2023-12-01_00h59.32.376,Memory and Syntax,2023.1.3,None,
2,Carla was hoped to graduate high school.,filler,,,,,,,,,0,0,0,0,0,0,0,0,0,2,2,2,,,,,,,,,,,,,,,,,,,,,,,,,,,,,,,,,,,,,,,,,,,,,,,,,,,,,,,,29.08966179098934,29.08966179098934,6.1,0.8954799589700997,,,,,,,,,,,,,,,,,,,,,,,,,,,,,,,,,,,,,,,,,,,1,1,pilot,2023-12-01_00h59.32.376,Memory and Syntax,2023.1.3,None,
2,You don't get a drink or a bite.,WO,,,,,,,,,0,0,0,0,0,0,0,0,0,3,3,19,,,,,,,,,,,,,,,,,,,,,,,,,,,,,,,,,,,,,,,,,,,,,,,,,,,,,,,,29.998049040790647,29.998049040790647,4.5,0.770922084338963,,,,,,,,,,,,,,,,,,,,,,,,,,,,,,,,,,,,,,,,,,,1,1,pilot,2023-12-01_00h59.32.376,Memory and Syntax,2023.1.3,None,
2,Sam tried to win.,WO,,,,,,,,,0,0,0,0,0,0,0,0,0,4,4,13,,,,,,,,,,,,,,,,,,,,,,,,,,,,,,,,,,,,,,,,,,,,,,,,,,,,,,,,30.781124082859606,30.781124082859606,3.5,0.45432341704145074,,,,,,,,,,,,,,,,,,,,,,,,,,,,,,,,,,,,,,,,,,,1,1,pilot,2023-12-01_00h59.32.376,Memory and Syntax,2023.1.3,None,
2,"By thinking of food, the cat got excited.",AS,,,,,,,,,0,0,0,0,0,0,0,0,0,5,5,11,,,,,,,,,,,,,,,,,,,,,,,,,,,,,,,,,,,,,,,,,,,,,,,,,,,,,,,,31.248350583016872,31.248350583016872,5.4,0.3293643333017826,,,,,,,,,,,,,,,,,,,,,,,,,,,,,,,,,,,,,,,,,,,1,1,pilot,2023-12-01_00h59.32.376,Memory and Syntax,2023.1.3,None,
2,The eerie sound frightened Seth.,WOV,,,,,,,,,0,0,0,0,0,0,0,0,0,6,6,0,,,,,,,,,,,,,,,,,,,,,,,,,,,,,,,,,,,,,,,,,,,,,,,,,,,,,,,,31.5897270408459,31.5897270408459,6.0,0.28732437500730157,,,,,,,,,,,,,,,,,,,,,,,,,,,,,,,,,,,,,,,,,,,1,1,pilot,2023-12-01_00h59.32.376,Memory and Syntax,2023.1.3,None,
2,The banquet will be a disaster.,WO ,,,,,,,,,0,0,0,0,0,0,0,0,0,7,7,3,,,,,,,,,,,,,,,,,,,,,,,,,,,,,,,,,,,,,,,,,,,,,,,,,,,,,,,,31.888945874758065,31.888945874758065,3.6,0.2968619158491492,,,,,,,,,,,,,,,,,,,,,,,,,,,,,,,,,,,,,,,,,,,1,1,pilot,2023-12-01_00h59.32.376,Memory and Syntax,2023.1.3,None,
2,There has been considered a man violent.,filler,,,,,,,,,0,0,0,0,0,0,0,0,0,8,8,20,,,,,,,,,,,,,,,,,,,,,,,,,,,,,,,,,,,,,,,,,,,,,,,,,,,,,,,,32.19790124986321,32.19790124986321,2.5,0.3454143749549985,,,,,,,,,,,,,,,,,,,,,,,,,,,,,,,,,,,,,,,,,,,1,1,pilot,2023-12-01_00h59.32.376,Memory and Syntax,2023.1.3,None,
2,"Arty is sick, and Mark does so too.",filler,,,,,,,,,0,0,0,0,0,0,0,0,0,9,9,15,,,,,,,,,,,,,,,,,,,,,,,,,,,,,,,,,,,,,,,,,,,,,,,,,,,,,,,,32.55547716608271,32.55547716608271,4.3,0.31321149971336126,,,,,,,,,,,,,,,,,,,,,,,,,,,,,,,,,,,,,,,,,,,1,1,pilot,2023-12-01_00h59.32.376,Memory and Syntax,2023.1.3,None,
2,Flooded John intentionally the room.,WOV,,,,,,,,,0,0,0,0,0,0,0,0,0,10,10,24,,,,,,,,,,,,,,,,,,,,,,,,,,,,,,,,,,,,,,,,,,,,,,,,,,,,,,,,32.8815102907829,32.8815102907829,4.3,0.16190883331000805,,,,,,,,,,,,,,,,,,,,,,,,,,,,,,,,,,,,,,,,,,,1,1,pilot,2023-12-01_00h59.32.376,Memory and Syntax,2023.1.3,None,
2,Brittnary touched plenty of.,filler,,,,,,,,,0,0,0,0,0,0,0,0,0,11,11,4,,,,,,,,,,,,,,,,,,,,,,,,,,,,,,,,,,,,,,,,,,,,,,,,,,,,,,,,33.05472533311695,33.05472533311695,4.3,0.12185083422809839,,,,,,,,,,,,,,,,,,,,,,,,,,,,,,,,,,,,,,,,,,,1,1,pilot,2023-12-01_00h59.32.376,Memory and Syntax,2023.1.3,None,
2,"Around 3, the dog was wounded.",AS ,,,,,,,,,0,0,0,0,0,0,0,0,0,12,12,6,,,,,,,,,,,,,,,,,,,,,,,,,,,,,,,,,,,,,,,,,,,,,,,,,,,,,,,,33.188194666057825,33.188194666057825,4.3,0.12992087518796325,,,,,,,,,,,,,,,,,,,,,,,,,,,,,,,,,,,,,,,,,,,1,1,pilot,2023-12-01_00h59.32.376,Memory and Syntax,2023.1.3,None,
2,Frightened Seth the eerie sound.,WOV,,,,,,,,,0,0,0,0,0,0,0,0,0,13,13,1,,,,,,,,,,,,,,,,,,,,,,,,,,,,,,,,,,,,,,,,,,,,,,,,,,,,,,,,33.330556833185256,33.330556833185256,4.3,0.17097537498921156,,,,,,,,,,,,,,,,,,,,,,,,,,,,,,,,,,,,,,,,,,,1,1,pilot,2023-12-01_00h59.32.376,Memory and Syntax,2023.1.3,None,
2,"Around 3, the dog wounded.",ASV,,,,,,,,,0,0,0,0,0,0,0,0,0,14,14,18,,,,,,,,,,,,,,,,,,,,,,,,,,,,,,,,,,,,,,,,,,,,,,,,,,,,,,,,33.51386920781806,33.51386920781806,3.7,0.14656058279797435,,,,,,,,,,,,,,,,,,,,,,,,,,,,,,,,,,,,,,,,,,,1,1,pilot,2023-12-01_00h59.32.376,Memory and Syntax,2023.1.3,None,
2,It seems to him that Kim solved the problem.,filler,,,,,,,,,0,0,0,0,0,0,0,0,0,15,15,25,,,,,,,,,,,,,,,,,,,,,,,,,,,,,,,,,,,,,,,,,,,,,,,,,,,,,,,,33.673219208139926,33.673219208139926,3.7,0.14368708292022347,,,,,,,,,,,,,,,,,,,,,,,,,,,,,,,,,,,,,,,,,,,1,1,pilot,2023-12-01_00h59.32.376,Memory and Syntax,2023.1.3,None,
2,She laughed herself at the comedy show.,ASV,,,,,,,,,0,0,0,0,0,0,0,0,0,16,16,8,,,,,,,,,,,,,,,,,,,,,,,,,,,,,,,,,,,,,,,,,,,,,,,,,,,,,,,,33.83224087487906,33.83224087487906,3.7,0.11195125011727214,,,,,,,,,,,,,,,,,,,,,,,,,,,,,,,,,,,,,,,,,,,1,1,pilot,2023-12-01_00h59.32.376,Memory and Syntax,2023.1.3,None,
2,Mary was confused around the porch.,AS,,,,,,,,,0,0,0,0,0,0,0,0,0,17,17,9,,,,,,,,,,,,,,,,,,,,,,,,,,,,,,,,,,,,,,,,,,,,,,,,,,,,,,,,33.95558016607538,33.95558016607538,3.7,0.12893033307045698,,,,,,,,,,,,,,,,,,,,,,,,,,,,,,,,,,,,,,,,,,,1,1,pilot,2023-12-01_00h59.32.376,Memory and Syntax,2023.1.3,None,
2,I told Mandy who would win the election.,filler,,,,,,,,,0,0,0,0,0,0,0,0,0,18,18,28,,,,,,,,,,,,,,,,,,,,,,,,,,,,,,,,,,,,,,,,,,,,,,,,,,,,,,,,34.097551458049566,34.097551458049566,3.7,0.12977862497791648,,,,,,,,,,,,,,,,,,,,,,,,,,,,,,,,,,,,,,,,,,,1,1,pilot,2023-12-01_00h59.32.376,Memory and Syntax,2023.1.3,None,
2,Wrote she a poem her boyfriend.,WOV,,,,,,,,,0,0,0,0,0,0,0,0,0,19,19,27,,,,,,,,,,,,,,,,,,,,,,,,,,,,,,,,,,,,,,,,,,,,,,,,,,,,,,,,34.23831445816904,34.23831445816904,2.7,0.2633776250295341,,,,,,,,,,,,,,,,,,,,,,,,,,,,,,,,,,,,,,,,,,,1,1,pilot,2023-12-01_00h59.32.376,Memory and Syntax,2023.1.3,None,
2,I cried.,AS,,,,,,,,,0,0,0,0,0,0,0,0,0,20,20,26,,,,,,,,,,,,,,,,,,,,,,,,,,,,,,,,,,,,,,,,,,,,,,,,,,,,,,,,34.51275375019759,34.51275375019759,2.7,0.13851770805194974,,,,,,,,,,,,,,,,,,,,,,,,,,,,,,,,,,,,,,,,,,,1,1,pilot,2023-12-01_00h59.32.376,Memory and Syntax,2023.1.3,None,
2,Brittany attempted to touch the porcupine.,filler,,,,,,,,,0,0,0,0,0,0,0,0,0,21,21,17,,,,,,,,,,,,,,,,,,,,,,,,,,,,,,,,,,,,,,,,,,,,,,,,,,,,,,,,34.66517333313823,34.66517333313823,2.7,0.12094141589477658,,,,,,,,,,,,,,,,,,,,,,,,,,,,,,,,,,,,,,,,,,,1,1,pilot,2023-12-01_00h59.32.376,Memory and Syntax,2023.1.3,None,
2,"At the party, he ran himself.",ASV,,,,,,,,,0,0,0,0,0,0,0,0,0,22,22,22,,,,,,,,,,,,,,,,,,,,,,,,,,,,,,,,,,,,,,,,,,,,,,,,,,,,,,,,34.79717404115945,34.79717404115945,2.7,0.13761170767247677,,,,,,,,,,,,,,,,,,,,,,,,,,,,,,,,,,,,,,,,,,,1,1,pilot,2023-12-01_00h59.32.376,Memory and Syntax,2023.1.3,None,
2,He seems to that Kim solved the problem.,filler,,,,,,,,,0,0,0,0,0,0,0,0,0,23,23,21,,,,,,,,,,,,,,,,,,,,,,,,,,,,,,,,,,,,,,,,,,,,,,,,,,,,,,,,34.94846212491393,34.94846212491393,2.7,0.12049850029870868,,,,,,,,,,,,,,,,,,,,,,,,,,,,,,,,,,,,,,,,,,,1,1,pilot,2023-12-01_00h59.32.376,Memory and Syntax,2023.1.3,None,
2,It is important for one to sleep regularly.,filler,,,,,,,,,0,0,0,0,0,0,0,0,0,24,24,29,,,,,,,,,,,,,,,,,,,,,,,,,,,,,,,,,,,,,,,,,,,,,,,,,,,,,,,,35.08113404083997,35.08113404083997,2.7,0.12018362525850534,,,,,,,,,,,,,,,,,,,,,,,,,,,,,,,,,,,,,,,,,,,1,1,pilot,2023-12-01_00h59.32.376,Memory and Syntax,2023.1.3,None,
2,"Arty is sick, and Mark is too.",filler,,,,,,,,,0,0,0,0,0,0,0,0,0,25,25,10,,,,,,,,,,,,,,,,,,,,,,,,,,,,,,,,,,,,,,,,,,,,,,,,,,,,,,,,35.21375925000757,35.21375925000757,2.7,0.12934091687202454,,,,,,,,,,,,,,,,,,,,,,,,,,,,,,,,,,,,,,,,,,,1,1,pilot,2023-12-01_00h59.32.376,Memory and Syntax,2023.1.3,None,
2,I cried myself.,ASV,,,,,,,,,0,0,0,0,0,0,0,0,0,26,26,12,,,,,,,,,,,,,,,,,,,,,,,,,,,,,,,,,,,,,,,,,,,,,,,,,,,,,,,,35.35433450015262,35.35433450015262,2.7,0.1312999171204865,,,,,,,,,,,,,,,,,,,,,,,,,,,,,,,,,,,,,,,,,,,1,1,pilot,2023-12-01_00h59.32.376,Memory and Syntax,2023.1.3,None,
2,Carla appears to have graduated high school.,filler,,,,,,,,,0,0,0,0,0,0,0,0,0,27,27,7,,,,,,,,,,,,,,,,,,,,,,,,,,,,,,,,,,,,,,,,,,,,,,,,,,,,,,,,35.49782649986446,35.49782649986446,2.7,0.12900066701695323,,,,,,,,,,,,,,,,,,,,,,,,,,,,,,,,,,,,,,,,,,,1,1,pilot,2023-12-01_00h59.32.376,Memory and Syntax,2023.1.3,None,
2,Tried Sam to win.,WOV,,,,,,,,,0,0,0,0,0,0,0,0,0,28,28,16,,,,,,,,,,,,,,,,,,,,,,,,,,,,,,,,,,,,,,,,,,,,,,,,,,,,,,,,35.637845166027546,35.637845166027546,2.7,0.1638304591178894,,,,,,,,,,,,,,,,,,,,,,,,,,,,,,,,,,,,,,,,,,,1,1,pilot,2023-12-01_00h59.32.376,Memory and Syntax,2023.1.3,None,
2,Swam she at least thirty miles.,WOV,,,,,,,,,0,0,0,0,0,0,0,0,0,29,29,23,,,,,,,,,,,,,,,,,,,,,,,,,,,,,,,,,,,,,,,,,,,,,,,,,,,,,,,,35.813664957880974,35.813664957880974,2.7,0.1295831250026822,,,,,,,,,,,,,,,,,,,,,,,,,,,,,,,,,,,,,,,,,,,1,1,pilot,2023-12-01_00h59.32.376,Memory and Syntax,2023.1.3,None,
,,,lu vode,brocanto/stims/to_use/chef1.jpg,None,,,,,,0,0,0,0,,,,,,,,,0,0,0,0,0,0,0,0,0,0,0,3,,,,,,,,,,,,,,,,,,,,,,,,,,,,,,,,,,,,,,,,,,,,,,,,35.95207104086876,35.95207104086876,38.40837329113856,38.9998111249879,38.9998111249879,38.9998111249879,,,,,,,,,,,,,,,,,,,,,,,,,,,,,,,,,,,,,1,1,pilot,2023-12-01_00h59.32.376,Memory and Syntax,2023.1.3,None,
,,,lu neep,brocanto/stims/to_use/doctor2.png,None,,,,,,0,0,0,0,,,,,,,,,0,0,0,0,0,0,0,0,0,1,1,1,,,,,,,,,,,,,,,,,,,,,,,,,,,,,,,,,,,,,,,,,,,,,,,,,,,39.906658166088164,39.906658166088164,39.906658166088164,,,,,,,,,,,,,,,,,,,,,,,,,,,,,,,,,,,,,1,1,pilot,2023-12-01_00h59.32.376,Memory and Syntax,2023.1.3,None,
,,,lu pleck,brocanto/stims/to_use/mechanic1.jpg,brocanto/stims/audio/abril_lu_pleck.wav,,,,,,0,0,0,0,,,,,,,,,0,0,0,0,0,0,0,0,0,2,2,0,,,,,,,,,,,,,,,,,,,,,,,,,,,,,,,,,,,,,,,,,,,,,,,,,,,40.281265791039914,40.281265791039914,40.281265791039914,,,,,,,,,,,,,,,,,,,,,,,,,,,,,,,,,,,,,1,1,pilot,2023-12-01_00h59.32.376,Memory and Syntax,2023.1.3,None,
,,,lu troise,brocanto/stims/to_use/janitor2.jpg,None,,,,,,0,0,0,0,,,,,,,,,0,0,0,0,0,0,0,0,0,3,3,4,,,,,,,,,,,,,,,,,,,,,,,,,,,,,,,,,,,,,,,,,,,,,,,,,,,40.423465208150446,40.423465208150446,40.423465208150446,,,,,,,,,,,,,,,,,,,,,,,,,,,,,,,,,,,,,1,1,pilot,2023-12-01_00h59.32.376,Memory and Syntax,2023.1.3,None,
,,,lu neimo,brocanto/stims/to_use/pilot3.jpg,None,,,,,,0,0,0,0,,,,,,,,,0,0,0,0,0,0,0,0,0,4,4,5,,,,,,,,,,,,,,,,,,,,,,,,,,,,,,,,,,,,,,,,,,,,,,,,,,,40.5701497499831,40.5701497499831,40.5701497499831,,,,,,,,,,,,,,,,,,,,,,,,,,,,,,,,,,,,,1,1,pilot,2023-12-01_00h59.32.376,Memory and Syntax,2023.1.3,None,
,,,lu blom,brocanto/stims/to_use/firefighter3.jpg,None,,,,,,0,0,0,0,,,,,,,,,0,0,0,0,0,0,0,0,0,5,5,2,,,,,,,,,,,,,,,,,,,,,,,,,,,,,,,,,,,,,,,,,,,,,,,,,,,40.75140933319926,40.75140933319926,40.75140933319926,,,,,,,,,,,,,,,,,,,,,,,,,,,,,,,,,,,,,1,1,pilot,2023-12-01_00h59.32.376,Memory and Syntax,2023.1.3,None,
,,,lu neimo,brocanto/stims/to_use/pilot3.jpg,None,,,,,,0,0,0,0,,,,,,,,,0,0,0,0,0,0,0,0,1,0,6,5,,,,,,,,,,,,,,,,,,,,,,,,,,,,,,,,,,,,,,,,,,,,,,,,,,,40.91091404110193,40.91091404110193,40.91091404110193,,,,,,,,,,,,,,,,,,,,,,,,,,,,,,,,,,,,,1,1,pilot,2023-12-01_00h59.32.376,Memory and Syntax,2023.1.3,None,
,,,lu blom,brocanto/stims/to_use/firefighter3.jpg,None,,,,,,0,0,0,0,,,,,,,,,0,0,0,0,0,0,0,0,1,1,7,2,,,,,,,,,,,,,,,,,,,,,,,,,,,,,,,,,,,,,,,,,,,,,,,,,,,41.10067750001326,41.10067750001326,41.10067750001326,,,,,,,,,,,,,,,,,,,,,,,,,,,,,,,,,,,,,1,1,pilot,2023-12-01_00h59.32.376,Memory and Syntax,2023.1.3,None,
,,,lu vode,brocanto/stims/to_use/chef1.jpg,None,,,,,,0,0,0,0,,,,,,,,,0,0,0,0,0,0,0,0,1,2,8,3,,,,,,,,,,,,,,,,,,,,,,,,,,,,,,,,,,,,,,,,,,,,,,,,,,,41.28410824993625,41.28410824993625,41.28410824993625,,,,,,,,,,,,,,,,,,,,,,,,,,,,,,,,,,,,,1,1,pilot,2023-12-01_00h59.32.376,Memory and Syntax,2023.1.3,None,
,,,lu pleck,brocanto/stims/to_use/mechanic1.jpg,brocanto/stims/audio/abril_lu_pleck.wav,,,,,,0,0,0,0,,,,,,,,,0,0,0,0,0,0,0,0,1,3,9,0,,,,,,,,,,,,,,,,,,,,,,,,,,,,,,,,,,,,,,,,,,,,,,,,,,,41.443809166084975,41.443809166084975,41.443809166084975,,,,,,,,,,,,,,,,,,,,,,,,,,,,,,,,,,,,,1,1,pilot,2023-12-01_00h59.32.376,Memory and Syntax,2023.1.3,None,
,,,lu neep,brocanto/stims/to_use/doctor2.png,None,,,,,,0,0,0,0,,,,,,,,,0,0,0,0,0,0,0,0,1,4,10,1,,,,,,,,,,,,,,,,,,,,,,,,,,,,,,,,,,,,,,,,,,,,,,,,,,,41.6345049161464,41.6345049161464,41.6345049161464,,,,,,,,,,,,,,,,,,,,,,,,,,,,,,,,,,,,,1,1,pilot,2023-12-01_00h59.32.376,Memory and Syntax,2023.1.3,None,
,,,lu troise,brocanto/stims/to_use/janitor2.jpg,None,,,,,,0,0,0,0,,,,,,,,,0,0,0,0,0,0,0,0,1,5,11,4,,,,,,,,,,,,,,,,,,,,,,,,,,,,,,,,,,,,,,,,,,,,,,,,,,,41.81073441589251,41.81073441589251,41.81073441589251,,,,,,,,,,,,,,,,,,,,,,,,,,,,,,,,,,,,,1,1,pilot,2023-12-01_00h59.32.376,Memory and Syntax,2023.1.3,None,
,,,lu pleck,brocanto/stims/to_use/mechanic1.jpg,brocanto/stims/audio/abril_lu_pleck.wav,,,,,,0,0,0,0,,,,,,,,,0,0,0,0,,,,,,,,,0,0,0,0,,,,,,,,,,,,,,,,,,,,,,,,,,,,,,,,,,,,,,,,,,,,,,,,,,41.95143908308819,41.95143908308819,r,4.716367917135358,None,46.68116975016892,46.68116975016892,47.42931491602212,lu neep,"[2.450517083052546, 0.16787904081866145, 2.63946787500754, 0.32890891609713435, 2.848522416781634, 0.45883208233863115, 2.948570125736296, 0.6738352072425187]",47.42931491602212,47.42931491602212,47.42931491602212,"['l', 'u', 'space', 'n', 'e', 'e', 'p', 'return']","[2.450517083052546, 2.6183961238712072, 2.8073469158262014, 2.9683767911046743, 3.1774313328787684, 3.3073544991202652, 3.4074022080749273, 3.622405332978815]","[None, None, None, None, None, None, None, None]",51.07207441609353,,,,,,,,,,,,,,,,,,,,1,1,pilot,2023-12-01_00h59.32.376,Memory and Syntax,2023.1.3,None,
,,,lu neep,brocanto/stims/to_use/doctor2.png,None,,,,,,0,0,0,0,,,,,,,,,0,0,0,0,,,,,,,,,0,1,1,1,,,,,,,,,,,,,,,,,,,,,,,,,,,,,,,,,,,,,,,,,,,,,,,,,,,,,,,,,52.08626054087654, lu vode,"[0.011347166262567043, 1.0719205839559436, 0.20340008242055774, 1.2078820429742336, 0.5683492482639849, 1.3079066267237067, 0.6323662484064698, 1.4730632519349456, 0.7293257480487227]",52.08626054087654,52.08626054087654,52.08626054087654,"['space', 'l', 'u', 'space', 'v', 'o', 'd', 'e', 'return']","[0.011347166262567043, 1.0832677502185106, 1.2753206663765013, 1.4112821253947914, 1.7762312912382185, 1.8762558749876916, 1.9402728751301765, 2.1054295003414154, 2.2023889999836683]","[None, None, None, None, None, None, None, None, None]",63.294831375125796,64.31116412486881,,,,,,,,,,,,,,,,,,,1,1,pilot,2023-12-01_00h59.32.376,Memory and Syntax,2023.1.3,None,
,,,lu blom,brocanto/stims/to_use/firefighter3.jpg,None,,,,,,0,0,0,0,,,,,,,,,0,0,0,0,,,,,,,,,0,2,2,2,,,,,,,,,,,,,,,,,,,,,,,,,,,,,,,,,,,,,,,,,,,,,,,,,,,,,,,,,64.31116412486881,lu blom,"[1.8158837496303022, 0.1081697503104806, 2.1456874166615307, 0.36708329105749726, 2.3117553759366274, 0.5072168316692114, 2.7176740849390626, 0.6712160399183631, 3.1077562100254, 0.8961406648159027, 3.5686567099764943, 1.0002334569580853, 4.014628459699452, 1.1302832481451333, 4.398500709794462, 1.3972302069887519, 4.502642001025379, 1.5701484568417072]",64.31116412486881,64.31116412486881,64.31116412486881,"['l', 'u', 'space', 'v', 'o', 'd', 'backspace', 'backspace', 'backspace', 'b', 'l', 'o', 'm', 'backspace', 'backspace', 'l', 'o', 'm', 'return']","[1.8158837496303022, 1.9240534999407828, 2.2538571669720113, 2.512770707719028, 2.6788386669941247, 2.8189722076058388, 3.224890916608274, 3.3888901248574257, 3.778972249943763, 4.003896874841303, 4.09993395768106, 4.464797374792397, 4.56889016693458, 5.014861916657537, 5.144911707844585, 5.528783957939595, 5.795730916783214, 5.899872208014131, 6.072790457867086]","[None, None, None, None, None, None, None, None, None, None, None, None, None, None, None, None, None, None, None]",70.39879091596231,,,,,,,,,,,,,,,,,,,,1,1,pilot,2023-12-01_00h59.32.376,Memory and Syntax,2023.1.3,None,
,,,lu vode,brocanto/stims/to_use/chef1.jpg,None,,,,,,0,0,0,0,,,,,,,,,0,0,0,0,,,,,,,,,0,3,3,3,,,,,,,,,,,,,,,,,,,,,,,,,,,,,,,,,,,,,,,,,,,,,,,,,,,,,,,,,71.41292570810765,lu vode,"[1.2169581251218915, 0.19599704118445516, 1.6388193340972066, 0.4901168323121965, 1.7388422507792711, 0.6627813326194882, 2.1269935006275773, 0.8019024156965315, 2.247900167480111, 1.3559469156898558, 2.3827960845083, 1.4760975819081068, 2.5257753343321383, 1.6049823318608105]",71.41292570810765,71.41292570810765,71.41292570810765,"['l', 'u', 'space', 'v', 'o', 'd', 'e', 'backspace', 'backspace', 'backspace', 'v', 'o', 'd', 'e', 'return']","[1.2169581251218915, 1.4129551663063467, 1.8348163752816617, 2.0222120410762727, 2.128936166409403, 2.2289590830914676, 2.4016235833987594, 2.7897748332470655, 2.928895916324109, 3.0498025831766427, 3.603847083169967, 3.7387430001981556, 3.8588936664164066, 4.001872916240245, 4.130757666192949]","[None, None, None, None, None, None, None, None, None, None, None, None, None, None, None]",75.55472833290696,76.57049500010908,,,,,,,,,,,,,,,,,,,1,1,pilot,2023-12-01_00h59.32.376,Memory and Syntax,2023.1.3,None,
,,,lu troise,brocanto/stims/to_use/janitor2.jpg,None,,,,,,0,0,0,0,,,,,,,,,0,0,0,0,,,,,,,,,0,4,4,4,,,,,,,,,,,,,,,,,,,,,,,,,,,,,,,,,,,,,,,,,,,,,,,,,,,,,,,,,76.57049500010908,lu plem,"[1.0328027913346887, 0.11950170900672674, 1.3436474571935833, 0.3925522929057479, 1.4766217903234065, 0.6335699181072414, 1.624469123315066, 1.099666751921177, 1.77436883142218, 1.1957892095670104, 1.9383382904343307, 1.33179712574929, 2.251173415686935, 1.4318051673471928]",76.57049500010908,76.57049500010908,76.57049500010908,"['l', 'u', 'space', 'p', 'l', 'e', 'backspace', 'backspace', 'backspace', 'space', 'p', 'l', 'e', 'm', 'return']","[1.0328027913346887, 1.1523045003414154, 1.2320425412617624, 1.46314916620031, 1.7361997500993311, 1.8691740832291543, 2.110191708430648, 2.2580390414223075, 2.724135875236243, 2.874035583343357, 2.9701580409891903, 3.134127500001341, 3.2701354161836207, 3.582970541436225, 3.682978583034128]","[None, None, None, None, None, None, None, None, None, None, None, None, None, None, None]",80.27127012517303,81.28523254115134,,,,,,,,,,,,,,,,,,,1,1,pilot,2023-12-01_00h59.32.376,Memory and Syntax,2023.1.3,None,
,,,lu neimo,brocanto/stims/to_use/pilot3.jpg,None,,,,,,0,0,0,0,,,,,,,,,0,0,0,0,,,,,,,,,0,5,5,5,,,,,,,,,,,,,,,,,,,,,,,,,,,,,,,,,,,,,,,,,,,,,,,,,,,,,,,,,81.28523254115134,lu noie,"[2.4831996238790452, 0.13598716678097844, 2.631153332069516, 0.7320901257917285, 2.7989840819500387, 0.824260292109102, 2.9468590817414224, 1.0102700842544436]",81.28523254115134,81.28523254115134,81.28523254115134,"['l', 'u', 'space', 'n', 'o', 'i', 's', 'e', 'return']","[2.4831996238790452, 2.6191867906600237, 2.7671404988504946, 3.3632434578612447, 3.531074207741767, 3.6232443740591407, 3.6670690407045186, 3.7711193738505244, 3.957129165995866]","[None, None, None, None, None, None, None, None, None]",85.25402920786291,86.26267195818946,,,,,,,,,,,,,,,,,,,1,1,pilot,2023-12-01_00h59.32.376,Memory and Syntax,2023.1.3,None,
,,,,,,,,,,,0,0,0,0,,,,,,,,,0,0,0,0,,,,,,,,,,,,,,,,,,,,,,,,,,,,,,,,,,,,,,,,,,,,,,,,,,,,,,,,,,,,,,,,,,,,,,,,,,,,,,,,86.26267195818946,86.26267195818946,space,1.1546789580024779,None,,,,,,,,,,,,,,1,1,pilot,2023-12-01_00h59.32.376,Memory and Syntax,2023.1.3,None,
,,,,brocanto/stims/to_use/sentence32.png,,lu neep nim li,,,,,0,0,0,0,,,,,,,,,,,,,,,,,,,,,,,,,,,,,0,0,0,0,,,,,,,,,,,,,,,,,,,,,,,,,,,,,,,,,,,,,,,,,,,,,,,,,,,,,,,,,,,,,,,,,87.43287591589615,87.43287591589615,88.44586562504992,88.44586562504992,,,,,,,,,,1,1,pilot,2023-12-01_00h59.32.376,Memory and Syntax,2023.1.3,None,
,,,,brocanto/stims/to_use/sentence79.png,,noyka lu neep lu blom,,,,,0,0,0,0,,,,,,,,,,,,,,,,,,,,,,,,,,,,,0,1,1,1,,,,,,,,,,,,,,,,,,,,,,,,,,,,,,,,,,,,,,,,,,,,,,,,,,,,,,,,,,,,,,,,,,,95.05233754077926,95.05233754077926,,,,,,,,,,1,1,pilot,2023-12-01_00h59.32.376,Memory and Syntax,2023.1.3,None,
,,,,brocanto/stims/to_use/sentence116.png,,gop lu pleck lu blom,,,,,0,0,0,0,,,,,,,,,,,,,,,,,,,,,,,,,,,,,0,2,2,2,,,,,,,,,,,,,,,,,,,,,,,,,,,,,,,,,,,,,,,,,,,,,,,,,,,,,,,,,,,,,,,,,,,101.63608679082245,101.63608679082245,,,,,,,,,,1,1,pilot,2023-12-01_00h59.32.376,Memory and Syntax,2023.1.3,None,
,,,,brocanto/stims/to_use/sentence31.png,,lu pleck nim li,,,,,0,0,0,0,,,,,,,,,,,,,,,,,,,,,,,,,,,,,0,3,3,3,,,,,,,,,,,,,,,,,,,,,,,,,,,,,,,,,,,,,,,,,,,,,,,,,,,,,,,,,,,,,,,,,,,108.22930849995464,108.22930849995464,,,,,,,,,,1,1,pilot,2023-12-01_00h59.32.376,Memory and Syntax,2023.1.3,None,
,,,,brocanto/stims/to_use/sentence68.png,,lu neep praz li,,,,,0,0,0,0,,,,,,,,,,,,,,,,,,,,,,,,,,,,,0,4,4,4,,,,,,,,,,,,,,,,,,,,,,,,,,,,,,,,,,,,,,,,,,,,,,,,,,,,,,,,,,,,,,,,,,,114.83549433294684,114.83549433294684,,,,,,,,,,1,1,pilot,2023-12-01_00h59.32.376,Memory and Syntax,2023.1.3,None,
,,,,brocanto/stims/to_use/sentence130.png,,gop lu vode lu pleck,,,,,0,0,0,0,,,,,,,,,,,,,,,,,,,,,,,,,,,,,0,5,5,5,,,,,,,,,,,,,,,,,,,,,,,,,,,,,,,,,,,,,,,,,,,,,,,,,,,,,,,,,,,,,,,,,,,121.44326683320105,121.44326683320105,,,,,,,,,,1,1,pilot,2023-12-01_00h59.32.376,Memory and Syntax,2023.1.3,None,
,,,,brocanto/stims/to_use/sentence89.png,,noyka lu vode lu neep,,,,,0,0,0,0,,,,,,,,,,,,,,,,,,,,,,,,,,,,,0,6,6,6,,,,,,,,,,,,,,,,,,,,,,,,,,,,,,,,,,,,,,,,,,,,,,,,,,,,,,,,,,,,,,,,,,,128.0463006659411,128.0463006659411,,,,,,,,,,1,1,pilot,2023-12-01_00h59.32.376,Memory and Syntax,2023.1.3,None,
,,,,brocanto/stims/to_use/sentence110.png,,lu neep gop li,,,,,0,0,0,0,,,,,,,,,,,,,,,,,,,,,,,,,,,,,0,7,7,7,,,,,,,,,,,,,,,,,,,,,,,,,,,,,,,,,,,,,,,,,,,,,,,,,,,,,,,,,,,,,,,,,,,134.65227854112163,134.65227854112163,,,,,,,,,,1,1,pilot,2023-12-01_00h59.32.376,Memory and Syntax,2023.1.3,None,
,,,,brocanto/stims/to_use/sentence44.png,,yab lu neep lu vode,,,,,0,0,0,0,,,,,,,,,,,,,,,,,,,,,,,,,,,,,0,8,8,8,,,,,,,,,,,,,,,,,,,,,,,,,,,,,,,,,,,,,,,,,,,,,,,,,,,,,,,,,,,,,,,,,,,141.24316837498918,141.24316837498918,,,,,,,,,,1,1,pilot,2023-12-01_00h59.32.376,Memory and Syntax,2023.1.3,None,
,,,,brocanto/stims/to_use/sentence105.png,,lu blom zayma li,,,,,0,0,0,0,,,,,,,,,,,,,,,,,,,,,,,,,,,,,0,9,9,9,,,,,,,,,,,,,,,,,,,,,,,,,,,,,,,,,,,,,,,,,,,,,,,,,,,,,,,,,,,,,,,,,,,147.82741645816714,147.82741645816714,,,,,,,,,,1,1,pilot,2023-12-01_00h59.32.376,Memory and Syntax,2023.1.3,None,
,,,,brocanto/stims/to_use/sentence103.png,,lu pleck zayma li,,,,,0,0,0,0,,,,,,,,,,,,,,,,,,,,,,,,,,,,,0,10,10,10,,,,,,,,,,,,,,,,,,,,,,,,,,,,,,,,,,,,,,,,,,,,,,,,,,,,,,,,,,,,,,,,,,,154.42375937476754,154.42375937476754,,,,,,,,,,1,1,pilot,2023-12-01_00h59.32.376,Memory and Syntax,2023.1.3,None,
,,,,brocanto/stims/to_use/sentence36.png,,lu neimo nim li,,,,,0,0,0,0,,,,,,,,,,,,,,,,,,,,,,,,,,,,,0,11,11,11,,,,,,,,,,,,,,,,,,,,,,,,,,,,,,,,,,,,,,,,,,,,,,,,,,,,,,,,,,,,,,,,,,,161.03241441585124,161.03241441585124,,,,,,,,,,1,1,pilot,2023-12-01_00h59.32.376,Memory and Syntax,2023.1.3,None,
,,,,brocanto/stims/to_use/sentence12.png,,klin lu blom lu neep,,,,,0,0,0,0,,,,,,,,,,,,,,,,,,,,,,,,,,,,,0,12,12,12,,,,,,,,,,,,,,,,,,,,,,,,,,,,,,,,,,,,,,,,,,,,,,,,,,,,,,,,,,,,,,,,,,,167.65690104104578,167.65690104104578,,,,,,,,,,1,1,pilot,2023-12-01_00h59.32.376,Memory and Syntax,2023.1.3,None,
,,,,brocanto/stims/to_use/sentence29.png,,klin lu neimo lu vode,,,,,0,0,0,0,,,,,,,,,,,,,,,,,,,,,,,,,,,,,0,13,13,13,,,,,,,,,,,,,,,,,,,,,,,,,,,,,,,,,,,,,,,,,,,,,,,,,,,,,,,,,,,,,,,,,,,174.24971433309838,174.24971433309838,,,,,,,,,,1,1,pilot,2023-12-01_00h59.32.376,Memory and Syntax,2023.1.3,None,
,,,,brocanto/stims/to_use/sentence53.png,,yab lu vode lu neep,,,,,0,0,0,0,,,,,,,,,,,,,,,,,,,,,,,,,,,,,0,14,14,14,,,,,,,,,,,,,,,,,,,,,,,,,,,,,,,,,,,,,,,,,,,,,,,,,,,,,,,,,,,,,,,,,,,180.83686079084873,180.83686079084873,,,,,,,,,,1,1,pilot,2023-12-01_00h59.32.376,Memory and Syntax,2023.1.3,None,
,,,,brocanto/stims/to_use/sentence71.png,,lu troise praz li,,,,,0,0,0,0,,,,,,,,,,,,,,,,,,,,,,,,,,,,,0,15,15,15,,,,,,,,,,,,,,,,,,,,,,,,,,,,,,,,,,,,,,,,,,,,,,,,,,,,,,,,,,,,,,,,,,,187.439847915899,187.439847915899,,,,,,,,,,1,1,pilot,2023-12-01_00h59.32.376,Memory and Syntax,2023.1.3,None,
,,,,brocanto/stims/to_use/sentence104.png,,lu neep zayma li,,,,,0,0,0,0,,,,,,,,,,,,,,,,,,,,,,,,,,,,,0,16,16,16,,,,,,,,,,,,,,,,,,,,,,,,,,,,,,,,,,,,,,,,,,,,,,,,,,,,,,,,,,,,,,,,,,,194.0348534998484,194.0348534998484,,,,,,,,,,1,1,pilot,2023-12-01_00h59.32.376,Memory and Syntax,2023.1.3,None,
,,,,brocanto/stims/to_use/sentence39.png,,yab lu pleck lu vode,,,,,0,0,0,0,,,,,,,,,,,,,,,,,,,,,,,,,,,,,0,17,17,17,,,,,,,,,,,,,,,,,,,,,,,,,,,,,,,,,,,,,,,,,,,,,,,,,,,,,,,,,,,,,,,,,,,200.6358085409738,200.6358085409738,,,,,,,,,,1,1,pilot,2023-12-01_00h59.32.376,Memory and Syntax,2023.1.3,None,
,,,,brocanto/stims/to_use/sentence102.png,,noyka lu neimo lu troise,,,,,0,0,0,0,,,,,,,,,,,,,,,,,,,,,,,,,,,,,0,18,18,18,,,,,,,,,,,,,,,,,,,,,,,,,,,,,,,,,,,,,,,,,,,,,,,,,,,,,,,,,,,,,,,,,,,207.24502058280632,207.24502058280632,,,,,,,,,,1,1,pilot,2023-12-01_00h59.32.376,Memory and Syntax,2023.1.3,None,
,,,,brocanto/stims/to_use/sentence63.png,,yab lu neimo lu neep,,,,,0,0,0,0,,,,,,,,,,,,,,,,,,,,,,,,,,,,,0,19,19,19,,,,,,,,,,,,,,,,,,,,,,,,,,,,,,,,,,,,,,,,,,,,,,,,,,,,,,,,,,,,,,,,,,,213.83604275016114,213.83604275016114,,,,,,,,,,1,1,pilot,2023-12-01_00h59.32.376,Memory and Syntax,2023.1.3,None,
,,,,brocanto/stims/to_use/sentence114.png,,lu neimo gop li,,,,,0,0,0,0,,,,,,,,,,,,,,,,,,,,,,,,,,,,,0,20,20,20,,,,,,,,,,,,,,,,,,,,,,,,,,,,,,,,,,,,,,,,,,,,,,,,,,,,,,,,,,,,,,,,,,,220.4347251248546,220.4347251248546,,,,,,,,,,1,1,pilot,2023-12-01_00h59.32.376,Memory and Syntax,2023.1.3,None,
,,,,brocanto/stims/to_use/sentence14.png,,klin lu blom lu troise,,,,,0,0,0,0,,,,,,,,,,,,,,,,,,,,,,,,,,,,,0,21,21,21,,,,,,,,,,,,,,,,,,,,,,,,,,,,,,,,,,,,,,,,,,,,,,,,,,,,,,,,,,,,,,,,,,,227.04879516595975,227.04879516595975,,,,,,,,,,1,1,pilot,2023-12-01_00h59.32.376,Memory and Syntax,2023.1.3,None,
,,,,brocanto/stims/to_use/sentence70.png,,lu vode praz li,,,,,0,0,0,0,,,,,,,,,,,,,,,,,,,,,,,,,,,,,0,22,22,22,,,,,,,,,,,,,,,,,,,,,,,,,,,,,,,,,,,,,,,,,,,,,,,,,,,,,,,,,,,,,,,,,,,233.63457491621375,233.63457491621375,,,,,,,,,,1,1,pilot,2023-12-01_00h59.32.376,Memory and Syntax,2023.1.3,None,
,,,,brocanto/stims/to_use/sentence107.png,,lu troise zayma li,,,,,0,0,0,0,,,,,,,,,,,,,,,,,,,,,,,,,,,,,0,23,23,23,,,,,,,,,,,,,,,,,,,,,,,,,,,,,,,,,,,,,,,,,,,,,,,,,,,,,,,,,,,,,,,,,,,240.22908450011164,240.22908450011164,,,,,,,,,,1,1,pilot,2023-12-01_00h59.32.376,Memory and Syntax,2023.1.3,None,
,,,,brocanto/stims/to_use/sentence75.png,,noyka lu pleck lu vode,,,,,0,0,0,0,,,,,,,,,,,,,,,,,,,,,,,,,,,,,0,24,24,24,,,,,,,,,,,,,,,,,,,,,,,,,,,,,,,,,,,,,,,,,,,,,,,,,,,,,,,,,,,,,,,,,,,246.8457692079246,246.8457692079246,,,,,,,,,,1,1,pilot,2023-12-01_00h59.32.376,Memory and Syntax,2023.1.3,None,
,,,,brocanto/stims/to_use/sentence34.png,,lu vode nim li,,,,,0,0,0,0,,,,,,,,,,,,,,,,,,,,,,,,,,,,,0,25,25,25,,,,,,,,,,,,,,,,,,,,,,,,,,,,,,,,,,,,,,,,,,,,,,,,,,,,,,,,,,,,,,,,,,,253.42867408320308,253.42867408320308,,,,,,,,,,1,1,pilot,2023-12-01_00h59.32.376,Memory and Syntax,2023.1.3,None,
,,,,brocanto/stims/to_use/sentence65.png,,yab lu neimo lu vode,,,,,0,0,0,0,,,,,,,,,,,,,,,,,,,,,,,,,,,,,0,26,26,26,,,,,,,,,,,,,,,,,,,,,,,,,,,,,,,,,,,,,,,,,,,,,,,,,,,,,,,,,,,,,,,,,,,260.03407054115087,260.03407054115087,,,,,,,,,,1,1,pilot,2023-12-01_00h59.32.376,Memory and Syntax,2023.1.3,None,
,,,,brocanto/stims/to_use/sentence69.png,,lu blom praz li,,,,,0,0,0,0,,,,,,,,,,,,,,,,,,,,,,,,,,,,,0,27,27,27,,,,,,,,,,,,,,,,,,,,,,,,,,,,,,,,,,,,,,,,,,,,,,,,,,,,,,,,,,,,,,,,,,,266.63277666596696,266.63277666596696,,,,,,,,,,1,1,pilot,2023-12-01_00h59.32.376,Memory and Syntax,2023.1.3,None,
,,,,brocanto/stims/to_use/sentence17.png,,klin lu vode lu neep,,,,,0,0,0,0,,,,,,,,,,,,,,,,,,,,,,,,,,,,,0,28,28,28,,,,,,,,,,,,,,,,,,,,,,,,,,,,,,,,,,,,,,,,,,,,,,,,,,,,,,,,,,,,,,,,,,,273.2603029999882,273.2603029999882,,,,,,,,,,1,1,pilot,2023-12-01_00h59.32.376,Memory and Syntax,2023.1.3,None,
,,,,brocanto/stims/to_use/sentence35.png,,lu troise nim li,,,,,0,0,0,0,,,,,,,,,,,,,,,,,,,,,,,,,,,,,0,29,29,29,,,,,,,,,,,,,,,,,,,,,,,,,,,,,,,,,,,,,,,,,,,,,,,,,,,,,,,,,,,,,,,,,,,279.83146520797163,279.83146520797163,,,,,,,,,,1,1,pilot,2023-12-01_00h59.32.376,Memory and Syntax,2023.1.3,None,
,,,,brocanto/stims/to_use/sentence72.png,,lu neimo praz li,,,,,0,0,0,0,,,,,,,,,,,,,,,,,,,,,,,,,,,,,0,30,30,30,,,,,,,,,,,,,,,,,,,,,,,,,,,,,,,,,,,,,,,,,,,,,,,,,,,,,,,,,,,,,,,,,,,286.43260579090565,286.43260579090565,,,,,,,,,,1,1,pilot,2023-12-01_00h59.32.376,Memory and Syntax,2023.1.3,None,
,,,,brocanto/stims/to_use/sentence26.png,,klin lu neimo lu pleck,,,,,0,0,0,0,,,,,,,,,,,,,,,,,,,,,,,,,,,,,0,31,31,31,,,,,,,,,,,,,,,,,,,,,,,,,,,,,,,,,,,,,,,,,,,,,,,,,,,,,,,,,,,,,,,,,,,293.0482654161751,293.0482654161751,,,,,,,,,,1,1,pilot,2023-12-01_00h59.32.376,Memory and Syntax,2023.1.3,None,
,,,,None,,None,,,,,0,0,0,0,,,,,,,,,,,,,,,,,,,,,,,,,,,,,0,32,32,32,,,,,,,,,,,,,,,,,,,,,,,,,,,,,,,,,,,,,,,,,,,,,,,,,,,,,,,,,,,,,,,,,,,299.61503695789725,299.61503695789725,,,,,,,,,,1,1,pilot,2023-12-01_00h59.32.376,Memory and Syntax,2023.1.3,None,
,,,,,,,,,,,,,,,,,,,,,,,,,,,,,,,,,,,,,,,,,,,,,,,,,,,,,,,,,,,,,,,,,,,,,,,,,,,,,,,,,,,,,,,,,,,,,,,,,,,,,,,,,,,,,,,,,,,306.21065270807594,306.21065270807594,310.59942279104143,310.59942279104143,310.59942279104143,310.59942279104143,310.59942279104143,310.59942279104143,,,,,,,,,
