﻿ajt_sess,testSent,condition,Session1.thisRepN,Session1.thisTrialN,Session1.thisN,Session1.thisIndex,Session2.thisRepN,Session2.thisTrialN,Session2.thisN,Session2.thisIndex,S2_engAJT_block.thisRepN,S2_engAJT_block.thisTrialN,S2_engAJT_block.thisN,S2_engAJT_block.thisIndex,s2_engAJT_trials.thisRepN,s2_engAJT_trials.thisTrialN,s2_engAJT_trials.thisN,s2_engAJT_trials.thisIndex,ajt_instr.started,start_ajt.started,progress_bar1.started,progress_bar2.started,progress_bar_txt.started,start_ajt.keys,start_ajt.rt,start_ajt.duration,eng_ajt_sent.started,acceptability.started,acceptability.response,acceptability.rt,Sona ID,Experiment ID,Session,date,expName,psychopyVersion,frameRate,
2,"Arty is sick, and Mark does so too.",filler,,,,,0,0,0,0,0,0,0,0,0,0,0,15,19.944388624746352,19.944388624746352,19.944388624746352,19.944388624746352,19.944388624746352,space,6.332319375127554,None,26.349508666899055,26.349508666899055,2.0,2.8036549580283463,1,1,pilot,2023-12-01_01h06.06.382,Memory and Syntax,2023.1.3,None,
2,"At the party, he ran himself.",ASV,,,,,0,0,0,0,0,0,0,0,0,1,1,22,,,,,,,,,29.142091958783567,29.142091958783567,2.0,0.11733583407476544,1,1,pilot,2023-12-01_01h06.06.382,Memory and Syntax,2023.1.3,None,
2,I told Mandy who would win the election.,filler,,,,,0,0,0,0,0,0,0,0,0,2,2,28,,,,,,,,,29.271827124990523,29.271827124990523,2.0,0.11184166697785258,1,1,pilot,2023-12-01_01h06.06.382,Memory and Syntax,2023.1.3,None,
2,Swam she at least thirty miles.,WOV,,,,,0,0,0,0,0,0,0,0,0,3,3,23,,,,,,,,,29.39589241705835,29.39589241705835,2.0,0.12065337505191565,1,1,pilot,2023-12-01_01h06.06.382,Memory and Syntax,2023.1.3,None,
2,Brittany attempted to touch the porcupine.,filler,,,,,0,0,0,0,0,0,0,0,0,4,4,17,,,,,,,,,29.529873749706894,29.529873749706894,2.0,0.12065866682678461,1,1,pilot,2023-12-01_01h06.06.382,Memory and Syntax,2023.1.3,None,
2,I cried.,AS,,,,,0,0,0,0,0,0,0,0,0,5,5,26,,,,,,,,,29.660863583907485,29.660863583907485,2.0,0.13919200003147125,1,1,pilot,2023-12-01_01h06.06.382,Memory and Syntax,2023.1.3,None,
2,Carla appears to have graduated high school.,filler,,,,,0,0,0,0,0,0,0,0,0,6,6,7,,,,,,,,,29.813289124984294,29.813289124984294,2.0,0.11198975006118417,1,1,pilot,2023-12-01_01h06.06.382,Memory and Syntax,2023.1.3,None,
2,He seems to that Kim solved the problem.,filler,,,,,0,0,0,0,0,0,0,0,0,7,7,21,,,,,,,,,29.937357499729842,29.937357499729842,2.0,0.12167683383449912,1,1,pilot,2023-12-01_01h06.06.382,Memory and Syntax,2023.1.3,None,
2,Mary was confused around the porch.,AS,,,,,0,0,0,0,0,0,0,0,0,8,8,9,,,,,,,,,30.070279833860695,30.070279833860695,2.0,0.12919166684150696,1,1,pilot,2023-12-01_01h06.06.382,Memory and Syntax,2023.1.3,None,
2,"Around 3, the dog was wounded.",AS ,,,,,0,0,0,0,0,0,0,0,0,9,9,6,,,,,,,,,30.21246320893988,30.21246320893988,2.0,0.13771958276629448,1,1,pilot,2023-12-01_01h06.06.382,Memory and Syntax,2023.1.3,None,
2,"Around 3, the dog wounded.",ASV,,,,,0,0,0,0,0,0,0,0,0,10,10,18,,,,,,,,,30.361952499952167,30.361952499952167,2.0,0.13862579222768545,1,1,pilot,2023-12-01_01h06.06.382,Memory and Syntax,2023.1.3,None,
2,Wrote she a poem her boyfriend.,WOV,,,,,0,0,0,0,0,0,0,0,0,11,11,27,,,,,,,,,30.512028959114105,30.512028959114105,2.0,0.1470690001733601,1,1,pilot,2023-12-01_01h06.06.382,Memory and Syntax,2023.1.3,None,
2,You don't get a drink or a bite.,WO,,,,,0,0,0,0,0,0,0,0,0,12,12,19,,,,,,,,,30.671064499765635,30.671064499765635,2.0,0.1286758752539754,1,1,pilot,2023-12-01_01h06.06.382,Memory and Syntax,2023.1.3,None,
2,Flooded John intentionally the room.,WOV,,,,,0,0,0,0,0,0,0,0,0,13,13,24,,,,,,,,,30.812911542132497,30.812911542132497,2.0,0.12998825032263994,1,1,pilot,2023-12-01_01h06.06.382,Memory and Syntax,2023.1.3,None,
2,Sam tried to win.,WO,,,,,0,0,0,0,0,0,0,0,0,14,14,13,,,,,,,,,30.953432959038764,30.953432959038764,2.0,0.17167608393356204,1,1,pilot,2023-12-01_01h06.06.382,Memory and Syntax,2023.1.3,None,
2,I cried myself.,ASV,,,,,0,0,0,0,0,0,0,0,0,15,15,12,,,,,,,,,31.136269541922957,31.136269541922957,2.0,0.13948774989694357,1,1,pilot,2023-12-01_01h06.06.382,Memory and Syntax,2023.1.3,None,
2,Mary confused around the porch.,ASV,,,,,0,0,0,0,0,0,0,0,0,16,16,14,,,,,,,,,31.286747874692082,31.286747874692082,2.0,0.130388000048697,1,1,pilot,2023-12-01_01h06.06.382,Memory and Syntax,2023.1.3,None,
2,Tried Sam to win.,WOV,,,,,0,0,0,0,0,0,0,0,0,17,17,16,,,,,,,,,31.428682583849877,31.428682583849877,2.0,0.17162287514656782,1,1,pilot,2023-12-01_01h06.06.382,Memory and Syntax,2023.1.3,None,
2,Frightened Seth the eerie sound.,WOV,,,,,0,0,0,0,0,0,0,0,0,18,18,1,,,,,,,,,31.612077499739826,31.612077499739826,2.0,0.14682679111137986,1,1,pilot,2023-12-01_01h06.06.382,Memory and Syntax,2023.1.3,None,
2,Carla was hoped to graduate high school.,filler,,,,,0,0,0,0,0,0,0,0,0,19,19,2,,,,,,,,,31.770434958860278,31.770434958860278,2.0,0.15536254178732634,1,1,pilot,2023-12-01_01h06.06.382,Memory and Syntax,2023.1.3,None,
2,"Arty is sick, and Mark is too.",filler,,,,,0,0,0,0,0,0,0,0,0,20,20,10,,,,,,,,,31.937636292073876,31.937636292073876,2.0,0.16330579202622175,1,1,pilot,2023-12-01_01h06.06.382,Memory and Syntax,2023.1.3,None,
2,The eerie sound frightened Seth.,WOV,,,,,0,0,0,0,0,0,0,0,0,21,21,0,,,,,,,,,32.11278079170734,32.11278079170734,2.0,0.15458379173651338,1,1,pilot,2023-12-01_01h06.06.382,Memory and Syntax,2023.1.3,None,
2,The banquet will be a disaster.,WO ,,,,,0,0,0,0,0,0,0,0,0,22,22,3,,,,,,,,,32.27944166678935,32.27944166678935,2.0,0.1464363751001656,1,1,pilot,2023-12-01_01h06.06.382,Memory and Syntax,2023.1.3,None,
2,Brittnary touched plenty of.,filler,,,,,0,0,0,0,0,0,0,0,0,23,23,4,,,,,,,,,32.43684554193169,32.43684554193169,2.0,0.1558499583043158,1,1,pilot,2023-12-01_01h06.06.382,Memory and Syntax,2023.1.3,None,
2,There has been a man considered violent.,filler,,,,,0,0,0,0,0,0,0,0,0,24,24,5,,,,,,,,,32.6051045418717,32.6051045418717,2.0,0.18666504183784127,1,1,pilot,2023-12-01_01h06.06.382,Memory and Syntax,2023.1.3,None,
2,She laughed herself at the comedy show.,ASV,,,,,0,0,0,0,0,0,0,0,0,25,25,8,,,,,,,,,32.80396170867607,32.80396170867607,2.0,0.14685670798644423,1,1,pilot,2023-12-01_01h06.06.382,Memory and Syntax,2023.1.3,None,
2,It seems to him that Kim solved the problem.,filler,,,,,0,0,0,0,0,0,0,0,0,26,26,25,,,,,,,,,32.96305862488225,32.96305862488225,2.0,0.3534963331185281,1,1,pilot,2023-12-01_01h06.06.382,Memory and Syntax,2023.1.3,None,
2,"By thinking of food, the cat got excited.",AS,,,,,0,0,0,0,0,0,0,0,0,27,27,11,,,,,,,,,33.32810720894486,33.32810720894486,2.0,0.14685541670769453,1,1,pilot,2023-12-01_01h06.06.382,Memory and Syntax,2023.1.3,None,
,,,,,,,,,,,,,,,,,,,,,,,,,,,33.48800675012171,33.48800675012171,,,,,,,,,,
