﻿word,img,Session1.thisRepN,Session1.thisTrialN,Session1.thisN,Session1.thisIndex,Session2.thisRepN,Session2.thisTrialN,Session2.thisN,Session2.thisIndex,S2_engAJT_block.thisRepN,S2_engAJT_block.thisTrialN,S2_engAJT_block.thisN,S2_engAJT_block.thisIndex,S2_vocabPhase.thisRepN,S2_vocabPhase.thisTrialN,S2_vocabPhase.thisN,S2_vocabPhase.thisIndex,S2_vocabRep.thisRepN,S2_vocabRep.thisTrialN,S2_vocabRep.thisN,S2_vocabRep.thisIndex,S2_vocabLearnTrials.thisRepN,S2_vocabLearnTrials.thisTrialN,S2_vocabLearnTrials.thisN,S2_vocabLearnTrials.thisIndex,S2_vocabTestTrials.thisRepN,S2_vocabTestTrials.thisTrialN,S2_vocabTestTrials.thisN,S2_vocabTestTrials.thisIndex,too_fast_punish.thisRepN,too_fast_punish.thisTrialN,too_fast_punish.thisN,too_fast_punish.thisIndex,brocanto_story.started,start_brocanto.started,vocab_learn_begin.started,vocab_text.started,key_resp.started,vocab_image.started,S2_vrepeat.started,S2_vrepeat_key_resp.started,S2_vrepeat_key_resp.keys,S2_vrepeat_key_resp.rt,vtest_instr_text.started,vtest_begin.started,answerbox.started,S2_vocabTest_resp,S2_vocabTest_rts,S2_vtest_key_resp.started,S2_vtest_text.started,S2_vtest_img.started,S2_vtest_key_resp.keys,S2_vtest_key_resp.rt,S2_vtest_fb.started,participant,session,date,expName,psychopyVersion,frameRate,
lu troise,brocanto/stims/to_use/janitor2.jpg,,,,,0,0,0,0,,,,,0,0,0,0,0,0,0,0,0,0,0,4,,,,,,,,,44.31338499998674,44.31338499998674,47.12192459999642,48.08781349999481,48.08781349999481,48.08781349999481,,,,,,,,,,,,,,,,1,2,2023-02-20_17h55.48.677,Memory and Syntax,2022.2.5,70.11708150141179,
lu neep,brocanto/stims/to_use/doctor2.png,,,,,0,0,0,0,,,,,0,0,0,0,0,0,0,0,0,1,1,1,,,,,,,,,,,,48.876641399998334,48.876641399998334,48.876641399998334,,,,,,,,,,,,,,,,1,2,2023-02-20_17h55.48.677,Memory and Syntax,2022.2.5,70.11708150141179,
lu blom,brocanto/stims/to_use/firefighter3.jpg,,,,,0,0,0,0,,,,,0,0,0,0,0,0,0,0,0,2,2,2,,,,,,,,,,,,49.35933269999805,49.35933269999805,49.35933269999805,,,,,,,,,,,,,,,,1,2,2023-02-20_17h55.48.677,Memory and Syntax,2022.2.5,70.11708150141179,
lu vode,brocanto/stims/to_use/chef1.jpg,,,,,0,0,0,0,,,,,0,0,0,0,0,0,0,0,0,3,3,3,,,,,,,,,,,,49.71535589999985,49.71535589999985,49.71535589999985,,,,,,,,,,,,,,,,1,2,2023-02-20_17h55.48.677,Memory and Syntax,2022.2.5,70.11708150141179,
lu neimo,brocanto/stims/to_use/pilot3.jpg,,,,,0,0,0,0,,,,,0,0,0,0,0,0,0,0,0,4,4,5,,,,,,,,,,,,50.111680699992576,50.111680699992576,50.111680699992576,,,,,,,,,,,,,,,,1,2,2023-02-20_17h55.48.677,Memory and Syntax,2022.2.5,70.11708150141179,
lu pleck,brocanto/stims/to_use/mechanic1.jpg,,,,,0,0,0,0,,,,,0,0,0,0,0,0,0,0,0,5,5,0,,,,,,,,,,,,50.55634579999605,50.55634579999605,50.55634579999605,,,,,,,,,,,,,,,,1,2,2023-02-20_17h55.48.677,Memory and Syntax,2022.2.5,70.11708150141179,
lu pleck,brocanto/stims/to_use/mechanic1.jpg,,,,,0,0,0,0,,,,,0,0,0,0,0,0,0,0,1,0,6,0,,,,,,,,,,,,51.051399199990556,51.051399199990556,51.051399199990556,,,,,,,,,,,,,,,,1,2,2023-02-20_17h55.48.677,Memory and Syntax,2022.2.5,70.11708150141179,
lu neimo,brocanto/stims/to_use/pilot3.jpg,,,,,0,0,0,0,,,,,0,0,0,0,0,0,0,0,1,1,7,5,,,,,,,,,,,,52.60503819999576,52.60503819999576,52.60503819999576,,,,,,,,,,,,,,,,1,2,2023-02-20_17h55.48.677,Memory and Syntax,2022.2.5,70.11708150141179,
lu neep,brocanto/stims/to_use/doctor2.png,,,,,0,0,0,0,,,,,0,0,0,0,0,0,0,0,1,2,8,1,,,,,,,,,,,,53.160872699998436,53.160872699998436,53.160872699998436,,,,,,,,,,,,,,,,1,2,2023-02-20_17h55.48.677,Memory and Syntax,2022.2.5,70.11708150141179,
lu troise,brocanto/stims/to_use/janitor2.jpg,,,,,0,0,0,0,,,,,0,0,0,0,0,0,0,0,1,3,9,4,,,,,,,,,,,,53.60391459999664,53.60391459999664,53.60391459999664,,,,,,,,,,,,,,,,1,2,2023-02-20_17h55.48.677,Memory and Syntax,2022.2.5,70.11708150141179,
lu vode,brocanto/stims/to_use/chef1.jpg,,,,,0,0,0,0,,,,,0,0,0,0,0,0,0,0,1,4,10,3,,,,,,,,,,,,54.043906699997024,54.043906699997024,54.043906699997024,,,,,,,,,,,,,,,,1,2,2023-02-20_17h55.48.677,Memory and Syntax,2022.2.5,70.11708150141179,
lu blom,brocanto/stims/to_use/firefighter3.jpg,,,,,0,0,0,0,,,,,0,0,0,0,0,0,0,0,1,5,11,2,,,,,,,,,,,,54.471042399993166,54.471042399993166,54.471042399993166,,,,,,,,,,,,,,,,1,2,2023-02-20_17h55.48.677,Memory and Syntax,2022.2.5,70.11708150141179,
lu pleck,brocanto/stims/to_use/mechanic1.jpg,,,,,0,0,0,0,,,,,0,0,0,0,,,,,,,,,0,0,0,0,,,,,,,,,,,54.8814013999945,54.8814013999945,t,0.9872111000004224,55.89229599999089,55.89229599999089,56.64939449999656,lu pleck,"[11.33319350000238, 0.18799859999853652, 11.533548499995959, 0.7337207000091439, 11.605610799990245, 0.813642000008258, 11.805817599990405, 0.9434344000037527, 20.881756599992514]",56.64939449999656,56.64939449999656,56.64939449999656,"['l', 'u', 'space', 'p', 'l', 'e', 'c', 'k', 'return']","[11.33319350000238, 11.521192100000917, 11.721547099994496, 12.267269200005103, 12.339331499999389, 12.419252799998503, 12.619459599998663, 12.749251999994158, 21.825190999996266]",78.50192689998948,1,2,2023-02-20_17h55.48.677,Memory and Syntax,2022.2.5,70.11708150141179,
lu neep,brocanto/stims/to_use/doctor2.png,,,,,0,0,0,0,,,,,0,0,0,0,,,,,,,,,0,1,1,1,,,,,,,,,,,,,,,,,79.51760479999939,lu neep,"[3.781095500002266, 0.25984880000760313, 4.119368899991969, 0.3856839000218315, 4.295301699981792, 0.5116950000228826, 4.61936679999053, 0.6478792000125395, 4.769199699992896, 0.7918620000127703, 4.947337899997365, 1.290086800014251, 5.162927099998342, 5.7902176000061445, 5.304858500006958, 6.068126400001347, 5.6348265999986324, 6.228462600003695, 5.756521300005261, 7.216814800005523]",79.51760479999939,79.51760479999939,79.51760479999939,"['l', 'u', 'space', 'b', 'l', 'o', 'm', 'backspace', 'backspace', 'backspace', 'backspace', 'space', 'b', 'l', 'backspace', 'backspace', 'n', 'e', 'e', 'p', 'return']","[3.781095500002266, 4.040944300009869, 4.167373900010716, 4.379217699999572, 4.5050528000138, 4.680985600003623, 4.8069967000046745, 5.131061800013413, 5.26724600000307, 5.417078900005436, 5.561061700005666, 5.739199900010135, 6.237424700011616, 6.453013900012593, 10.953144700004486, 11.095076100013102, 11.372984900008305, 11.70295299999998, 11.863289200002328, 11.984983900008956, 12.973336100010783]",92.51212809998833,1,2,2023-02-20_17h55.48.677,Memory and Syntax,2022.2.5,70.11708150141179,
lu blom,brocanto/stims/to_use/firefighter3.jpg,,,,,0,0,0,0,,,,,0,0,0,0,,,,,,,,,0,2,2,2,,,,,,,,,,,,,,,,,93.52673269998922,lu blom,"[5.476019800000358, 0.24782419999246486, 5.594082299998263, 0.39984369999729097, 5.698129700002028, 0.5879640999919502, 5.8339457000111, 2.8381000999797834]",93.52673269998922,93.52673269998922,93.52673269998922,"['l', 'u', 'space', 'b', 'l', 'o', 'm', 'return']","[5.476019800000358, 5.723843999992823, 5.841906499990728, 5.993925999995554, 6.097973399999319, 6.286093799993978, 6.42190980000305, 8.672045799990883]",102.22235169999476,1,2,2023-02-20_17h55.48.677,Memory and Syntax,2022.2.5,70.11708150141179,
,,,,,,,,,,,,,,,,,,,,,,,,,,,,,,,,,,,,,,,,,,,,,,103.23650879999332,Type response now,[],103.23650879999332,103.23650879999332,103.23650879999332,,,,,,,,,,
