﻿word,img,Session1.thisRepN,Session1.thisTrialN,Session1.thisN,Session1.thisIndex,Session2.thisRepN,Session2.thisTrialN,Session2.thisN,Session2.thisIndex,s2_engAJT_trials.thisRepN,s2_engAJT_trials.thisTrialN,s2_engAJT_trials.thisN,s2_engAJT_trials.thisIndex,S2_vocabPhase.thisRepN,S2_vocabPhase.thisTrialN,S2_vocabPhase.thisN,S2_vocabPhase.thisIndex,S2_vocabRep.thisRepN,S2_vocabRep.thisTrialN,S2_vocabRep.thisN,S2_vocabRep.thisIndex,S2_vocabLearnTrials.thisRepN,S2_vocabLearnTrials.thisTrialN,S2_vocabLearnTrials.thisN,S2_vocabLearnTrials.thisIndex,S2_vocabTestTrials.thisRepN,S2_vocabTestTrials.thisTrialN,S2_vocabTestTrials.thisN,S2_vocabTestTrials.thisIndex,too_fast_punish.thisRepN,too_fast_punish.thisTrialN,too_fast_punish.thisN,too_fast_punish.thisIndex,load_text.started,load_text.stopped,ajt_instr.started,ajt_instr.stopped,start_ajt.keys,start_ajt.rt,start_ajt.started,start_ajt.stopped,vocab_text.started,vocab_text.stopped,vocab_image.started,vocab_image.stopped,S2_vrepeat.started,S2_vrepeat.stopped,S2_vrepeat_key_resp.keys,S2_vrepeat_key_resp.rt,S2_vrepeat_key_resp.started,S2_vrepeat_key_resp.stopped,vtest_instr_text.started,vtest_instr_text.stopped,S2_vocabTest_resp,S2_vocabTest_resp.rts,end_vocabTest_trial,S2_vtest_key_resp.keys,S2_vtest_key_resp.rt,S2_vtest_key_resp.started,S2_vtest_key_resp.stopped,S2_vtest_text.started,S2_vtest_text.stopped,S2_vtest_img.started,S2_vtest_img.stopped,S2_vtest_fb.started,S2_vtest_fb.stopped,participant,session,date,expName,psychopyVersion,frameRate,
lu blom,brocanto/stims/to_use/firefighter3.jpg,,,,,0,0,0,0,,,,,0,0,0,0,0,0,0,0,0,0,0,2,,,,,,,,,16.673042058944702,None,18.674554109573364,None,space,3.7653939723968506,18.674554109573364,None,23.70723009109497,None,23.70723009109497,None,,,,,,,,,,,,,,,,,,,,,,1,2,2022-10-15_22h53.21.749,memory and syntax,2022.1.1,60.05607118004347,
lu neimo,brocanto/stims/to_use/pilot3.jpg,,,,,0,0,0,0,,,,,0,0,0,0,0,0,0,0,0,1,1,5,,,,,,,,,,,,,,,,,24.44083309173584,None,24.44083309173584,None,,,,,,,,,,,,,,,,,,,,,,1,2,2022-10-15_22h53.21.749,memory and syntax,2022.1.1,60.05607118004347,
lu pleck,brocanto/stims/to_use/mechanic1.jpg,,,,,0,0,0,0,,,,,0,0,0,0,0,0,0,0,0,2,2,0,,,,,,,,,,,,,,,,,25.11077117919922,None,25.11077117919922,None,,,,,,,,,,,,,,,,,,,,,,1,2,2022-10-15_22h53.21.749,memory and syntax,2022.1.1,60.05607118004347,
lu troise,brocanto/stims/to_use/janitor2.jpg,,,,,0,0,0,0,,,,,0,0,0,0,0,0,0,0,0,3,3,4,,,,,,,,,,,,,,,,,26.194180011749268,None,26.194180011749268,None,,,,,,,,,,,,,,,,,,,,,,1,2,2022-10-15_22h53.21.749,memory and syntax,2022.1.1,60.05607118004347,
lu neep,brocanto/stims/to_use/doctor2.jpg,,,,,0,0,0,0,,,,,0,0,0,0,0,0,0,0,0,4,4,1,,,,,,,,,,,,,,,,,27.22150707244873,None,27.22150707244873,None,,,,,,,,,,,,,,,,,,,,,,1,2,2022-10-15_22h53.21.749,memory and syntax,2022.1.1,60.05607118004347,
lu vode,brocanto/stims/to_use/chef1.jpg,,,,,0,0,0,0,,,,,0,0,0,0,0,0,0,0,0,5,5,3,,,,,,,,,,,,,,,,,28.525007009506226,None,28.525007009506226,None,,,,,,,,,,,,,,,,,,,,,,1,2,2022-10-15_22h53.21.749,memory and syntax,2022.1.1,60.05607118004347,
lu blom,brocanto/stims/to_use/firefighter3.jpg,,,,,0,0,0,0,,,,,0,0,0,0,0,0,0,0,1,0,6,2,,,,,,,,,,,,,,,,,29.651535987854004,None,29.651535987854004,None,,,,,,,,,,,,,,,,,,,,,,1,2,2022-10-15_22h53.21.749,memory and syntax,2022.1.1,60.05607118004347,
lu neep,brocanto/stims/to_use/doctor2.jpg,,,,,0,0,0,0,,,,,0,0,0,0,0,0,0,0,1,1,7,1,,,,,,,,,,,,,,,,,31.08663296699524,None,31.08663296699524,None,,,,,,,,,,,,,,,,,,,,,,1,2,2022-10-15_22h53.21.749,memory and syntax,2022.1.1,60.05607118004347,
lu neimo,brocanto/stims/to_use/pilot3.jpg,,,,,0,0,0,0,,,,,0,0,0,0,0,0,0,0,1,2,8,5,,,,,,,,,,,,,,,,,31.748430013656616,None,31.748430013656616,None,,,,,,,,,,,,,,,,,,,,,,1,2,2022-10-15_22h53.21.749,memory and syntax,2022.1.1,60.05607118004347,
lu troise,brocanto/stims/to_use/janitor2.jpg,,,,,0,0,0,0,,,,,0,0,0,0,0,0,0,0,1,3,9,4,,,,,,,,,,,,,,,,,32.71683406829834,None,32.71683406829834,None,,,,,,,,,,,,,,,,,,,,,,1,2,2022-10-15_22h53.21.749,memory and syntax,2022.1.1,60.05607118004347,
lu vode,brocanto/stims/to_use/chef1.jpg,,,,,0,0,0,0,,,,,0,0,0,0,0,0,0,0,1,4,10,3,,,,,,,,,,,,,,,,,34.230283975601196,None,34.230283975601196,None,,,,,,,,,,,,,,,,,,,,,,1,2,2022-10-15_22h53.21.749,memory and syntax,2022.1.1,60.05607118004347,
lu pleck,brocanto/stims/to_use/mechanic1.jpg,,,,,0,0,0,0,,,,,0,0,0,0,0,0,0,0,1,5,11,0,,,,,,,,,,,,,,,,,34.63984417915344,None,34.63984417915344,None,,,,,,,,,,,,,,,,,,,,,,1,2,2022-10-15_22h53.21.749,memory and syntax,2022.1.1,60.05607118004347,
lu pleck,brocanto/stims/to_use/mechanic1.jpg,,,,,0,0,0,0,,,,,0,0,0,0,,,,,,,,,0,0,0,0,,,,,,,,,,,,,,,,,35.81816506385803,None,t,1.593492031097412,35.81816506385803,None,37.434707164764404,None,,[1665899627.830204],triggered,['return'],[0.08808612823486328],39.99986910820007,None,39.99986910820007,None,39.99986910820007,None,44.13421416282654,None,1,2,2022-10-15_22h53.21.749,memory and syntax,2022.1.1,60.05607118004347,
lu neep,brocanto/stims/to_use/doctor2.jpg,,,,,0,0,0,0,,,,,0,0,0,0,,,,,,,,,0,1,1,1,,,,,,,,,,,,,,,,,,,,,,,,,r,"[1665899633.229763, 1665899633.407617, 1665899633.610699, 1665899633.826856, 1665899634.028065, 1665899634.462546, 1665899634.651741, 1665899634.847702, 1665899635.016674, 1665899635.186723, 1665899635.355742, 1665899635.509481, 1665899635.671169]",triggered,"['f', 'f', 'f', 'f', 'backspace', 'backspace', 'backspace', 'backspace', 'backspace', 'backspace', 'r', 'return']","[0.05427408218383789, 0.2573559284210205, 0.4735128879547119, 0.6747219562530518, 1.1092031002044678, 1.2983980178833008, 1.494359016418457, 1.6633310317993164, 1.8333799839019775, 2.00239896774292, 2.1561379432678223, 2.31782603263855]",45.61109495162964,None,45.61109495162964,None,45.61109495162964,None,51.9521701335907,51.9521701335907,1,2,2022-10-15_22h53.21.749,memory and syntax,2022.1.1,60.05607118004347,
lu blom,brocanto/stims/to_use/firefighter3.jpg,,,,,0,0,0,0,,,,,0,0,0,0,,,,,,,,,0,2,2,2,,,,,,,,,,,,,,,,,,,,,,,,,,[1665899641.228081],triggered,['return'],[0.5105578899383545],52.975274085998535,None,52.975274085998535,None,52.975274085998535,None,57.53389501571655,None,1,2,2022-10-15_22h53.21.749,memory and syntax,2022.1.1,60.05607118004347,
,,,,,,,,,,,,,,,,,,,,,,,,,,,,,,,,,,,,,,,,,,,,,,,,,,,,,,,[1665899646.349386],triggered,None,,59.45057144165039,None,59.45057144165039,None,59.45057144165039,None,,,,,,,,,
