﻿word,img,Session1.thisRepN,Session1.thisTrialN,Session1.thisN,Session1.thisIndex,Session2.thisRepN,Session2.thisTrialN,Session2.thisN,Session2.thisIndex,s2_engAJT_trials.thisRepN,s2_engAJT_trials.thisTrialN,s2_engAJT_trials.thisN,s2_engAJT_trials.thisIndex,S2_vocabPhase.thisRepN,S2_vocabPhase.thisTrialN,S2_vocabPhase.thisN,S2_vocabPhase.thisIndex,S2_vocabRep.thisRepN,S2_vocabRep.thisTrialN,S2_vocabRep.thisN,S2_vocabRep.thisIndex,S2_vocabLearnTrials.thisRepN,S2_vocabLearnTrials.thisTrialN,S2_vocabLearnTrials.thisN,S2_vocabLearnTrials.thisIndex,S2_vocabTestTrials.thisRepN,S2_vocabTestTrials.thisTrialN,S2_vocabTestTrials.thisN,S2_vocabTestTrials.thisIndex,too_fast_punish.thisRepN,too_fast_punish.thisTrialN,too_fast_punish.thisN,too_fast_punish.thisIndex,load_text.started,load_text.stopped,ajt_instr.started,ajt_instr.stopped,start_ajt.keys,start_ajt.rt,start_ajt.started,start_ajt.stopped,vocab_text.started,vocab_text.stopped,vocab_image.started,vocab_image.stopped,S2_vrepeat.started,S2_vrepeat.stopped,S2_vrepeat_key_resp.keys,S2_vrepeat_key_resp.rt,S2_vrepeat_key_resp.started,S2_vrepeat_key_resp.stopped,vtest_instr_text.started,vtest_instr_text.stopped,S2_vocabTest_resp,S2_vocabTest_resp.rts,S2_vtest_key_resp.keys,S2_vtest_key_resp.rt,S2_vtest_key_resp.started,S2_vtest_key_resp.stopped,S2_vtest_text.started,S2_vtest_text.stopped,S2_vtest_img.started,S2_vtest_img.stopped,S2_vtest_fb.started,S2_vtest_fb.stopped,participant,session,date,expName,psychopyVersion,frameRate,
lu neimo,brocanto/stims/to_use/pilot3.jpg,,,,,0,0,0,0,,,,,0,0,0,0,0,0,0,0,0,0,0,5,,,,,,,,,22.554268836975098,None,24.56836700439453,None,space,1.959238052368164,24.56836700439453,None,34.150033950805664,None,34.150033950805664,None,,,,,,,,,,,,,,,,,,,,,1,2,2022-10-15_21h24.39.362,memory and syntax,2022.1.1,60.07990018922221,
lu troise,brocanto/stims/to_use/janitor2.jpg,,,,,0,0,0,0,,,,,0,0,0,0,0,0,0,0,0,1,1,4,,,,,,,,,,,,,,,,,36.392159938812256,None,36.392159938812256,None,,,,,,,,,,,,,,,,,,,,,1,2,2022-10-15_21h24.39.362,memory and syntax,2022.1.1,60.07990018922221,
lu pleck,brocanto/stims/to_use/mechanic1.jpg,,,,,0,0,0,0,,,,,0,0,0,0,0,0,0,0,0,2,2,0,,,,,,,,,,,,,,,,,37.26282000541687,None,37.26282000541687,None,,,,,,,,,,,,,,,,,,,,,1,2,2022-10-15_21h24.39.362,memory and syntax,2022.1.1,60.07990018922221,
lu vode,brocanto/stims/to_use/chef1.jpg,,,,,0,0,0,0,,,,,0,0,0,0,0,0,0,0,0,3,3,3,,,,,,,,,,,,,,,,,39.18345093727112,None,39.18345093727112,None,,,,,,,,,,,,,,,,,,,,,1,2,2022-10-15_21h24.39.362,memory and syntax,2022.1.1,60.07990018922221,
lu blom,brocanto/stims/to_use/firefighter3.jpg,,,,,0,0,0,0,,,,,0,0,0,0,0,0,0,0,0,4,4,2,,,,,,,,,,,,,,,,,39.72582697868347,None,39.72582697868347,None,,,,,,,,,,,,,,,,,,,,,1,2,2022-10-15_21h24.39.362,memory and syntax,2022.1.1,60.07990018922221,
lu neep,brocanto/stims/to_use/doctor2.jpg,,,,,0,0,0,0,,,,,0,0,0,0,0,0,0,0,0,5,5,1,,,,,,,,,,,,,,,,,41.10107684135437,None,41.10107684135437,None,,,,,,,,,,,,,,,,,,,,,1,2,2022-10-15_21h24.39.362,memory and syntax,2022.1.1,60.07990018922221,
lu vode,brocanto/stims/to_use/chef1.jpg,,,,,0,0,0,0,,,,,0,0,0,0,0,0,0,0,1,0,6,3,,,,,,,,,,,,,,,,,42.956297874450684,None,42.956297874450684,None,,,,,,,,,,,,,,,,,,,,,1,2,2022-10-15_21h24.39.362,memory and syntax,2022.1.1,60.07990018922221,
lu pleck,brocanto/stims/to_use/mechanic1.jpg,,,,,0,0,0,0,,,,,0,0,0,0,0,0,0,0,1,1,7,0,,,,,,,,,,,,,,,,,43.872270822525024,None,43.872270822525024,None,,,,,,,,,,,,,,,,,,,,,1,2,2022-10-15_21h24.39.362,memory and syntax,2022.1.1,60.07990018922221,
lu blom,brocanto/stims/to_use/firefighter3.jpg,,,,,0,0,0,0,,,,,0,0,0,0,0,0,0,0,1,2,8,2,,,,,,,,,,,,,,,,,44.54494881629944,None,44.54494881629944,None,,,,,,,,,,,,,,,,,,,,,1,2,2022-10-15_21h24.39.362,memory and syntax,2022.1.1,60.07990018922221,
lu neep,brocanto/stims/to_use/doctor2.jpg,,,,,0,0,0,0,,,,,0,0,0,0,0,0,0,0,1,3,9,1,,,,,,,,,,,,,,,,,45.55275082588196,None,45.55275082588196,None,,,,,,,,,,,,,,,,,,,,,1,2,2022-10-15_21h24.39.362,memory and syntax,2022.1.1,60.07990018922221,
lu troise,brocanto/stims/to_use/janitor2.jpg,,,,,0,0,0,0,,,,,0,0,0,0,0,0,0,0,1,4,10,4,,,,,,,,,,,,,,,,,46.621906995773315,None,46.621906995773315,None,,,,,,,,,,,,,,,,,,,,,1,2,2022-10-15_21h24.39.362,memory and syntax,2022.1.1,60.07990018922221,
lu neimo,brocanto/stims/to_use/pilot3.jpg,,,,,0,0,0,0,,,,,0,0,0,0,0,0,0,0,1,5,11,5,,,,,,,,,,,,,,,,,47.95386099815369,None,47.95386099815369,None,,,,,,,,,,,,,,,,,,,,,1,2,2022-10-15_21h24.39.362,memory and syntax,2022.1.1,60.07990018922221,
lu pleck,brocanto/stims/to_use/mechanic1.jpg,,,,,0,0,0,0,,,,,0,0,0,0,,,,,,,,,0,0,0,0,,,,,,,,,,,,,,,,,48.61225891113281,None,t,1.3892090320587158,48.61225891113281,None,50.027806997299194,None,lu pleck,[6.582973957061768],"['l', 'u', 'space', 'n', 'backspace', 'backspace', 'u', 'space', 'p', 'l', 'e', 'c', 'k', 'backspace', 'backspace', 'e', 'c', 'k', 'return']","[0.9569289684295654, 1.2002089023590088, 1.353384017944336, 1.5240449905395508, 1.9178268909454346, 2.058845043182373, 2.5801990032196045, 2.778162956237793, 3.8179140090942383, 3.8816540241241455, 4.049921989440918, 4.25147008895874, 4.531893014907837, 5.02448296546936, 5.165877103805542, 5.5601301193237305, 5.90184211730957, 6.181162118911743, 6.582973957061768]",54.628379821777344,None,54.628379821777344,None,54.628379821777344,None,61.23445391654968,None,1,2,2022-10-15_21h24.39.362,memory and syntax,2022.1.1,60.07990018922221,
lu neep,brocanto/stims/to_use/doctor2.jpg,,,,,0,0,0,0,,,,,0,0,0,0,,,,,,,,,0,1,1,1,,,,,,,,,,,,,,,,,,,,,,,,,lu neep,[3.9361441135406494],"['l', 'u', 'space', 'n', 'e', 'e', 'p', 'backspace', 'e', 'p', 'return']","[0.9218142032623291, 1.1795921325683594, 1.592668056488037, 1.7784202098846436, 1.9142470359802246, 2.068521022796631, 2.1941990852355957, 2.977044105529785, 3.215481996536255, 3.4914259910583496, 3.9361441135406494]",62.71093392372131,None,62.71093392372131,None,62.71093392372131,None,66.67751789093018,None,1,2,2022-10-15_21h24.39.362,memory and syntax,2022.1.1,60.07990018922221,
lu blom,brocanto/stims/to_use/firefighter3.jpg,,,,,0,0,0,0,,,,,0,0,0,0,,,,,,,,,0,2,2,2,,,,,,,,,,,,,,,,,,,,,,,,,lu blom,[3.1418850421905518],"['l', 'u', 'space', 'b', 'l', 'o', 'm', 'return']","[1.9839520454406738, 2.231602907180786, 2.363286018371582, 2.5564050674438477, 2.6187570095062256, 2.7818288803100586, 2.8867108821868896, 3.1418850421905518]",67.68521881103516,None,67.68521881103516,None,67.68521881103516,None,70.84462881088257,None,1,2,2022-10-15_21h24.39.362,memory and syntax,2022.1.1,60.07990018922221,
,,,,,,,,,,,,,,,,,,,,,,,,,,,,,,,,,,,,,,,,,,,,,,,,,,,,,,,[4.273545980453491],None,,72.96205344200133,None,72.96205344200133,None,72.96205344200133,None,,,,,,,,,
