﻿word,img,Session1.thisRepN,Session1.thisTrialN,Session1.thisN,Session1.thisIndex,Session2.thisRepN,Session2.thisTrialN,Session2.thisN,Session2.thisIndex,S2_engAJT_block.thisRepN,S2_engAJT_block.thisTrialN,S2_engAJT_block.thisN,S2_engAJT_block.thisIndex,S2_vocabPhase.thisRepN,S2_vocabPhase.thisTrialN,S2_vocabPhase.thisN,S2_vocabPhase.thisIndex,S2_vocabRep.thisRepN,S2_vocabRep.thisTrialN,S2_vocabRep.thisN,S2_vocabRep.thisIndex,S2_vocabLearnTrials.thisRepN,S2_vocabLearnTrials.thisTrialN,S2_vocabLearnTrials.thisN,S2_vocabLearnTrials.thisIndex,S2_vocabTestTrials.thisRepN,S2_vocabTestTrials.thisTrialN,S2_vocabTestTrials.thisN,S2_vocabTestTrials.thisIndex,too_fast_punish.thisRepN,too_fast_punish.thisTrialN,too_fast_punish.thisN,too_fast_punish.thisIndex,brocanto_story.started,start_brocanto.started,vocab_learn_begin.started,vocab_text.started,key_resp.started,vocab_image.started,S2_vrepeat.started,S2_vrepeat_key_resp.started,S2_vrepeat_key_resp.keys,S2_vrepeat_key_resp.rt,vtest_instr_text.started,vtest_begin.started,answerbox.started,S2_vocabTest_resp,S2_vocabTest_rts,S2_vtest_key_resp.started,S2_vtest_text.started,S2_vtest_img.started,S2_vtest_key_resp.keys,S2_vtest_key_resp.rt,S2_vtest_fb.started,participant,session,date,expName,psychopyVersion,frameRate,
lu vode,brocanto/stims/to_use/chef1.jpg,,,,,0,0,0,0,,,,,0,0,0,0,0,0,0,0,0,0,0,3,,,,,,,,,10.824164799996652,10.824164799996652,11.49518430000171,12.165460199990775,12.165460199990775,12.165460199990775,,,,,,,,,,,,,,,,1,2,2023-02-20_17h40.38.018,Memory and Syntax,2022.2.5,70.02188184064296,
lu blom,brocanto/stims/to_use/firefighter3.jpg,,,,,0,0,0,0,,,,,0,0,0,0,0,0,0,0,0,1,1,2,,,,,,,,,,,,12.763126699996064,12.763126699996064,12.763126699996064,,,,,,,,,,,,,,,,1,2,2023-02-20_17h40.38.018,Memory and Syntax,2022.2.5,70.02188184064296,
lu pleck,brocanto/stims/to_use/mechanic1.jpg,,,,,0,0,0,0,,,,,0,0,0,0,0,0,0,0,0,2,2,0,,,,,,,,,,,,13.278591499998583,13.278591499998583,13.278591499998583,,,,,,,,,,,,,,,,1,2,2023-02-20_17h40.38.018,Memory and Syntax,2022.2.5,70.02188184064296,
lu neimo,brocanto/stims/to_use/pilot3.jpg,,,,,0,0,0,0,,,,,0,0,0,0,0,0,0,0,0,3,3,5,,,,,,,,,,,,13.818199400004232,13.818199400004232,13.818199400004232,,,,,,,,,,,,,,,,1,2,2023-02-20_17h40.38.018,Memory and Syntax,2022.2.5,70.02188184064296,
lu neep,brocanto/stims/to_use/doctor2.png,,,,,0,0,0,0,,,,,0,0,0,0,0,0,0,0,0,4,4,1,,,,,,,,,,,,14.385837599998922,14.385837599998922,14.385837599998922,,,,,,,,,,,,,,,,1,2,2023-02-20_17h40.38.018,Memory and Syntax,2022.2.5,70.02188184064296,
lu troise,brocanto/stims/to_use/janitor2.jpg,,,,,0,0,0,0,,,,,0,0,0,0,0,0,0,0,0,5,5,4,,,,,,,,,,,,14.942703099994105,14.942703099994105,14.942703099994105,,,,,,,,,,,,,,,,1,2,2023-02-20_17h40.38.018,Memory and Syntax,2022.2.5,70.02188184064296,
lu neimo,brocanto/stims/to_use/pilot3.jpg,,,,,0,0,0,0,,,,,0,0,0,0,0,0,0,0,1,0,6,5,,,,,,,,,,,,15.552485199994408,15.552485199994408,15.552485199994408,,,,,,,,,,,,,,,,1,2,2023-02-20_17h40.38.018,Memory and Syntax,2022.2.5,70.02188184064296,
lu blom,brocanto/stims/to_use/firefighter3.jpg,,,,,0,0,0,0,,,,,0,0,0,0,0,0,0,0,1,1,7,2,,,,,,,,,,,,16.152119699996547,16.152119699996547,16.152119699996547,,,,,,,,,,,,,,,,1,2,2023-02-20_17h40.38.018,Memory and Syntax,2022.2.5,70.02188184064296,
lu pleck,brocanto/stims/to_use/mechanic1.jpg,,,,,0,0,0,0,,,,,0,0,0,0,0,0,0,0,1,2,8,0,,,,,,,,,,,,16.7239830000035,16.7239830000035,16.7239830000035,,,,,,,,,,,,,,,,1,2,2023-02-20_17h40.38.018,Memory and Syntax,2022.2.5,70.02188184064296,
lu neep,brocanto/stims/to_use/doctor2.png,,,,,0,0,0,0,,,,,0,0,0,0,0,0,0,0,1,3,9,1,,,,,,,,,,,,17.305655000003753,17.305655000003753,17.305655000003753,,,,,,,,,,,,,,,,1,2,2023-02-20_17h40.38.018,Memory and Syntax,2022.2.5,70.02188184064296,
lu troise,brocanto/stims/to_use/janitor2.jpg,,,,,0,0,0,0,,,,,0,0,0,0,0,0,0,0,1,4,10,4,,,,,,,,,,,,17.84973539999919,17.84973539999919,17.84973539999919,,,,,,,,,,,,,,,,1,2,2023-02-20_17h40.38.018,Memory and Syntax,2022.2.5,70.02188184064296,
lu vode,brocanto/stims/to_use/chef1.jpg,,,,,0,0,0,0,,,,,0,0,0,0,0,0,0,0,1,5,11,3,,,,,,,,,,,,18.38813609999488,18.38813609999488,18.38813609999488,,,,,,,,,,,,,,,,1,2,2023-02-20_17h40.38.018,Memory and Syntax,2022.2.5,70.02188184064296,
lu pleck,brocanto/stims/to_use/mechanic1.jpg,,,,,0,0,0,0,,,,,0,0,0,0,,,,,,,,,0,0,0,0,,,,,,,,,,,18.926820099994075,18.926820099994075,t,1.3704609999986133,20.322532199992565,20.322532199992565,21.258103600004688,lu pleck,"[10.741122700012056, 0.21215709998796228, 11.212995300025796, 0.5202456999832066, 12.037045000019134, 1.6860955999873113, 12.383206200014683, 1.898019199987175, 12.929151200019987, 2.3379852999933064, 13.433166500020889, 2.4220098999794573, 13.921227700033342, 2.6539834999712184, 14.507180800035712, 8.888613199975225]",21.258103600004688,21.258103600004688,21.258103600004688,"['l', 'u', 'space', 'semicolon', 'backspace', 'space', 'backspace', 'p', 'backspace', 'space', 'p', 'l', 'e', 'c', 'k', 'return']","[10.741122700012056, 10.953279800000018, 11.425152400013758, 11.733241000009002, 12.55729070000234, 13.723140600006445, 14.069301800001995, 14.281225400001858, 14.827170400007162, 15.267136500013294, 15.771151800014195, 15.855176400000346, 16.3432376000128, 16.57521120000456, 17.16116430000693, 23.395794000010937]",44.66883329999109,1,2,2023-02-20_17h40.38.018,Memory and Syntax,2022.2.5,70.02188184064296,
,,,,,,,,,,,,,,,,,,,,,,,,,,,,,,,,,,,,,,,,,,,,,,45.68428819999099,Type response now,[],45.68428819999099,45.68428819999099,45.68428819999099,,,,,,,,,,
